date,mean_abs_correlation_60d,connectedness_60d
2010-01-04,,
2010-01-05,,
2010-01-06,,
2010-01-07,,
2010-01-08,,
2010-01-11,,
2010-01-12,,
2010-01-13,,
2010-01-14,,
2010-01-15,,
2010-01-18,,
2010-01-19,,
2010-01-20,,
2010-01-21,,
2010-01-22,,
2010-01-25,,
2010-01-27,,
2010-01-28,,
2010-01-29,,
2010-02-01,,
2010-02-02,,
2010-02-03,,
2010-02-04,,
2010-02-05,,
2010-02-08,,
2010-02-09,,
2010-02-10,,
2010-02-11,,
2010-02-15,,
2010-02-16,,
2010-02-17,,
2010-02-18,,
2010-02-19,,
2010-02-22,,
2010-02-23,,
2010-02-24,,
2010-02-25,,
2010-02-26,,
2010-03-02,,
2010-03-03,,
2010-03-04,,
2010-03-05,,
2010-03-08,,
2010-03-09,,
2010-03-10,,
2010-03-11,,
2010-03-12,,
2010-03-15,,
2010-03-16,,
2010-03-17,,
2010-03-18,,
2010-03-19,,
2010-03-22,,
2010-03-23,,
2010-03-25,,
2010-03-26,,
2010-03-29,,
2010-03-30,,
2010-03-31,,
2010-04-01,,
2010-04-05,0.46872730503114646,0.46872730503114646
2010-04-06,0.46646515153402507,0.46646515153402507
2010-04-07,0.46415669981020374,0.46415669981020374
2010-04-08,0.45952336404441574,0.45952336404441574
2010-04-09,0.4640347924536823,0.4640347924536823
2010-04-12,0.46230332013736036,0.46230332013736036
2010-04-13,0.455115046368237,0.455115046368237
2010-04-15,0.4472749208616841,0.4472749208616841
2010-04-16,0.4510282645434167,0.4510282645434167
2010-04-19,0.4428896549104094,0.4428896549104094
2010-04-20,0.44927326576937954,0.44927326576937954
2010-04-21,0.4534905400102772,0.4534905400102772
2010-04-22,0.44895071473597054,0.44895071473597054
2010-04-23,0.4359614464875668,0.4359614464875668
2010-04-26,0.4146836946755074,0.4146836946755074
2010-04-27,0.4100175653405114,0.4100175653405114
2010-04-28,0.40361011818524467,0.40361011818524467
2010-04-29,0.40849165669103293,0.40849165669103293
2010-04-30,0.3966081290975571,0.3966081290975571
2010-05-03,0.3887500016592614,0.3887500016592614
2010-05-04,0.414529611346254,0.414529611346254
2010-05-05,0.4121103083251739,0.4121103083251739
2010-05-06,0.35054941236374787,0.35054941236374787
2010-05-07,0.34374428690465836,0.34374428690465836
2010-05-10,0.3792959361014806,0.3792959361014806
2010-05-11,0.3679417847073852,0.3679417847073852
2010-05-12,0.3690342235871087,0.3690342235871087
2010-05-13,0.36339335513198945,0.36339335513198945
2010-05-14,0.38132769019662194,0.38132769019662194
2010-05-17,0.36453991626703736,0.36453991626703736
2010-05-18,0.36482182036308985,0.36482182036308985
2010-05-19,0.388486141977453,0.388486141977453
2010-05-20,0.38634703851968044,0.38634703851968044
2010-05-21,0.3801729315476572,0.3801729315476572
2010-05-24,0.37761041368390474,0.37761041368390474
2010-05-25,0.3693052751454252,0.3693052751454252
2010-05-26,0.3755202829042686,0.3755202829042686
2010-05-27,0.38494154735779823,0.38494154735779823
2010-05-28,0.3727289451674391,0.3727289451674391
2010-05-31,0.37096230069743613,0.37096230069743613
2010-06-01,0.3753970038630016,0.3753970038630016
2010-06-02,0.3802819266394071,0.3802819266394071
2010-06-03,0.3808279218731509,0.3808279218731509
2010-06-04,0.37722027685407616,0.37722027685407616
2010-06-07,0.3764495208207345,0.3764495208207345
2010-06-08,0.37392967904593605,0.37392967904593605
2010-06-09,0.3733174411045596,0.3733174411045596
2010-06-10,0.38143951239402857,0.38143951239402857
2010-06-11,0.37883045426188444,0.37883045426188444
2010-06-14,0.37771607404020224,0.37771607404020224
2010-06-15,0.37774215090179275,0.37774215090179275
2010-06-16,0.3787683907224791,0.3787683907224791
2010-06-17,0.38231924361400277,0.38231924361400277
2010-06-18,0.3815396697410496,0.3815396697410496
2010-06-21,0.383455017036924,0.383455017036924
2010-06-22,0.38829851138589805,0.38829851138589805
2010-06-23,0.3889672244184614,0.3889672244184614
2010-06-24,0.389784652123507,0.389784652123507
2010-06-25,0.3882628487490909,0.3882628487490909
2010-06-28,0.38884540513080185,0.38884540513080185
2010-06-29,0.39720105051137916,0.39720105051137916
2010-06-30,0.39550076235031334,0.39550076235031334
2010-07-01,0.38827935653450885,0.38827935653450885
2010-07-02,0.3921576673170939,0.3921576673170939
2010-07-05,0.392622979315146,0.392622979315146
2010-07-06,0.39801565580560017,0.39801565580560017
2010-07-07,0.386931681206425,0.386931681206425
2010-07-08,0.39750272357215577,0.39750272357215577
2010-07-09,0.40113808793185995,0.40113808793185995
2010-07-12,0.4043101438880699,0.4043101438880699
2010-07-13,0.40181407271202735,0.40181407271202735
2010-07-14,0.40219701872367025,0.40219701872367025
2010-07-15,0.4036084235125406,0.4036084235125406
2010-07-16,0.39873923867624,0.39873923867624
2010-07-19,0.3929184001469028,0.3929184001469028
2010-07-20,0.3738777776788979,0.3738777776788979
2010-07-21,0.3791763415151301,0.3791763415151301
2010-07-22,0.3775540184711472,0.3775540184711472
2010-07-23,0.38342786343819735,0.38342786343819735
2010-07-26,0.388394632212914,0.388394632212914
2010-07-27,0.39260719422751816,0.39260719422751816
2010-07-28,0.39983722772923497,0.39983722772923497
2010-07-29,0.38088037637647904,0.38088037637647904
2010-07-30,0.3741207367144692,0.3741207367144692
2010-08-02,0.3484330373309237,0.3484330373309237
2010-08-03,0.34728328801455605,0.34728328801455605
2010-08-04,0.34456462700443924,0.34456462700443924
2010-08-05,0.34368157534682486,0.34368157534682486
2010-08-06,0.32795238500681123,0.32795238500681123
2010-08-09,0.32833589813825453,0.32833589813825453
2010-08-10,0.3295241159339342,0.3295241159339342
2010-08-11,0.33590494820383643,0.33590494820383643
2010-08-12,0.34064301668583385,0.34064301668583385
2010-08-13,0.34436464975755554,0.34436464975755554
2010-08-16,0.3469650465916515,0.3469650465916515
2010-08-17,0.35361148116470875,0.35361148116470875
2010-08-18,0.3569467792903217,0.3569467792903217
2010-08-19,0.32678170321811395,0.32678170321811395
2010-08-20,0.3361451473909202,0.3361451473909202
2010-08-23,0.3366434706483826,0.3366434706483826
2010-08-24,0.3066386873136378,0.3066386873136378
2010-08-25,0.2907906729362165,0.2907906729362165
2010-08-26,0.2754842808425596,0.2754842808425596
2010-08-27,0.256151319446776,0.256151319446776
2010-08-30,0.2516443857489457,0.2516443857489457
2010-08-31,0.2519363239246117,0.2519363239246117
2010-09-01,0.2582974370377543,0.2582974370377543
2010-09-02,0.24899087338053683,0.24899087338053683
2010-09-03,0.24807302668880665,0.24807302668880665
2010-09-06,0.2417894547515363,0.2417894547515363
2010-09-07,0.2278150847487669,0.2278150847487669
2010-09-08,0.22998571408880783,0.22998571408880783
2010-09-09,0.22809503452637678,0.22809503452637678
2010-09-13,0.2258675483155148,0.2258675483155148
2010-09-14,0.22059972329908722,0.22059972329908722
2010-09-15,0.20825456759535768,0.20825456759535768
2010-09-16,0.20805692695940797,0.20805692695940797
2010-09-17,0.20592747602754027,0.20592747602754027
2010-09-20,0.20399059567588845,0.20399059567588845
2010-09-21,0.20547501786412103,0.20547501786412103
2010-09-22,0.19386093235701662,0.19386093235701662
2010-09-23,0.1932042510210301,0.1932042510210301
2010-09-24,0.1924886014277539,0.1924886014277539
2010-09-27,0.1928417120381847,0.1928417120381847
2010-09-28,0.19104021411243124,0.19104021411243124
2010-09-29,0.18347196696504892,0.18347196696504892
2010-09-30,0.19164468672305957,0.19164468672305957
2010-10-01,0.19044538374876852,0.19044538374876852
2010-10-04,0.19084048932809522,0.19084048932809522
2010-10-05,0.19872503315594636,0.19872503315594636
2010-10-06,0.19557077563191008,0.19557077563191008
2010-10-07,0.19694241734339712,0.19694241734339712
2010-10-08,0.1976249006133829,0.1976249006133829
2010-10-11,0.1909017341015942,0.1909017341015942
2010-10-12,0.1893150452115053,0.1893150452115053
2010-10-13,0.18874526063548086,0.18874526063548086
2010-10-14,0.1912515092555593,0.1912515092555593
2010-10-15,0.18437893236517744,0.18437893236517744
2010-10-18,0.18278775819380416,0.18278775819380416
2010-10-19,0.2175713193154706,0.2175713193154706
2010-10-20,0.21380957207690202,0.21380957207690202
2010-10-21,0.20138098248905387,0.20138098248905387
2010-10-22,0.2017298847077009,0.2017298847077009
2010-10-25,0.2041816068577011,0.2041816068577011
2010-10-26,0.18970678072865996,0.18970678072865996
2010-10-27,0.19570545532609435,0.19570545532609435
2010-10-28,0.19423975988498235,0.19423975988498235
2010-10-29,0.1926085225073401,0.1926085225073401
2010-11-01,0.19039381499055938,0.19039381499055938
2010-11-02,0.19082049803102596,0.19082049803102596
2010-11-03,0.1838730629941421,0.1838730629941421
2010-11-04,0.19919264007843143,0.19919264007843143
2010-11-08,0.20193828988114754,0.20193828988114754
2010-11-09,0.2011258410221101,0.2011258410221101
2010-11-10,0.2003846145595592,0.2003846145595592
2010-11-11,0.201470451855223,0.201470451855223
2010-11-12,0.24274031492581633,0.24274031492581633
2010-11-15,0.2486129406232082,0.2486129406232082
2010-11-16,0.27479628487162255,0.27479628487162255
2010-11-18,0.27453656931492265,0.27453656931492265
2010-11-19,0.2727667783411108,0.2727667783411108
2010-11-22,0.2746020743734271,0.2746020743734271
2010-11-23,0.28277640303191787,0.28277640303191787
2010-11-24,0.28809102975369383,0.28809102975369383
2010-11-25,0.28760850610429545,0.28760850610429545
2010-11-26,0.29920698630724124,0.29920698630724124
2010-11-29,0.29655733746600876,0.29655733746600876
2010-11-30,0.2898748506899984,0.2898748506899984
2010-12-01,0.3043272119169241,0.3043272119169241
2010-12-02,0.310922275859219,0.310922275859219
2010-12-03,0.3176801056768489,0.3176801056768489
2010-12-06,0.31810948104249015,0.31810948104249015
2010-12-07,0.3187885216350438,0.3187885216350438
2010-12-08,0.3309631805683355,0.3309631805683355
2010-12-09,0.32621696571789716,0.32621696571789716
2010-12-10,0.32332315777463855,0.32332315777463855
2010-12-13,0.322676790777217,0.322676790777217
2010-12-14,0.32300308749960205,0.32300308749960205
2010-12-15,0.32926500590162533,0.32926500590162533
2010-12-16,0.32001010691397797,0.32001010691397797
2010-12-20,0.32249953400360376,0.32249953400360376
2010-12-21,0.3243497747508577,0.3243497747508577
2010-12-22,0.3191967586338213,0.3191967586338213
2010-12-23,0.3160811877437536,0.3160811877437536
2010-12-24,0.3169635005300508,0.3169635005300508
2010-12-27,0.32114209823115425,0.32114209823115425
2010-12-28,0.3269494957513118,0.3269494957513118
2010-12-29,0.3227447090735912,0.3227447090735912
2010-12-30,0.3216155485803785,0.3216155485803785
2010-12-31,0.31718612843201816,0.31718612843201816
2011-01-03,0.31506719313679116,0.31506719313679116
2011-01-04,0.30994366929872097,0.30994366929872097
2011-01-05,0.30376959627693506,0.30376959627693506
2011-01-06,0.30800191636507873,0.30800191636507873
2011-01-07,0.3100873191038282,0.3100873191038282
2011-01-10,0.2997756273594941,0.2997756273594941
2011-01-11,0.30253094783481604,0.30253094783481604
2011-01-12,0.3104490951376868,0.3104490951376868
2011-01-13,0.3089167911305542,0.3089167911305542
2011-01-14,0.285913212922913,0.285913212922913
2011-01-17,0.2904891197029849,0.2904891197029849
2011-01-18,0.29764885999075763,0.29764885999075763
2011-01-19,0.29312254959892764,0.29312254959892764
2011-01-20,0.2943656582498433,0.2943656582498433
2011-01-21,0.2940539416673384,0.2940539416673384
2011-01-24,0.2876916188912627,0.2876916188912627
2011-01-25,0.2896256619461429,0.2896256619461429
2011-01-27,0.28230198537839984,0.28230198537839984
2011-01-28,0.2708123238067136,0.2708123238067136
2011-01-31,0.2687369467844066,0.2687369467844066
2011-02-01,0.2644412007510388,0.2644412007510388
2011-02-02,0.2369001037476868,0.2369001037476868
2011-02-03,0.2403310741375713,0.2403310741375713
2011-02-04,0.24188906643943908,0.24188906643943908
2011-02-07,0.2413951370280481,0.2413951370280481
2011-02-08,0.23625273165320038,0.23625273165320038
2011-02-09,0.19717339082409627,0.19717339082409627
2011-02-10,0.20344135785071688,0.20344135785071688
2011-02-11,0.18245741637070764,0.18245741637070764
2011-02-14,0.18705128172534136,0.18705128172534136
2011-02-15,0.18697993350131217,0.18697993350131217
2011-02-16,0.19062990533444624,0.19062990533444624
2011-02-17,0.17367026168478752,0.17367026168478752
2011-02-18,0.1757215629629949,0.1757215629629949
2011-02-21,0.18112717021300934,0.18112717021300934
2011-02-22,0.1662892430293509,0.1662892430293509
2011-02-23,0.17795408903538915,0.17795408903538915
2011-02-24,0.17749597602567452,0.17749597602567452
2011-02-25,0.18295397676436118,0.18295397676436118
2011-02-28,0.1931433704995738,0.1931433704995738
2011-03-01,0.19680209867679369,0.19680209867679369
2011-03-03,0.1974080787996205,0.1974080787996205
2011-03-04,0.19801112399716952,0.19801112399716952
2011-03-07,0.19525080539701584,0.19525080539701584
2011-03-08,0.2022089427841048,0.2022089427841048
2011-03-09,0.19971273076961887,0.19971273076961887
2011-03-10,0.1914407551948675,0.1914407551948675
2011-03-11,0.18664784878006668,0.18664784878006668
2011-03-14,0.18540037461258577,0.18540037461258577
2011-03-15,0.20202563488790903,0.20202563488790903
2011-03-16,0.2031175441547363,0.2031175441547363
2011-03-17,0.18720829008349374,0.18720829008349374
2011-03-18,0.18491336063352865,0.18491336063352865
2011-03-21,0.18457481554973482,0.18457481554973482
2011-03-22,0.18262682599873672,0.18262682599873672
2011-03-23,0.18308766379880786,0.18308766379880786
2011-03-24,0.18433974032384415,0.18433974032384415
2011-03-25,0.18362625934592172,0.18362625934592172
2011-03-28,0.18344218291935896,0.18344218291935896
2011-03-29,0.18233312658846262,0.18233312658846262
2011-03-30,0.1818870660220783,0.1818870660220783
2011-03-31,0.1827524353709395,0.1827524353709395
2011-04-01,0.18365877866438277,0.18365877866438277
2011-04-04,0.18555847141203424,0.18555847141203424
2011-04-05,0.17929006122463986,0.17929006122463986
2011-04-06,0.18270409566654314,0.18270409566654314
2011-04-07,0.18285589618260792,0.18285589618260792
2011-04-08,0.18419710026354322,0.18419710026354322
2011-04-11,0.1837119994485573,0.1837119994485573
2011-04-13,0.17457131225713218,0.17457131225713218
2011-04-15,0.16553734570347728,0.16553734570347728
2011-04-18,0.1639606150212456,0.1639606150212456
2011-04-19,0.16601264246047037,0.16601264246047037
2011-04-20,0.17143351561435805,0.17143351561435805
2011-04-21,0.17397233421476455,0.17397233421476455
2011-04-25,0.17345908394239884,0.17345908394239884
2011-04-26,0.1658813754710105,0.1658813754710105
2011-04-27,0.17168307666610852,0.17168307666610852
2011-04-28,0.16210648253740917,0.16210648253740917
2011-04-29,0.1650548476468584,0.1650548476468584
2011-05-02,0.1687145505253437,0.1687145505253437
2011-05-03,0.17336753099543237,0.17336753099543237
2011-05-04,0.17269333710739213,0.17269333710739213
2011-05-05,0.18236146023028393,0.18236146023028393
2011-05-06,0.18271871078467403,0.18271871078467403
2011-05-09,0.1866895115718664,0.1866895115718664
2011-05-10,0.1861423519850977,0.1861423519850977
2011-05-11,0.19021023864001155,0.19021023864001155
2011-05-12,0.18741896142342215,0.18741896142342215
2011-05-13,0.1855960584368075,0.1855960584368075
2011-05-16,0.18985490200545926,0.18985490200545926
2011-05-17,0.18807313734731373,0.18807313734731373
2011-05-18,0.19216248956743165,0.19216248956743165
2011-05-19,0.19099667393483022,0.19099667393483022
2011-05-20,0.18554974304845656,0.18554974304845656
2011-05-23,0.20595504443103319,0.20595504443103319
2011-05-24,0.2141608497384024,0.2141608497384024
2011-05-25,0.21026359507995435,0.21026359507995435
2011-05-26,0.21772513354406411,0.21772513354406411
2011-05-27,0.22101312103273094,0.22101312103273094
2011-05-30,0.2402429421485079,0.2402429421485079
2011-06-01,0.22338814251773387,0.22338814251773387
2011-06-02,0.2290776009014702,0.2290776009014702
2011-06-03,0.22485883032815387,0.22485883032815387
2011-06-06,0.2294138760357057,0.2294138760357057
2011-06-07,0.23034009421675283,0.23034009421675283
2011-06-08,0.22728238975771936,0.22728238975771936
2011-06-09,0.23381095224057344,0.23381095224057344
2011-06-10,0.23378987526323142,0.23378987526323142
2011-06-13,0.20455056055732848,0.20455056055732848
2011-06-14,0.2141689101970601,0.2141689101970601
2011-06-15,0.215799044863288,0.215799044863288
2011-06-16,0.22051325136174024,0.22051325136174024
2011-06-17,0.21698702545799653,0.21698702545799653
2011-06-20,0.20615570261603666,0.20615570261603666
2011-06-21,0.20480946394050364,0.20480946394050364
2011-06-22,0.20585682359121454,0.20585682359121454
2011-06-23,0.2066219442852233,0.2066219442852233
2011-06-24,0.2078468715002863,0.2078468715002863
2011-06-27,0.21026763769418966,0.21026763769418966
2011-06-28,0.21583426864918256,0.21583426864918256
2011-06-29,0.21910979478624096,0.21910979478624096
2011-06-30,0.21706199201815968,0.21706199201815968
2011-07-01,0.2049284780350878,0.2049284780350878
2011-07-04,0.20358889417592105,0.20358889417592105
2011-07-05,0.2047167678065903,0.2047167678065903
2011-07-06,0.20463096004382275,0.20463096004382275
2011-07-07,0.20997826122514904,0.20997826122514904
2011-07-08,0.2118540615739574,0.2118540615739574
2011-07-11,0.21223862880958733,0.21223862880958733
2011-07-12,0.2189803226280953,0.2189803226280953
2011-07-13,0.2156605142294675,0.2156605142294675
2011-07-15,0.21379931429198226,0.21379931429198226
2011-07-18,0.20339629191579434,0.20339629191579434
2011-07-19,0.2047217176345969,0.2047217176345969
2011-07-20,0.20404543655261728,0.20404543655261728
2011-07-21,0.2028242578493967,0.2028242578493967
2011-07-22,0.2054116780900973,0.2054116780900973
2011-07-25,0.20140198111874258,0.20140198111874258
2011-07-26,0.20233737576582347,0.20233737576582347
2011-07-27,0.20097263736071352,0.20097263736071352
2011-07-28,0.19493526996375776,0.19493526996375776
2011-07-29,0.19894653825525344,0.19894653825525344
2011-08-01,0.18698675266360323,0.18698675266360323
2011-08-02,0.19320200033957283,0.19320200033957283
2011-08-03,0.19178456986000939,0.19178456986000939
2011-08-04,0.21585192393427205,0.21585192393427205
2011-08-05,0.20405810048832024,0.20405810048832024
2011-08-08,0.2801804386768902,0.2801804386768902
2011-08-09,0.25489178619707814,0.25489178619707814
2011-08-10,0.21980744442975722,0.21980744442975722
2011-08-11,0.2211424070624157,0.2211424070624157
2011-08-12,0.21751065589979074,0.21751065589979074
2011-08-16,0.20887973472292654,0.20887973472292654
2011-08-17,0.21041228566955336,0.21041228566955336
2011-08-18,0.22572247726241873,0.22572247726241873
2011-08-19,0.23498191685134295,0.23498191685134295
2011-08-22,0.23181921577477552,0.23181921577477552
2011-08-23,0.2417051938385454,0.2417051938385454
2011-08-24,0.22526969592817586,0.22526969592817586
2011-08-25,0.22558871578248335,0.22558871578248335
2011-08-26,0.22452000137721606,0.22452000137721606
2011-08-29,0.23270056166986852,0.23270056166986852
2011-08-30,0.23283068386285238,0.23283068386285238
2011-09-02,0.22750931162185145,0.22750931162185145
2011-09-05,0.2240808950443121,0.2240808950443121
2011-09-06,0.22233457724050812,0.22233457724050812
2011-09-07,0.23360503382005987,0.23360503382005987
2011-09-08,0.23401358053160853,0.23401358053160853
2011-09-09,0.23837904760282128,0.23837904760282128
2011-09-12,0.23459464427875854,0.23459464427875854
2011-09-13,0.22876183779945491,0.22876183779945491
2011-09-14,0.22785913320591014,0.22785913320591014
2011-09-15,0.23782006982300685,0.23782006982300685
2011-09-16,0.23853391914596128,0.23853391914596128
2011-09-19,0.2294301275787572,0.2294301275787572
2011-09-20,0.22489715304307026,0.22489715304307026
2011-09-21,0.23833556332182498,0.23833556332182498
2011-09-22,0.2695150190564108,0.2695150190564108
2011-09-23,0.2811405876609951,0.2811405876609951
2011-09-26,0.2783583263847295,0.2783583263847295
2011-09-27,0.28159407061673186,0.28159407061673186
2011-09-28,0.27606581596497154,0.27606581596497154
2011-09-29,0.2781950450244151,0.2781950450244151
2011-09-30,0.2793029738664363,0.2793029738664363
2011-10-03,0.27945422081988963,0.27945422081988963
2011-10-04,0.2781984422053999,0.2781984422053999
2011-10-05,0.27905002415681235,0.27905002415681235
2011-10-07,0.28254881221603473,0.28254881221603473
2011-10-10,0.29024775321291213,0.29024775321291213
2011-10-11,0.290584538333196,0.290584538333196
2011-10-12,0.28949827937889844,0.28949827937889844
2011-10-13,0.2887300981584507,0.2887300981584507
2011-10-14,0.2910491084177795,0.2910491084177795
2011-10-17,0.2897129060435984,0.2897129060435984
2011-10-18,0.28943825180425004,0.28943825180425004
2011-10-19,0.28055177417394056,0.28055177417394056
2011-10-20,0.2754613852125972,0.2754613852125972
2011-10-21,0.2757421161249993,0.2757421161249993
2011-10-24,0.2793832566976527,0.2793832566976527
2011-10-25,0.2827347278235095,0.2827347278235095
2011-10-28,0.28111687520296447,0.28111687520296447
2011-10-31,0.2798123530768393,0.2798123530768393
2011-11-01,0.28076796660482756,0.28076796660482756
2011-11-02,0.2796423333820739,0.2796423333820739
2011-11-03,0.28231243354710134,0.28231243354710134
2011-11-04,0.27585073382640835,0.27585073382640835
2011-11-08,0.27998546081149855,0.27998546081149855
2011-11-09,0.27010752469274407,0.27010752469274407
2011-11-11,0.29089846545266473,0.29089846545266473
2011-11-14,0.31455349270412336,0.31455349270412336
2011-11-15,0.31728165008126835,0.31728165008126835
2011-11-16,0.31846202884124736,0.31846202884124736
2011-11-17,0.32558734928207533,0.32558734928207533
2011-11-18,0.3241860928150446,0.3241860928150446
2011-11-21,0.3250998988630223,0.3250998988630223
2011-11-22,0.326272384702428,0.326272384702428
2011-11-23,0.33097392497615286,0.33097392497615286
2011-11-25,0.3330540095769142,0.3330540095769142
2011-11-28,0.3498428727514001,0.3498428727514001
2011-11-29,0.35098301173835755,0.35098301173835755
2011-11-30,0.36478738872420996,0.36478738872420996
2011-12-01,0.36422831474581063,0.36422831474581063
2011-12-02,0.36228169386482,0.36228169386482
2011-12-05,0.36656545231601156,0.36656545231601156
2011-12-07,0.36613619714851575,0.36613619714851575
2011-12-08,0.37574369888551923,0.37574369888551923
2011-12-09,0.3766162421839926,0.3766162421839926
2011-12-12,0.3787129449090119,0.3787129449090119
2011-12-13,0.37181922071693396,0.37181922071693396
2011-12-14,0.3749045785683815,0.3749045785683815
2011-12-15,0.3753431783293095,0.3753431783293095
2011-12-16,0.36847404066806383,0.36847404066806383
2011-12-19,0.37142781714222084,0.37142781714222084
2011-12-20,0.37322052152998103,0.37322052152998103
2011-12-21,0.37174783083359303,0.37174783083359303
2011-12-22,0.37743863277597506,0.37743863277597506
2011-12-23,0.3802790444395517,0.3802790444395517
2011-12-27,0.34669692738622837,0.34669692738622837
2011-12-28,0.34902713035938576,0.34902713035938576
2011-12-29,0.35317315258414644,0.35317315258414644
2011-12-30,0.3420983181244966,0.3420983181244966
2012-01-03,0.34059562733637505,0.34059562733637505
2012-01-04,0.3392829580961341,0.3392829580961341
2012-01-05,0.33669446853745,0.33669446853745
2012-01-06,0.3416006921507599,0.3416006921507599
2012-01-09,0.35130064252384396,0.35130064252384396
2012-01-10,0.35335168702529024,0.35335168702529024
2012-01-11,0.35481897127903617,0.35481897127903617
2012-01-12,0.34140820178166215,0.34140820178166215
2012-01-13,0.34241113677676865,0.34241113677676865
2012-01-16,0.33871929248325383,0.33871929248325383
2012-01-17,0.3381322325415058,0.3381322325415058
2012-01-18,0.32657350408607744,0.32657350408607744
2012-01-19,0.32498864065180233,0.32498864065180233
2012-01-20,0.3283874335392283,0.3283874335392283
2012-01-23,0.3437196139420318,0.3437196139420318
2012-01-24,0.34848695343064734,0.34848695343064734
2012-01-25,0.34865320062705707,0.34865320062705707
2012-01-27,0.3360868763845978,0.3360868763845978
2012-01-30,0.35867997928543105,0.35867997928543105
2012-01-31,0.3514808574482675,0.3514808574482675
2012-02-01,0.3367891532896894,0.3367891532896894
2012-02-02,0.3302761315257224,0.3302761315257224
2012-02-03,0.33103889411777854,0.33103889411777854
2012-02-06,0.32583233657485866,0.32583233657485866
2012-02-07,0.3271846389899528,0.3271846389899528
2012-02-08,0.32351932434561265,0.32351932434561265
2012-02-09,0.31435090939232685,0.31435090939232685
2012-02-10,0.3318498298576081,0.3318498298576081
2012-02-13,0.32878895906785893,0.32878895906785893
2012-02-14,0.32918607993750076,0.32918607993750076
2012-02-15,0.32455327134371,0.32455327134371
2012-02-16,0.3002596700026463,0.3002596700026463
2012-02-17,0.3001233713013019,0.3001233713013019
2012-02-21,0.27973746190800847,0.27973746190800847
2012-02-22,0.2737564816029315,0.2737564816029315
2012-02-23,0.25476810901226926,0.25476810901226926
2012-02-24,0.25584659163048534,0.25584659163048534
2012-02-27,0.2372293159527304,0.2372293159527304
2012-02-28,0.23353335950701185,0.23353335950701185
2012-02-29,0.23217039653393265,0.23217039653393265
2012-03-01,0.23529626566634454,0.23529626566634454
2012-03-02,0.23656114534419975,0.23656114534419975
2012-03-05,0.24083344175553628,0.24083344175553628
2012-03-06,0.2443563173578133,0.2443563173578133
2012-03-07,0.22691547946321078,0.22691547946321078
2012-03-09,0.2520103612201498,0.2520103612201498
2012-03-12,0.24699544799710424,0.24699544799710424
2012-03-13,0.2513348803062711,0.2513348803062711
2012-03-14,0.2361513754726312,0.2361513754726312
2012-03-15,0.23525854485219355,0.23525854485219355
2012-03-16,0.23429151211019794,0.23429151211019794
2012-03-19,0.2318775571298777,0.2318775571298777
2012-03-20,0.24032254311400725,0.24032254311400725
2012-03-21,0.23550068772183433,0.23550068772183433
2012-03-22,0.24835238614674737,0.24835238614674737
2012-03-23,0.25771443236616143,0.25771443236616143
2012-03-26,0.2442548313088117,0.2442548313088117
2012-03-27,0.22509840084638075,0.22509840084638075
2012-03-28,0.2341171820080899,0.2341171820080899
2012-03-29,0.23604818922316823,0.23604818922316823
2012-03-30,0.2190921745970973,0.2190921745970973
2012-04-02,0.22114798307209765,0.22114798307209765
2012-04-03,0.22040382317488016,0.22040382317488016
2012-04-04,0.239049098973099,0.239049098973099
2012-04-09,0.23708849936314888,0.23708849936314888
2012-04-10,0.2248356530218932,0.2248356530218932
2012-04-11,0.22314165674452505,0.22314165674452505
2012-04-12,0.23369364441826995,0.23369364441826995
2012-04-13,0.2428405780578466,0.2428405780578466
2012-04-16,0.2388542887373244,0.2388542887373244
2012-04-17,0.24268611981987673,0.24268611981987673
2012-04-18,0.24369413135324397,0.24369413135324397
2012-04-19,0.24114897460991963,0.24114897460991963
2012-04-20,0.24257065738522582,0.24257065738522582
2012-04-23,0.24993706620436237,0.24993706620436237
2012-04-24,0.2536611172098907,0.2536611172098907
2012-04-25,0.25096296969041215,0.25096296969041215
2012-04-26,0.2488609329544058,0.2488609329544058
2012-04-27,0.241568065051516,0.241568065051516
2012-04-30,0.24261599813296592,0.24261599813296592
2012-05-02,0.2407985980464375,0.2407985980464375
2012-05-03,0.2494364675033123,0.2494364675033123
2012-05-04,0.26642694138559003,0.26642694138559003
2012-05-07,0.2667088633714211,0.2667088633714211
2012-05-08,0.27373218075951344,0.27373218075951344
2012-05-09,0.27547012969859574,0.27547012969859574
2012-05-10,0.2718167060926272,0.2718167060926272
2012-05-11,0.2669155125559914,0.2669155125559914
2012-05-14,0.2694064517778446,0.2694064517778446
2012-05-15,0.270066400441603,0.270066400441603
2012-05-16,0.28076175790710617,0.28076175790710617
2012-05-17,0.2781101349917266,0.2781101349917266
2012-05-18,0.2772617327843808,0.2772617327843808
2012-05-22,0.2696414102800667,0.2696414102800667
2012-05-23,0.2729042409326891,0.2729042409326891
2012-05-24,0.278864894850235,0.278864894850235
2012-05-25,0.2780873501772247,0.2780873501772247
2012-05-28,0.27473519452399275,0.27473519452399275
2012-05-29,0.2758535345075961,0.2758535345075961
2012-05-30,0.2817532392192219,0.2817532392192219
2012-05-31,0.2853344147863605,0.2853344147863605
2012-06-01,0.26693128595086485,0.26693128595086485
2012-06-04,0.2675814785009247,0.2675814785009247
2012-06-05,0.2717204388085042,0.2717204388085042
2012-06-06,0.28082375269485316,0.28082375269485316
2012-06-07,0.27259385333197694,0.27259385333197694
2012-06-08,0.27434420346179894,0.27434420346179894
2012-06-11,0.27410872390145546,0.27410872390145546
2012-06-12,0.2763285378633216,0.2763285378633216
2012-06-13,0.27953682012006337,0.27953682012006337
2012-06-14,0.27875773467231924,0.27875773467231924
2012-06-15,0.2819722085493246,0.2819722085493246
2012-06-18,0.27764143724509927,0.27764143724509927
2012-06-19,0.2758305388558746,0.2758305388558746
2012-06-20,0.2674554487740613,0.2674554487740613
2012-06-21,0.2547681271206098,0.2547681271206098
2012-06-22,0.2664957245166728,0.2664957245166728
2012-06-25,0.2729760638506314,0.2729760638506314
2012-06-26,0.27393490800802,0.27393490800802
2012-06-27,0.27427627014092854,0.27427627014092854
2012-06-28,0.2706496326383348,0.2706496326383348
2012-06-29,0.3123010212999529,0.3123010212999529
2012-07-02,0.3115240082351479,0.3115240082351479
2012-07-03,0.306741991732979,0.306741991732979
2012-07-04,0.30634516814530377,0.30634516814530377
2012-07-05,0.31149913717433514,0.31149913717433514
2012-07-06,0.31263774337129147,0.31263774337129147
2012-07-09,0.3001643538357084,0.3001643538357084
2012-07-10,0.292880899463657,0.292880899463657
2012-07-11,0.29223203096335054,0.29223203096335054
2012-07-12,0.2875760547006409,0.2875760547006409
2012-07-13,0.290427974439612,0.290427974439612
2012-07-16,0.2889785637257897,0.2889785637257897
2012-07-17,0.29311854874890003,0.29311854874890003
2012-07-18,0.2881426785165256,0.2881426785165256
2012-07-19,0.292754823470342,0.292754823470342
2012-07-20,0.29540720539804743,0.29540720539804743
2012-07-23,0.3066511598449007,0.3066511598449007
2012-07-24,0.298199792091271,0.298199792091271
2012-07-25,0.3002193385596496,0.3002193385596496
2012-07-26,0.2960782711177433,0.2960782711177433
2012-07-27,0.29232669833254127,0.29232669833254127
2012-07-30,0.27455977595099057,0.27455977595099057
2012-07-31,0.2734217758014782,0.2734217758014782
2012-08-01,0.2653909684782132,0.2653909684782132
2012-08-02,0.26181077737471076,0.26181077737471076
2012-08-03,0.2656718677758712,0.2656718677758712
2012-08-06,0.2647198127907803,0.2647198127907803
2012-08-07,0.25714799846522296,0.25714799846522296
2012-08-08,0.2587617771311757,0.2587617771311757
2012-08-09,0.25390513557302974,0.25390513557302974
2012-08-10,0.25537811089666773,0.25537811089666773
2012-08-13,0.25610692630809107,0.25610692630809107
2012-08-14,0.2670320317511664,0.2670320317511664
2012-08-16,0.2687400682860782,0.2687400682860782
2012-08-17,0.2696877715203183,0.2696877715203183
2012-08-21,0.2641508607554914,0.2641508607554914
2012-08-22,0.26397014705487915,0.26397014705487915
2012-08-23,0.2661758254283921,0.2661758254283921
2012-08-24,0.2514595681597585,0.2514595681597585
2012-08-27,0.2524621680636531,0.2524621680636531
2012-08-29,0.2633188701281472,0.2633188701281472
2012-08-30,0.2619497438914613,0.2619497438914613
2012-08-31,0.26045027144785365,0.26045027144785365
2012-09-03,0.247118284033253,0.247118284033253
2012-09-04,0.2496051534915153,0.2496051534915153
2012-09-05,0.2513653295370837,0.2513653295370837
2012-09-06,0.2399526781715734,0.2399526781715734
2012-09-07,0.24809706721613695,0.24809706721613695
2012-09-10,0.24636620207196255,0.24636620207196255
2012-09-11,0.24971848488331366,0.24971848488331366
2012-09-12,0.25028565006738684,0.25028565006738684
2012-09-13,0.2649081695488852,0.2649081695488852
2012-09-14,0.26114628045036464,0.26114628045036464
2012-09-17,0.2675791046431436,0.2675791046431436
2012-09-18,0.26772329603565825,0.26772329603565825
2012-09-20,0.27412516002099335,0.27412516002099335
2012-09-21,0.26538528362235697,0.26538528362235697
2012-09-24,0.2700775741377755,0.2700775741377755
2012-09-25,0.26188095362299574,0.26188095362299574
2012-09-26,0.2620894921415733,0.2620894921415733
2012-09-27,0.20246801437791653,0.20246801437791653
2012-09-28,0.1987589248250626,0.1987589248250626
2012-10-01,0.19542541836385074,0.19542541836385074
2012-10-03,0.19497529327691282,0.19497529327691282
2012-10-04,0.1989469465319757,0.1989469465319757
2012-10-05,0.20791728446266594,0.20791728446266594
2012-10-08,0.21311365524154974,0.21311365524154974
2012-10-09,0.21620018103286034,0.21620018103286034
2012-10-10,0.22125976266051328,0.22125976266051328
2012-10-11,0.21896876332720966,0.21896876332720966
2012-10-12,0.215107362092654,0.215107362092654
2012-10-15,0.21392315586936225,0.21392315586936225
2012-10-16,0.21122805168633127,0.21122805168633127
2012-10-17,0.21583967883164903,0.21583967883164903
2012-10-18,0.20822516452168327,0.20822516452168327
2012-10-19,0.21695687078215567,0.21695687078215567
2012-10-22,0.20201373816198098,0.20201373816198098
2012-10-23,0.20642922700871727,0.20642922700871727
2012-10-25,0.20672223505111303,0.20672223505111303
2012-10-29,0.20910582923376722,0.20910582923376722
2012-10-30,0.21015304561918902,0.21015304561918902
2012-10-31,0.2120630610803889,0.2120630610803889
2012-11-01,0.21354015460987577,0.21354015460987577
2012-11-02,0.21291548344016917,0.21291548344016917
2012-11-05,0.2122761330063692,0.2122761330063692
2012-11-06,0.2138269605901907,0.2138269605901907
2012-11-07,0.21708023408705712,0.21708023408705712
2012-11-08,0.2132950432389089,0.2132950432389089
2012-11-09,0.21390656049492007,0.21390656049492007
2012-11-12,0.20990232301660644,0.20990232301660644
2012-11-15,0.20608667277501974,0.20608667277501974
2012-11-16,0.20441707621624258,0.20441707621624258
2012-11-19,0.21140130843596389,0.21140130843596389
2012-11-20,0.20733314822725454,0.20733314822725454
2012-11-21,0.2112251888118354,0.2112251888118354
2012-11-22,0.2185422633930919,0.2185422633930919
2012-11-23,0.21833217109213704,0.21833217109213704
2012-11-26,0.2248634473856517,0.2248634473856517
2012-11-27,0.22604657131874856,0.22604657131874856
2012-11-29,0.2236355595972242,0.2236355595972242
2012-11-30,0.2228816955297422,0.2228816955297422
2012-12-03,0.22304699146393356,0.22304699146393356
2012-12-04,0.22112755908559026,0.22112755908559026
2012-12-05,0.22060598987340135,0.22060598987340135
2012-12-06,0.2198803577705553,0.2198803577705553
2012-12-07,0.21579416040242272,0.21579416040242272
2012-12-10,0.21236166576722226,0.21236166576722226
2012-12-11,0.2103708613057998,0.2103708613057998
2012-12-12,0.20975061748990712,0.20975061748990712
2012-12-13,0.21022974351737791,0.21022974351737791
2012-12-14,0.20956582275321056,0.20956582275321056
2012-12-17,0.20234506327016147,0.20234506327016147
2012-12-18,0.1976897738337483,0.1976897738337483
2012-12-19,0.1943401413939761,0.1943401413939761
2012-12-20,0.1961124637791111,0.1961124637791111
2012-12-21,0.19537930797397843,0.19537930797397843
2012-12-24,0.1982015605516393,0.1982015605516393
2012-12-26,0.19128028026080882,0.19128028026080882
2012-12-27,0.1898304653496052,0.1898304653496052
2012-12-28,0.1862990199254756,0.1862990199254756
2012-12-31,0.1912392992952737,0.1912392992952737
2013-01-02,0.18814122280329723,0.18814122280329723
2013-01-03,0.19124606715561077,0.19124606715561077
2013-01-04,0.19019374972842193,0.19019374972842193
2013-01-07,0.18772834174865777,0.18772834174865777
2013-01-08,0.1878898515044704,0.1878898515044704
2013-01-09,0.18644071669356543,0.18644071669356543
2013-01-10,0.19311039616923298,0.19311039616923298
2013-01-11,0.1931216196391722,0.1931216196391722
2013-01-14,0.18988425218424207,0.18988425218424207
2013-01-15,0.1844626542055147,0.1844626542055147
2013-01-16,0.1888882339343336,0.1888882339343336
2013-01-17,0.19006835197756147,0.19006835197756147
2013-01-18,0.18939458070836007,0.18939458070836007
2013-01-21,0.18907882333465106,0.18907882333465106
2013-01-22,0.18630711399237088,0.18630711399237088
2013-01-23,0.1916278252157042,0.1916278252157042
2013-01-24,0.18539233398955104,0.18539233398955104
2013-01-25,0.1855589189748341,0.1855589189748341
2013-01-28,0.18793436448560213,0.18793436448560213
2013-01-29,0.18503275369978614,0.18503275369978614
2013-01-30,0.18143017818908178,0.18143017818908178
2013-01-31,0.18431734431316646,0.18431734431316646
2013-02-01,0.16399618250363884,0.16399618250363884
2013-02-04,0.16027511579539477,0.16027511579539477
2013-02-05,0.14050345660120928,0.14050345660120928
2013-02-06,0.11798733287403149,0.11798733287403149
2013-02-07,0.12249599396335194,0.12249599396335194
2013-02-08,0.12342966646899853,0.12342966646899853
2013-02-11,0.12737608913630724,0.12737608913630724
2013-02-12,0.1341426805399108,0.1341426805399108
2013-02-13,0.1313447011164436,0.1313447011164436
2013-02-14,0.13208185324564062,0.13208185324564062
2013-02-15,0.13327916881087246,0.13327916881087246
2013-02-18,0.1326759697947562,0.1326759697947562
2013-02-19,0.13197591521408927,0.13197591521408927
2013-02-20,0.14617535585590435,0.14617535585590435
2013-02-21,0.15785121800923163,0.15785121800923163
2013-02-22,0.16309069276781402,0.16309069276781402
2013-02-25,0.16071424448602534,0.16071424448602534
2013-02-26,0.17080108471064298,0.17080108471064298
2013-02-27,0.16740589053030655,0.16740589053030655
2013-02-28,0.15382459798612386,0.15382459798612386
2013-03-01,0.15127796093605003,0.15127796093605003
2013-03-04,0.1582181915409168,0.1582181915409168
2013-03-05,0.1630301636461047,0.1630301636461047
2013-03-06,0.16385790389603508,0.16385790389603508
2013-03-07,0.16366377321851183,0.16366377321851183
2013-03-08,0.16146420958792643,0.16146420958792643
2013-03-11,0.15329228494605024,0.15329228494605024
2013-03-12,0.1576460424249681,0.1576460424249681
2013-03-13,0.1652281910547878,0.1652281910547878
2013-03-14,0.17003277534569022,0.17003277534569022
2013-03-15,0.17621946106694084,0.17621946106694084
2013-03-18,0.18566650593015738,0.18566650593015738
2013-03-19,0.19734896262255744,0.19734896262255744
2013-03-20,0.19691384538425205,0.19691384538425205
2013-03-21,0.20519122002977147,0.20519122002977147
2013-03-22,0.20531549868664292,0.20531549868664292
2013-03-25,0.2090128894741167,0.2090128894741167
2013-03-26,0.21863420632733557,0.21863420632733557
2013-03-28,0.20594985057014617,0.20594985057014617
2013-04-01,0.20492932006959258,0.20492932006959258
2013-04-02,0.20860543741186888,0.20860543741186888
2013-04-03,0.2194358861882552,0.2194358861882552
2013-04-04,0.2202265263663774,0.2202265263663774
2013-04-05,0.20853227012209571,0.20853227012209571
2013-04-08,0.20974579092037254,0.20974579092037254
2013-04-09,0.20933336395516353,0.20933336395516353
2013-04-10,0.22299507868460766,0.22299507868460766
2013-04-11,0.22587360132555784,0.22587360132555784
2013-04-12,0.21508423015154327,0.21508423015154327
2013-04-15,0.24700999412822394,0.24700999412822394
2013-04-16,0.2557978197273445,0.2557978197273445
2013-04-17,0.2594219327307516,0.2594219327307516
2013-04-18,0.2500740626649803,0.2500740626649803
2013-04-22,0.25047781009989073,0.25047781009989073
2013-04-23,0.25492031688317623,0.25492031688317623
2013-04-25,0.25970778863922905,0.25970778863922905
2013-04-26,0.26042859705679955,0.26042859705679955
2013-04-29,0.260127839258735,0.260127839258735
2013-04-30,0.25888719718684744,0.25888719718684744
2013-05-02,0.25589505917936833,0.25589505917936833
2013-05-03,0.2542432471587028,0.2542432471587028
2013-05-06,0.25178391494287755,0.25178391494287755
2013-05-07,0.25199075060159853,0.25199075060159853
2013-05-08,0.2526766858530808,0.2526766858530808
2013-05-09,0.2529006816434033,0.2529006816434033
2013-05-10,0.2536831849629862,0.2536831849629862
2013-05-13,0.2496332693256588,0.2496332693256588
2013-05-14,0.2480291979564152,0.2480291979564152
2013-05-15,0.23840049636520033,0.23840049636520033
2013-05-16,0.23781575658610107,0.23781575658610107
2013-05-17,0.23730144469884168,0.23730144469884168
2013-05-20,0.2402447856229469,0.2402447856229469
2013-05-21,0.2409931181380515,0.2409931181380515
2013-05-22,0.2386069004001812,0.2386069004001812
2013-05-23,0.23322594447830797,0.23322594447830797
2013-05-24,0.23144331674987798,0.23144331674987798
2013-05-27,0.24003388662323172,0.24003388662323172
2013-05-28,0.24687202219351095,0.24687202219351095
2013-05-29,0.24598122780340592,0.24598122780340592
2013-05-30,0.2545951463084598,0.2545951463084598
2013-05-31,0.2690749087161424,0.2690749087161424
2013-06-03,0.26870123607190616,0.26870123607190616
2013-06-04,0.26098905730771016,0.26098905730771016
2013-06-05,0.2524540799832683,0.2524540799832683
2013-06-06,0.24780737316209198,0.24780737316209198
2013-06-07,0.2388780912560715,0.2388780912560715
2013-06-10,0.24221605618453193,0.24221605618453193
2013-06-11,0.2494442109692954,0.2494442109692954
2013-06-12,0.24789036694688965,0.24789036694688965
2013-06-13,0.24056481604457017,0.24056481604457017
2013-06-14,0.23660007983873207,0.23660007983873207
2013-06-17,0.2344385983785149,0.2344385983785149
2013-06-18,0.22759763129175092,0.22759763129175092
2013-06-19,0.22106465117381008,0.22106465117381008
2013-06-20,0.2707942807156086,0.2707942807156086
2013-06-21,0.2714911258044627,0.2714911258044627
2013-06-24,0.27971923167279517,0.27971923167279517
2013-06-25,0.28065780952171204,0.28065780952171204
2013-06-26,0.27304910936716,0.27304910936716
2013-06-27,0.2762835662988922,0.2762835662988922
2013-06-28,0.2741745459439271,0.2741745459439271
2013-07-01,0.26618692769196917,0.26618692769196917
2013-07-02,0.2668205688366906,0.2668205688366906
2013-07-03,0.2647403344411507,0.2647403344411507
2013-07-04,0.2650343528832037,0.2650343528832037
2013-07-05,0.26146948560214206,0.26146948560214206
2013-07-08,0.26122550248779647,0.26122550248779647
2013-07-09,0.26483548701020343,0.26483548701020343
2013-07-10,0.2696748662664511,0.2696748662664511
2013-07-11,0.25475908202955877,0.25475908202955877
2013-07-12,0.2497024839642236,0.2497024839642236
2013-07-15,0.24866301994965564,0.24866301994965564
2013-07-16,0.25699827159051225,0.25699827159051225
2013-07-17,0.25821034609780297,0.25821034609780297
2013-07-18,0.2593800959633858,0.2593800959633858
2013-07-19,0.24685530547954443,0.24685530547954443
2013-07-22,0.24897856043389752,0.24897856043389752
2013-07-23,0.24776550157725413,0.24776550157725413
2013-07-24,0.2548881179665403,0.2548881179665403
2013-07-25,0.25015969924244585,0.25015969924244585
2013-07-26,0.2494054938214961,0.2494054938214961
2013-07-29,0.24853493723819162,0.24853493723819162
2013-07-30,0.25259100993518435,0.25259100993518435
2013-07-31,0.24657641443624634,0.24657641443624634
2013-08-01,0.241953989059177,0.241953989059177
2013-08-02,0.24002050193679542,0.24002050193679542
2013-08-05,0.2382256614404587,0.2382256614404587
2013-08-06,0.25539900630505263,0.25539900630505263
2013-08-07,0.26490685841422773,0.26490685841422773
2013-08-08,0.26655086629289704,0.26655086629289704
2013-08-12,0.27006893888826805,0.27006893888826805
2013-08-13,0.27645517617170245,0.27645517617170245
2013-08-14,0.2733560519364775,0.2733560519364775
2013-08-16,0.2659456869853322,0.2659456869853322
2013-08-19,0.2639974511075553,0.2639974511075553
2013-08-20,0.262094362062172,0.262094362062172
2013-08-21,0.2682275132909036,0.2682275132909036
2013-08-22,0.273018367179121,0.273018367179121
2013-08-23,0.281491737505816,0.281491737505816
2013-08-26,0.2815123099289946,0.2815123099289946
2013-08-27,0.2440982181558666,0.2440982181558666
2013-08-28,0.24905955149633352,0.24905955149633352
2013-08-29,0.2475195743386641,0.2475195743386641
2013-08-30,0.2499224822269596,0.2499224822269596
2013-09-02,0.2469241506021869,0.2469241506021869
2013-09-03,0.2510073497158808,0.2510073497158808
2013-09-04,0.2549070765413265,0.2549070765413265
2013-09-05,0.24085970237673937,0.24085970237673937
2013-09-06,0.2445793705395339,0.2445793705395339
2013-09-10,0.22845100992646034,0.22845100992646034
2013-09-11,0.23284521621882662,0.23284521621882662
2013-09-12,0.2325664943463327,0.2325664943463327
2013-09-13,0.23197769057680412,0.23197769057680412
2013-09-16,0.2368280548454832,0.2368280548454832
2013-09-17,0.26601927245568546,0.26601927245568546
2013-09-18,0.27092519495616596,0.27092519495616596
2013-09-19,0.25065778539809014,0.25065778539809014
2013-09-20,0.24409284264035552,0.24409284264035552
2013-09-23,0.23852259088156422,0.23852259088156422
2013-09-24,0.24264843987417367,0.24264843987417367
2013-09-25,0.24257545103177883,0.24257545103177883
2013-09-26,0.2448933473137535,0.2448933473137535
2013-09-27,0.24541200066640073,0.24541200066640073
2013-09-30,0.24370906285146718,0.24370906285146718
2013-10-01,0.2552372251838187,0.2552372251838187
2013-10-03,0.2554672152736854,0.2554672152736854
2013-10-04,0.2559404312317109,0.2559404312317109
2013-10-07,0.25746942887492547,0.25746942887492547
2013-10-08,0.25580112223357226,0.25580112223357226
2013-10-09,0.2602111919801968,0.2602111919801968
2013-10-10,0.2389223870989064,0.2389223870989064
2013-10-11,0.2474622369316323,0.2474622369316323
2013-10-14,0.24627112556895683,0.24627112556895683
2013-10-15,0.23971484329745874,0.23971484329745874
2013-10-17,0.21117430269458987,0.21117430269458987
2013-10-18,0.21415991468856474,0.21415991468856474
2013-10-21,0.2166891750544949,0.2166891750544949
2013-10-22,0.2165340452961127,0.2165340452961127
2013-10-23,0.21528406206712694,0.21528406206712694
2013-10-24,0.21656780206985918,0.21656780206985918
2013-10-25,0.21635384110610567,0.21635384110610567
2013-10-28,0.21394294577398268,0.21394294577398268
2013-10-29,0.21659319115770903,0.21659319115770903
2013-10-30,0.21607621310307432,0.21607621310307432
2013-10-31,0.2222768913651181,0.2222768913651181
2013-11-01,0.22286948583311003,0.22286948583311003
2013-11-05,0.22132640051292088,0.22132640051292088
2013-11-06,0.22407938921288212,0.22407938921288212
2013-11-07,0.21843199454626422,0.21843199454626422
2013-11-08,0.21626536928345183,0.21626536928345183
2013-11-11,0.21885540507141504,0.21885540507141504
2013-11-12,0.2196594133221355,0.2196594133221355
2013-11-13,0.21959951743966322,0.21959951743966322
2013-11-14,0.1940961243259721,0.1940961243259721
2013-11-18,0.1886494810605956,0.1886494810605956
2013-11-19,0.189757220238925,0.189757220238925
2013-11-20,0.19024293163300032,0.19024293163300032
2013-11-21,0.19246532181778092,0.19246532181778092
2013-11-22,0.1899417991056716,0.1899417991056716
2013-11-25,0.1867753776624236,0.1867753776624236
2013-11-26,0.175385891733598,0.175385891733598
2013-11-27,0.1681248718218771,0.1681248718218771
2013-11-28,0.16944326831145254,0.16944326831145254
2013-11-29,0.16866265183740942,0.16866265183740942
2013-12-02,0.1674911650666917,0.1674911650666917
2013-12-03,0.17413575486244826,0.17413575486244826
2013-12-04,0.18792304216496553,0.18792304216496553
2013-12-05,0.18264266458894815,0.18264266458894815
2013-12-06,0.18421764004481855,0.18421764004481855
2013-12-09,0.20918726556957523,0.20918726556957523
2013-12-10,0.20778600687812224,0.20778600687812224
2013-12-11,0.20225805125258892,0.20225805125258892
2013-12-12,0.2073391908134711,0.2073391908134711
2013-12-13,0.20725388814168844,0.20725388814168844
2013-12-16,0.20623885451139815,0.20623885451139815
2013-12-17,0.2117050447497521,0.2117050447497521
2013-12-18,0.205801123773849,0.205801123773849
2013-12-19,0.21452375898323717,0.21452375898323717
2013-12-20,0.2060056089080423,0.2060056089080423
2013-12-23,0.20369889521097065,0.20369889521097065
2013-12-24,0.20612068629767094,0.20612068629767094
2013-12-26,0.20889800331952152,0.20889800331952152
2013-12-27,0.21403439297137397,0.21403439297137397
2013-12-30,0.20310610852470865,0.20310610852470865
2013-12-31,0.2117128954653301,0.2117128954653301
2014-01-02,0.20428018828362807,0.20428018828362807
2014-01-03,0.2061930115479969,0.2061930115479969
2014-01-06,0.21134689906801865,0.21134689906801865
2014-01-07,0.21551619159862684,0.21551619159862684
2014-01-08,0.21631255429208637,0.21631255429208637
2014-01-09,0.21509484706609353,0.21509484706609353
2014-01-10,0.21979799981575646,0.21979799981575646
2014-01-13,0.21819514258013448,0.21819514258013448
2014-01-14,0.21765163611524746,0.21765163611524746
2014-01-15,0.191349863140041,0.191349863140041
2014-01-16,0.1925903109711884,0.1925903109711884
2014-01-17,0.19077566444407032,0.19077566444407032
2014-01-20,0.19024087089761918,0.19024087089761918
2014-01-21,0.19419937588205677,0.19419937588205677
2014-01-22,0.1969223825436991,0.1969223825436991
2014-01-23,0.19978812876828397,0.19978812876828397
2014-01-24,0.18723337116753777,0.18723337116753777
2014-01-27,0.183917949445264,0.183917949445264
2014-01-28,0.19225837831521733,0.19225837831521733
2014-01-29,0.20201507644799271,0.20201507644799271
2014-01-30,0.21242156098120524,0.21242156098120524
2014-01-31,0.21529053758474032,0.21529053758474032
2014-02-03,0.22809579659794046,0.22809579659794046
2014-02-04,0.23416648523635802,0.23416648523635802
2014-02-05,0.22007693123495747,0.22007693123495747
2014-02-06,0.21966538553394133,0.21966538553394133
2014-02-07,0.22219381314566075,0.22219381314566075
2014-02-10,0.21954318523813932,0.21954318523813932
2014-02-11,0.21317107725958248,0.21317107725958248
2014-02-12,0.2200879350615756,0.2200879350615756
2014-02-13,0.21432222942878293,0.21432222942878293
2014-02-14,0.21279339547725398,0.21279339547725398
2014-02-18,0.20886468976127864,0.20886468976127864
2014-02-19,0.19804351747996737,0.19804351747996737
2014-02-20,0.20256713482265276,0.20256713482265276
2014-02-21,0.20189763972157876,0.20189763972157876
2014-02-24,0.19944918322216335,0.19944918322216335
2014-02-25,0.19874715379766772,0.19874715379766772
2014-02-26,0.19980109912005162,0.19980109912005162
2014-02-28,0.20115899293303793,0.20115899293303793
2014-03-03,0.20210891966632674,0.20210891966632674
2014-03-04,0.20744520879830675,0.20744520879830675
2014-03-05,0.2087493039729273,0.2087493039729273
2014-03-06,0.2105590372971271,0.2105590372971271
2014-03-07,0.1930068079055834,0.1930068079055834
2014-03-10,0.1958359960325749,0.1958359960325749
2014-03-11,0.19907340006709143,0.19907340006709143
2014-03-12,0.19372833830284192,0.19372833830284192
2014-03-13,0.19419000907696832,0.19419000907696832
2014-03-14,0.18869540559674922,0.18869540559674922
2014-03-18,0.18926682444573026,0.18926682444573026
2014-03-19,0.1841427233657856,0.1841427233657856
2014-03-20,0.18492284942496082,0.18492284942496082
2014-03-21,0.18076030052464395,0.18076030052464395
2014-03-24,0.18052681752648042,0.18052681752648042
2014-03-25,0.17966172907263825,0.17966172907263825
2014-03-26,0.18131017373327024,0.18131017373327024
2014-03-27,0.1802111310667979,0.1802111310667979
2014-03-28,0.1804560094979905,0.1804560094979905
2014-03-31,0.17911030131474734,0.17911030131474734
2014-04-01,0.1767739459441061,0.1767739459441061
2014-04-02,0.17252238133605155,0.17252238133605155
2014-04-03,0.17284191299775456,0.17284191299775456
2014-04-04,0.18092128007605496,0.18092128007605496
2014-04-07,0.18742876034784928,0.18742876034784928
2014-04-09,0.18534378896780687,0.18534378896780687
2014-04-10,0.19349907892355528,0.19349907892355528
2014-04-11,0.19627678924811848,0.19627678924811848
2014-04-15,0.1923832448505339,0.1923832448505339
2014-04-16,0.18699743126654936,0.18699743126654936
2014-04-17,0.18856543296033645,0.18856543296033645
2014-04-21,0.18839608240179886,0.18839608240179886
2014-04-22,0.18843689543276168,0.18843689543276168
2014-04-23,0.18918056199044353,0.18918056199044353
2014-04-25,0.19234633868006798,0.19234633868006798
2014-04-28,0.19270841591320867,0.19270841591320867
2014-04-29,0.1903777833880559,0.1903777833880559
2014-04-30,0.19098182663365357,0.19098182663365357
2014-05-02,0.18929573714122858,0.18929573714122858
2014-05-05,0.186136659021275,0.186136659021275
2014-05-06,0.19102309594256178,0.19102309594256178
2014-05-07,0.18385004805053903,0.18385004805053903
2014-05-08,0.16635947985637123,0.16635947985637123
2014-05-09,0.1649031787581513,0.1649031787581513
2014-05-12,0.1640903558214726,0.1640903558214726
2014-05-13,0.15597914831265877,0.15597914831265877
2014-05-14,0.16290178547739922,0.16290178547739922
2014-05-15,0.16624170750806197,0.16624170750806197
2014-05-16,0.1679959174881055,0.1679959174881055
2014-05-19,0.17143827003532405,0.17143827003532405
2014-05-20,0.17284348963110624,0.17284348963110624
2014-05-21,0.1699060953109756,0.1699060953109756
2014-05-22,0.17065658202571746,0.17065658202571746
2014-05-23,0.1713224883082955,0.1713224883082955
2014-05-26,0.1738658947083112,0.1738658947083112
2014-05-27,0.1676876464667246,0.1676876464667246
2014-05-28,0.1698848059048807,0.1698848059048807
2014-05-29,0.1661132742874419,0.1661132742874419
2014-05-30,0.16735443117715457,0.16735443117715457
2014-06-02,0.16330651295858603,0.16330651295858603
2014-06-03,0.14124407186784887,0.14124407186784887
2014-06-04,0.1490401540762947,0.1490401540762947
2014-06-05,0.1502093992608697,0.1502093992608697
2014-06-06,0.1498826363214166,0.1498826363214166
2014-06-09,0.14637550834701812,0.14637550834701812
2014-06-10,0.14888811359703227,0.14888811359703227
2014-06-11,0.15418971150931357,0.15418971150931357
2014-06-12,0.16041902716398293,0.16041902716398293
2014-06-13,0.16038202673915755,0.16038202673915755
2014-06-16,0.15173298482695471,0.15173298482695471
2014-06-17,0.14508025365859525,0.14508025365859525
2014-06-18,0.1380416625609496,0.1380416625609496
2014-06-19,0.12516552763578187,0.12516552763578187
2014-06-20,0.12645234357133509,0.12645234357133509
2014-06-23,0.13378778297429697,0.13378778297429697
2014-06-24,0.13417104768257784,0.13417104768257784
2014-06-25,0.13460077119019792,0.13460077119019792
2014-06-26,0.13727202116693724,0.13727202116693724
2014-06-27,0.13694879934967835,0.13694879934967835
2014-06-30,0.14352035425469598,0.14352035425469598
2014-07-01,0.1464047354478649,0.1464047354478649
2014-07-02,0.1449476651119413,0.1449476651119413
2014-07-03,0.14291786730285244,0.14291786730285244
2014-07-04,0.1423650996929267,0.1423650996929267
2014-07-07,0.14310489935814566,0.14310489935814566
2014-07-08,0.148752692249721,0.148752692249721
2014-07-09,0.14011481645377113,0.14011481645377113
2014-07-10,0.13305815603686616,0.13305815603686616
2014-07-11,0.13209476400031375,0.13209476400031375
2014-07-14,0.13626245293720887,0.13626245293720887
2014-07-15,0.13277325613513288,0.13277325613513288
2014-07-16,0.13313995130939021,0.13313995130939021
2014-07-17,0.13680137705225173,0.13680137705225173
2014-07-18,0.13334993323356045,0.13334993323356045
2014-07-21,0.13137443201818813,0.13137443201818813
2014-07-22,0.13419117350582788,0.13419117350582788
2014-07-23,0.13577028230046495,0.13577028230046495
2014-07-24,0.1352493585255931,0.1352493585255931
2014-07-25,0.1347924672474036,0.1347924672474036
2014-07-28,0.1357922998850093,0.1357922998850093
2014-07-30,0.135456826735519,0.135456826735519
2014-07-31,0.14128833577184108,0.14128833577184108
2014-08-01,0.14608027535967077,0.14608027535967077
2014-08-04,0.15581774705960433,0.15581774705960433
2014-08-05,0.14983354282452482,0.14983354282452482
2014-08-06,0.14755430397210187,0.14755430397210187
2014-08-07,0.14826747345410746,0.14826747345410746
2014-08-08,0.14439146367554706,0.14439146367554706
2014-08-11,0.14357396748916343,0.14357396748916343
2014-08-12,0.1305652065425864,0.1305652065425864
2014-08-13,0.13412348982985187,0.13412348982985187
2014-08-14,0.13780324563554253,0.13780324563554253
2014-08-18,0.14020374781129089,0.14020374781129089
2014-08-19,0.13831542629005786,0.13831542629005786
2014-08-20,0.1368880997424678,0.1368880997424678
2014-08-21,0.13530521456711528,0.13530521456711528
2014-08-22,0.136492564216082,0.136492564216082
2014-08-25,0.1429576127588111,0.1429576127588111
2014-08-26,0.1426656995574532,0.1426656995574532
2014-08-27,0.1481126515047711,0.1481126515047711
2014-08-28,0.147602211259728,0.147602211259728
2014-09-01,0.14663226104776564,0.14663226104776564
2014-09-02,0.14818765381090368,0.14818765381090368
2014-09-03,0.1464078125078061,0.1464078125078061
2014-09-04,0.1493975406206438,0.1493975406206438
2014-09-05,0.1483602595869091,0.1483602595869091
2014-09-08,0.1487303217094166,0.1487303217094166
2014-09-09,0.15378848244235677,0.15378848244235677
2014-09-10,0.15437632667809748,0.15437632667809748
2014-09-11,0.1541177738009467,0.1541177738009467
2014-09-12,0.15356498919859732,0.15356498919859732
2014-09-15,0.14645388674991275,0.14645388674991275
2014-09-16,0.1560676097332008,0.1560676097332008
2014-09-17,0.15536191121089696,0.15536191121089696
2014-09-18,0.15937978597078456,0.15937978597078456
2014-09-19,0.16227046069383128,0.16227046069383128
2014-09-22,0.16672574585101085,0.16672574585101085
2014-09-23,0.17498129575259558,0.17498129575259558
2014-09-24,0.17401020798767822,0.17401020798767822
2014-09-25,0.17877150571522607,0.17877150571522607
2014-09-26,0.18153119288579214,0.18153119288579214
2014-09-29,0.18487446731603385,0.18487446731603385
2014-09-30,0.1861729595512537,0.1861729595512537
2014-10-01,0.18383495551514303,0.18383495551514303
2014-10-07,0.18941520050662228,0.18941520050662228
2014-10-08,0.1863961239325264,0.1863961239325264
2014-10-09,0.1842779338201578,0.1842779338201578
2014-10-10,0.1991918540051984,0.1991918540051984
2014-10-13,0.20615007072595506,0.20615007072595506
2014-10-14,0.19506234901477343,0.19506234901477343
2014-10-16,0.20726206033825728,0.20726206033825728
2014-10-17,0.21155379624634515,0.21155379624634515
2014-10-20,0.217710087682254,0.217710087682254
2014-10-21,0.21205667421128194,0.21205667421128194
2014-10-22,0.21193662924323883,0.21193662924323883
2014-10-27,0.20737247459429423,0.20737247459429423
2014-10-28,0.21059263152659316,0.21059263152659316
2014-10-29,0.20705950956686475,0.20705950956686475
2014-10-30,0.20953043707421132,0.20953043707421132
2014-10-31,0.2158001771284416,0.2158001771284416
2014-11-03,0.21786907857007393,0.21786907857007393
2014-11-05,0.2272335596299977,0.2272335596299977
2014-11-07,0.21582856539288772,0.21582856539288772
2014-11-10,0.21116737978791736,0.21116737978791736
2014-11-11,0.2121564237913272,0.2121564237913272
2014-11-12,0.21092124650707206,0.21092124650707206
2014-11-13,0.21014813857709289,0.21014813857709289
2014-11-14,0.2120971019929504,0.2120971019929504
2014-11-17,0.20894690135199054,0.20894690135199054
2014-11-18,0.20883540668117404,0.20883540668117404
2014-11-19,0.20819567677259013,0.20819567677259013
2014-11-20,0.21163623665142767,0.21163623665142767
2014-11-21,0.2131156572385729,0.2131156572385729
2014-11-24,0.21452832170754085,0.21452832170754085
2014-11-25,0.21667982283058007,0.21667982283058007
2014-11-26,0.21799857747285664,0.21799857747285664
2014-11-27,0.21821366078047658,0.21821366078047658
2014-11-28,0.21330902775331478,0.21330902775331478
2014-12-01,0.22536624382488735,0.22536624382488735
2014-12-02,0.22408071717480546,0.22408071717480546
2014-12-03,0.22186333556992852,0.22186333556992852
2014-12-04,0.22395352396872964,0.22395352396872964
2014-12-05,0.22253213982679418,0.22253213982679418
2014-12-08,0.22851537751432305,0.22851537751432305
2014-12-09,0.23081464727478979,0.23081464727478979
2014-12-10,0.229295263698647,0.229295263698647
2014-12-11,0.23026093011882684,0.23026093011882684
2014-12-12,0.23175914875546025,0.23175914875546025
2014-12-15,0.2307931249395632,0.2307931249395632
2014-12-16,0.24450249346670705,0.24450249346670705
2014-12-17,0.23518575550033827,0.23518575550033827
2014-12-18,0.24727779226824506,0.24727779226824506
2014-12-19,0.2538299740018618,0.2538299740018618
2014-12-22,0.25283109158565964,0.25283109158565964
2014-12-23,0.24419172745203777,0.24419172745203777
2014-12-24,0.24382953936150903,0.24382953936150903
2014-12-26,0.24368582696375696,0.24368582696375696
2014-12-29,0.24019529998899009,0.24019529998899009
2014-12-30,0.24112173647226937,0.24112173647226937
2014-12-31,0.23332999135158433,0.23332999135158433
2015-01-02,0.24284878487530162,0.24284878487530162
2015-01-05,0.2565303859479594,0.2565303859479594
2015-01-06,0.26957689812102725,0.26957689812102725
2015-01-07,0.26593945963733445,0.26593945963733445
2015-01-08,0.2918800322717238,0.2918800322717238
2015-01-09,0.28464464810068035,0.28464464810068035
2015-01-12,0.2995331695867032,0.2995331695867032
2015-01-13,0.29716360379766166,0.29716360379766166
2015-01-14,0.28892158055196315,0.28892158055196315
2015-01-15,0.27563006499456444,0.27563006499456444
2015-01-16,0.2600905628351538,0.2600905628351538
2015-01-19,0.2649355999440425,0.2649355999440425
2015-01-20,0.2509219318546805,0.2509219318546805
2015-01-21,0.2448989627065044,0.2448989627065044
2015-01-22,0.24398862736988308,0.24398862736988308
2015-01-23,0.24408530877971601,0.24408530877971601
2015-01-27,0.2402525146140997,0.2402525146140997
2015-01-28,0.24090044953098944,0.24090044953098944
2015-01-29,0.24638914322246572,0.24638914322246572
2015-01-30,0.24922533126456126,0.24922533126456126
2015-02-02,0.24940342423663497,0.24940342423663497
2015-02-03,0.25128364697223005,0.25128364697223005
2015-02-04,0.25311649694244087,0.25311649694244087
2015-02-05,0.2516394834584282,0.2516394834584282
2015-02-06,0.24688833236481805,0.24688833236481805
2015-02-09,0.2521136693474621,0.2521136693474621
2015-02-10,0.25255100191234153,0.25255100191234153
2015-02-11,0.253063990112059,0.253063990112059
2015-02-12,0.25622355140945174,0.25622355140945174
2015-02-13,0.2581620674350773,0.2581620674350773
2015-02-16,0.25835405919348314,0.25835405919348314
2015-02-18,0.25214201477313297,0.25214201477313297
2015-02-19,0.2512665113875852,0.2512665113875852
2015-02-20,0.24752229332204384,0.24752229332204384
2015-02-23,0.24663835092798833,0.24663835092798833
2015-02-24,0.24652189832142238,0.24652189832142238
2015-02-25,0.24619847824930846,0.24619847824930846
2015-02-26,0.24488216343015928,0.24488216343015928
2015-02-27,0.24474736574496975,0.24474736574496975
2015-03-02,0.2394830236143334,0.2394830236143334
2015-03-03,0.23724886420875552,0.23724886420875552
2015-03-04,0.23612883444153968,0.23612883444153968
2015-03-05,0.23346205468946155,0.23346205468946155
2015-03-09,0.22546780749038262,0.22546780749038262
2015-03-10,0.2309867822093987,0.2309867822093987
2015-03-11,0.23187929817459677,0.23187929817459677
2015-03-12,0.23163702489387245,0.23163702489387245
2015-03-13,0.22541845939940983,0.22541845939940983
2015-03-16,0.22091475352619444,0.22091475352619444
2015-03-17,0.21127818723976985,0.21127818723976985
2015-03-18,0.21187664244047844,0.21187664244047844
2015-03-19,0.20118045435101564,0.20118045435101564
2015-03-20,0.1954792965452446,0.1954792965452446
2015-03-23,0.19752222033831407,0.19752222033831407
2015-03-24,0.1989204490160336,0.1989204490160336
2015-03-25,0.1934916030692515,0.1934916030692515
2015-03-26,0.19800719539172912,0.19800719539172912
2015-03-27,0.19595070781560583,0.19595070781560583
2015-03-30,0.19869930860628932,0.19869930860628932
2015-03-31,0.21246262389744003,0.21246262389744003
2015-04-01,0.2040894654723053,0.2040894654723053
2015-04-06,0.1916395058738566,0.1916395058738566
2015-04-07,0.1841639048544088,0.1841639048544088
2015-04-08,0.18237840220372378,0.18237840220372378
2015-04-09,0.16781354322199715,0.16781354322199715
2015-04-10,0.16546015920427784,0.16546015920427784
2015-04-13,0.1613922228164688,0.1613922228164688
2015-04-16,0.16232714375533958,0.16232714375533958
2015-04-17,0.16228051597355403,0.16228051597355403
2015-04-20,0.15988122587038922,0.15988122587038922
2015-04-21,0.16900681042093613,0.16900681042093613
2015-04-22,0.17282750667446456,0.17282750667446456
2015-04-23,0.17589689101872538,0.17589689101872538
2015-04-24,0.1730890264037171,0.1730890264037171
2015-04-27,0.19142338053222951,0.19142338053222951
2015-04-28,0.1975220236151413,0.1975220236151413
2015-04-29,0.19991046507886093,0.19991046507886093
2015-04-30,0.19515996208672956,0.19515996208672956
2015-05-04,0.1868576248797711,0.1868576248797711
2015-05-05,0.1806767191676404,0.1806767191676404
2015-05-06,0.18076615610926255,0.18076615610926255
2015-05-07,0.17974079457601616,0.17974079457601616
2015-05-08,0.18157125927626447,0.18157125927626447
2015-05-11,0.1789613937040134,0.1789613937040134
2015-05-12,0.18162437933781872,0.18162437933781872
2015-05-13,0.1767291752156288,0.1767291752156288
2015-05-14,0.1759431829613816,0.1759431829613816
2015-05-15,0.17703315031886754,0.17703315031886754
2015-05-18,0.17491153999445455,0.17491153999445455
2015-05-19,0.17608741609318765,0.17608741609318765
2015-05-20,0.17597742620771695,0.17597742620771695
2015-05-21,0.18436717558362378,0.18436717558362378
2015-05-22,0.18404792723137428,0.18404792723137428
2015-05-25,0.18582102105115345,0.18582102105115345
2015-05-26,0.19602389670167972,0.19602389670167972
2015-05-27,0.19296154707294347,0.19296154707294347
2015-05-28,0.19569207925024226,0.19569207925024226
2015-05-29,0.19439344074970838,0.19439344074970838
2015-06-01,0.19399388288908476,0.19399388288908476
2015-06-02,0.18417367312918023,0.18417367312918023
2015-06-03,0.1867501894087967,0.1867501894087967
2015-06-04,0.1937480399601925,0.1937480399601925
2015-06-05,0.19678425722282986,0.19678425722282986
2015-06-08,0.17407836319650882,0.17407836319650882
2015-06-09,0.17199224150202475,0.17199224150202475
2015-06-10,0.18161866021940007,0.18161866021940007
2015-06-11,0.17190722621289603,0.17190722621289603
2015-06-12,0.17398323078479683,0.17398323078479683
2015-06-15,0.17453752789127058,0.17453752789127058
2015-06-16,0.17663310360568005,0.17663310360568005
2015-06-17,0.17360047914822863,0.17360047914822863
2015-06-18,0.19502772591064393,0.19502772591064393
2015-06-19,0.1871024954086749,0.1871024954086749
2015-06-22,0.1801176384602114,0.1801176384602114
2015-06-23,0.18122884615490267,0.18122884615490267
2015-06-24,0.1909790368968442,0.1909790368968442
2015-06-25,0.1854162292238365,0.1854162292238365
2015-06-26,0.18966074501730934,0.18966074501730934
2015-06-29,0.2024909762204844,0.2024909762204844
2015-06-30,0.19904099525503655,0.19904099525503655
2015-07-01,0.18940641019299495,0.18940641019299495
2015-07-02,0.19365988838497641,0.19365988838497641
2015-07-03,0.192659040641287,0.192659040641287
2015-07-06,0.18608554110598202,0.18608554110598202
2015-07-07,0.18377090451135755,0.18377090451135755
2015-07-08,0.18515400465719478,0.18515400465719478
2015-07-09,0.18789874394084966,0.18789874394084966
2015-07-10,0.19445857595701227,0.19445857595701227
2015-07-13,0.1995091939273852,0.1995091939273852
2015-07-14,0.20298805962552371,0.20298805962552371
2015-07-15,0.20164817310424915,0.20164817310424915
2015-07-16,0.20235539504347363,0.20235539504347363
2015-07-17,0.20688076140552847,0.20688076140552847
2015-07-20,0.2039305297497964,0.2039305297497964
2015-07-21,0.213649263018189,0.213649263018189
2015-07-22,0.2002326689552722,0.2002326689552722
2015-07-23,0.20243352677576046,0.20243352677576046
2015-07-24,0.19910133994132487,0.19910133994132487
2015-07-27,0.21145146797025127,0.21145146797025127
2015-07-28,0.20806970660472107,0.20806970660472107
2015-07-29,0.22094321341047068,0.22094321341047068
2015-07-30,0.22036680596718589,0.22036680596718589
2015-07-31,0.22864596183084485,0.22864596183084485
2015-08-03,0.23367959298439533,0.23367959298439533
2015-08-04,0.23666268755894931,0.23666268755894931
2015-08-05,0.2469458751574771,0.2469458751574771
2015-08-06,0.2486836447853452,0.2486836447853452
2015-08-07,0.2434912745963849,0.2434912745963849
2015-08-10,0.2381583994877318,0.2381583994877318
2015-08-11,0.24013966174397336,0.24013966174397336
2015-08-12,0.2473306037491277,0.2473306037491277
2015-08-13,0.24104731102468438,0.24104731102468438
2015-08-14,0.23348505818123827,0.23348505818123827
2015-08-17,0.233145593819506,0.233145593819506
2015-08-18,0.23669832710034472,0.23669832710034472
2015-08-19,0.24869488121400998,0.24869488121400998
2015-08-20,0.25467037597439374,0.25467037597439374
2015-08-21,0.27249805026689816,0.27249805026689816
2015-08-24,0.35187260163783635,0.35187260163783635
2015-08-25,0.3482188212308794,0.3482188212308794
2015-08-26,0.34483318599975543,0.34483318599975543
2015-08-27,0.36759942039850024,0.36759942039850024
2015-08-28,0.36101656719998554,0.36101656719998554
2015-08-31,0.3503052578762108,0.3503052578762108
2015-09-01,0.3742642929565247,0.3742642929565247
2015-09-02,0.3745619032717499,0.3745619032717499
2015-09-03,0.3838860355380322,0.3838860355380322
2015-09-04,0.3825769708702019,0.3825769708702019
2015-09-07,0.38060988805033463,0.38060988805033463
2015-09-08,0.3766608739954161,0.3766608739954161
2015-09-09,0.36660268820233693,0.36660268820233693
2015-09-10,0.3730192671320897,0.3730192671320897
2015-09-11,0.37636985920062455,0.37636985920062455
2015-09-14,0.36886605537204015,0.36886605537204015
2015-09-15,0.3661606368225216,0.3661606368225216
2015-09-16,0.359467641468462,0.359467641468462
2015-09-18,0.3434521306963242,0.3434521306963242
2015-09-21,0.34651359536090365,0.34651359536090365
2015-09-22,0.34092041252195,0.34092041252195
2015-09-23,0.34165008508441935,0.34165008508441935
2015-09-24,0.3408198399443706,0.3408198399443706
2015-09-28,0.33259800255043015,0.33259800255043015
2015-09-29,0.3335323068073214,0.3335323068073214
2015-09-30,0.35453330098685687,0.35453330098685687
2015-10-01,0.35348429960836775,0.35348429960836775
2015-10-05,0.3412741364798275,0.3412741364798275
2015-10-06,0.34160906262235513,0.34160906262235513
2015-10-07,0.3395962867531537,0.3395962867531537
2015-10-08,0.3408048101142589,0.3408048101142589
2015-10-09,0.3410848745991294,0.3410848745991294
2015-10-12,0.3350509257983566,0.3350509257983566
2015-10-13,0.3346558765066197,0.3346558765066197
2015-10-14,0.33519081952323554,0.33519081952323554
2015-10-15,0.3356142688237102,0.3356142688237102
2015-10-16,0.33656111248917947,0.33656111248917947
2015-10-19,0.33844275630874304,0.33844275630874304
2015-10-20,0.3378124238584236,0.3378124238584236
2015-10-21,0.3369283012431252,0.3369283012431252
2015-10-23,0.3324786914545432,0.3324786914545432
2015-10-26,0.333686118488925,0.333686118488925
2015-10-27,0.33137703888785974,0.33137703888785974
2015-10-28,0.32730872079485684,0.32730872079485684
2015-10-29,0.3310936925668068,0.3310936925668068
2015-10-30,0.330292965284979,0.330292965284979
2015-11-02,0.3291589875391859,0.3291589875391859
2015-11-03,0.3238284599955846,0.3238284599955846
2015-11-04,0.3245601925071761,0.3245601925071761
2015-11-05,0.3245790142167931,0.3245790142167931
2015-11-06,0.32610130088357275,0.32610130088357275
2015-11-09,0.3184836097641181,0.3184836097641181
2015-11-10,0.3194504488169546,0.3194504488169546
2015-11-13,0.3106690223874426,0.3106690223874426
2015-11-16,0.3172346559427177,0.3172346559427177
2015-11-17,0.31687119653958895,0.31687119653958895
2015-11-18,0.31261128514620856,0.31261128514620856
2015-11-19,0.3139601129878705,0.3139601129878705
2015-11-20,0.3325887919328904,0.3325887919328904
2015-11-23,0.3351922239625419,0.3351922239625419
2015-11-24,0.2506894294105306,0.2506894294105306
2015-11-26,0.2666459866132452,0.2666459866132452
2015-11-27,0.2670693169534041,0.2670693169534041
2015-11-30,0.2434902283784549,0.2434902283784549
2015-12-01,0.24919252888343096,0.24919252888343096
2015-12-02,0.2640201367811302,0.2640201367811302
2015-12-03,0.23721472394372536,0.23721472394372536
2015-12-04,0.23356425752184404,0.23356425752184404
2015-12-07,0.2377697525207278,0.2377697525207278
2015-12-08,0.22739701191526315,0.22739701191526315
2015-12-09,0.23011953415005384,0.23011953415005384
2015-12-10,0.22381785648991556,0.22381785648991556
2015-12-11,0.23241258276996626,0.23241258276996626
2015-12-14,0.22665244394610898,0.22665244394610898
2015-12-15,0.22976897346805855,0.22976897346805855
2015-12-16,0.23365691940983566,0.23365691940983566
2015-12-17,0.22922865034540257,0.22922865034540257
2015-12-18,0.21983290858167331,0.21983290858167331
2015-12-21,0.2293110137862373,0.2293110137862373
2015-12-22,0.22640353883223122,0.22640353883223122
2015-12-23,0.2298088959824688,0.2298088959824688
2015-12-24,0.22972102259641525,0.22972102259641525
2015-12-28,0.2283772901460895,0.2283772901460895
2015-12-29,0.22271492446757346,0.22271492446757346
2015-12-30,0.22568713826384473,0.22568713826384473
2015-12-31,0.21079093313041083,0.21079093313041083
2016-01-04,0.2272147086466642,0.2272147086466642
2016-01-05,0.21831866577986792,0.21831866577986792
2016-01-06,0.22084370206824944,0.22084370206824944
2016-01-07,0.23417937210122866,0.23417937210122866
2016-01-08,0.23850776096661322,0.23850776096661322
2016-01-11,0.23543987059069368,0.23543987059069368
2016-01-12,0.2349361293102628,0.2349361293102628
2016-01-13,0.22826175569351728,0.22826175569351728
2016-01-14,0.22300112764579066,0.22300112764579066
2016-01-15,0.2294623987098807,0.2294623987098807
2016-01-18,0.22715387742561496,0.22715387742561496
2016-01-19,0.2205762787071955,0.2205762787071955
2016-01-20,0.23059067788625037,0.23059067788625037
2016-01-21,0.23193336684903723,0.23193336684903723
2016-01-22,0.2513841431358155,0.2513841431358155
2016-01-25,0.2544621680728201,0.2544621680728201
2016-01-27,0.25272748672644985,0.25272748672644985
2016-01-28,0.2553026473953625,0.2553026473953625
2016-01-29,0.26319516239515445,0.26319516239515445
2016-02-01,0.26215025898503597,0.26215025898503597
2016-02-02,0.27101327208224435,0.27101327208224435
2016-02-03,0.27182990636791476,0.27182990636791476
2016-02-04,0.26830618834025155,0.26830618834025155
2016-02-05,0.2686914170258239,0.2686914170258239
2016-02-08,0.2853928896164044,0.2853928896164044
2016-02-09,0.2985544991332838,0.2985544991332838
2016-02-10,0.29656277133330217,0.29656277133330217
2016-02-11,0.3016478526626597,0.3016478526626597
2016-02-12,0.3159267314432612,0.3159267314432612
2016-02-15,0.3157038125286506,0.3157038125286506
2016-02-16,0.30877976164029003,0.30877976164029003
2016-02-17,0.31982754723310675,0.31982754723310675
2016-02-18,0.3168031159271002,0.3168031159271002
2016-02-19,0.31708246204687596,0.31708246204687596
2016-02-22,0.3221409614833712,0.3221409614833712
2016-02-23,0.32953593961079974,0.32953593961079974
2016-02-24,0.3282116643003052,0.3282116643003052
2016-02-25,0.3273632342201481,0.3273632342201481
2016-02-26,0.32088225917835134,0.32088225917835134
2016-02-29,0.3184045150836629,0.3184045150836629
2016-03-01,0.3254597470017414,0.3254597470017414
2016-03-02,0.33593409147515907,0.33593409147515907
2016-03-03,0.3397386375738944,0.3397386375738944
2016-03-04,0.33778038225259027,0.33778038225259027
2016-03-08,0.3320284630903524,0.3320284630903524
2016-03-09,0.33368543627217384,0.33368543627217384
2016-03-10,0.33262712407560596,0.33262712407560596
2016-03-11,0.33583460507330304,0.33583460507330304
2016-03-14,0.33037122389391965,0.33037122389391965
2016-03-15,0.3348101589326989,0.3348101589326989
2016-03-16,0.34998222360195075,0.34998222360195075
2016-03-17,0.34478706608234555,0.34478706608234555
2016-03-18,0.34707285500163515,0.34707285500163515
2016-03-21,0.35063638389692453,0.35063638389692453
2016-03-22,0.3458158743751345,0.3458158743751345
2016-03-23,0.34211451924727954,0.34211451924727954
2016-03-28,0.34579178076920125,0.34579178076920125
2016-03-29,0.3428072891965303,0.3428072891965303
2016-03-30,0.34917904751638035,0.34917904751638035
2016-03-31,0.3512889645604262,0.3512889645604262
2016-04-01,0.3493387534898657,0.3493387534898657
2016-04-04,0.35117353346971375,0.35117353346971375
2016-04-05,0.34671548439849115,0.34671548439849115
2016-04-06,0.32910561170482594,0.32910561170482594
2016-04-07,0.3344793437719344,0.3344793437719344
2016-04-08,0.3397016238550328,0.3397016238550328
2016-04-11,0.33887145470380126,0.33887145470380126
2016-04-12,0.34697673108225147,0.34697673108225147
2016-04-13,0.347522528352343,0.347522528352343
2016-04-18,0.3386368524377583,0.3386368524377583
2016-04-20,0.33258890785047895,0.33258890785047895
2016-04-21,0.33922255235455345,0.33922255235455345
2016-04-22,0.32935676659016205,0.32935676659016205
2016-04-25,0.32998539988645487,0.32998539988645487
2016-04-26,0.31413232601232,0.31413232601232
2016-04-27,0.3128773873442712,0.3128773873442712
2016-04-28,0.3166166443865065,0.3166166443865065
2016-04-29,0.3171720740192247,0.3171720740192247
2016-05-02,0.31095119461728393,0.31095119461728393
2016-05-03,0.3129203923632112,0.3129203923632112
2016-05-04,0.30993949721409486,0.30993949721409486
2016-05-05,0.31427658293740907,0.31427658293740907
2016-05-06,0.3136136200463539,0.3136136200463539
2016-05-09,0.31922011496082026,0.31922011496082026
2016-05-10,0.29900948882600326,0.29900948882600326
2016-05-11,0.2920215621104542,0.2920215621104542
2016-05-12,0.29485454489763196,0.29485454489763196
2016-05-13,0.26566654295190406,0.26566654295190406
2016-05-16,0.26979143725410815,0.26979143725410815
2016-05-17,0.26755536328464397,0.26755536328464397
2016-05-18,0.2761202164477738,0.2761202164477738
2016-05-19,0.2830269564120605,0.2830269564120605
2016-05-20,0.28121957694724176,0.28121957694724176
2016-05-23,0.2852497970902724,0.2852497970902724
2016-05-24,0.28557764780995754,0.28557764780995754
2016-05-25,0.265470591329967,0.265470591329967
2016-05-26,0.2667584827617969,0.2667584827617969
2016-05-27,0.2681738856778908,0.2681738856778908
2016-05-30,0.2725008310380108,0.2725008310380108
2016-05-31,0.27872513288301315,0.27872513288301315
2016-06-01,0.25349346284425334,0.25349346284425334
2016-06-02,0.25608104457731806,0.25608104457731806
2016-06-03,0.2511543736804668,0.2511543736804668
2016-06-06,0.2462183067243769,0.2462183067243769
2016-06-07,0.2515869449860992,0.2515869449860992
2016-06-08,0.2511439052198015,0.2511439052198015
2016-06-09,0.2560384948623104,0.2560384948623104
2016-06-10,0.25755902657753,0.25755902657753
2016-06-13,0.2725940378031127,0.2725940378031127
2016-06-14,0.27037642365152137,0.27037642365152137
2016-06-15,0.26680668576938954,0.26680668576938954
2016-06-16,0.25639692301883543,0.25639692301883543
2016-06-17,0.24856832938960421,0.24856832938960421
2016-06-20,0.25103346635608986,0.25103346635608986
2016-06-21,0.2500526750330063,0.2500526750330063
2016-06-22,0.25869744069907297,0.25869744069907297
2016-06-23,0.26581688681547877,0.26581688681547877
2016-06-24,0.31656522755566086,0.31656522755566086
2016-06-27,0.3043347614572908,0.3043347614572908
2016-06-28,0.3117462751324189,0.3117462751324189
2016-06-29,0.330213451549708,0.330213451549708
2016-06-30,0.3286454788326374,0.3286454788326374
2016-07-01,0.32719838946156155,0.32719838946156155
2016-07-04,0.3306356242969258,0.3306356242969258
2016-07-05,0.33024711487320146,0.33024711487320146
2016-07-07,0.3321213896712162,0.3321213896712162
2016-07-08,0.33177752709473,0.33177752709473
2016-07-11,0.3253832500339491,0.3253832500339491
2016-07-12,0.32838252901635523,0.32838252901635523
2016-07-13,0.33054822189642036,0.33054822189642036
2016-07-14,0.3329876148792718,0.3329876148792718
2016-07-15,0.33582291723920116,0.33582291723920116
2016-07-18,0.33762793843307237,0.33762793843307237
2016-07-19,0.3338652343218859,0.3338652343218859
2016-07-20,0.33560610686357595,0.33560610686357595
2016-07-21,0.33403524126137135,0.33403524126137135
2016-07-22,0.3376142213626215,0.3376142213626215
2016-07-25,0.3347867776594939,0.3347867776594939
2016-07-26,0.3386075277024843,0.3386075277024843
2016-07-27,0.3360868981999665,0.3360868981999665
2016-07-28,0.33920375397960023,0.33920375397960023
2016-07-29,0.3365484591750813,0.3365484591750813
2016-08-01,0.3379419514769846,0.3379419514769846
2016-08-02,0.354219163947588,0.354219163947588
2016-08-03,0.3451038766968497,0.3451038766968497
2016-08-04,0.3511489296524517,0.3511489296524517
2016-08-05,0.35581500669600785,0.35581500669600785
2016-08-08,0.3493246209684194,0.3493246209684194
2016-08-09,0.35054596828672435,0.35054596828672435
2016-08-10,0.35846721494064043,0.35846721494064043
2016-08-11,0.3590410695226025,0.3590410695226025
2016-08-16,0.3516762308541992,0.3516762308541992
2016-08-17,0.35168344301738524,0.35168344301738524
2016-08-18,0.3518646545798979,0.3518646545798979
2016-08-19,0.3521735214662255,0.3521735214662255
2016-08-22,0.3515618165608656,0.3515618165608656
2016-08-23,0.35202527475899886,0.35202527475899886
2016-08-24,0.34465105189715056,0.34465105189715056
2016-08-25,0.3440858768052008,0.3440858768052008
2016-08-26,0.34380458141974396,0.34380458141974396
2016-08-29,0.3425737080643035,0.3425737080643035
2016-08-30,0.33571647705278485,0.33571647705278485
2016-08-31,0.3378115994852961,0.3378115994852961
2016-09-01,0.3403809526633942,0.3403809526633942
2016-09-02,0.33912772876284414,0.33912772876284414
2016-09-06,0.3376121295863187,0.3376121295863187
2016-09-07,0.33402496366297035,0.33402496366297035
2016-09-08,0.322267934379781,0.322267934379781
2016-09-09,0.30952409288613053,0.30952409288613053
2016-09-12,0.282572091254941,0.282572091254941
2016-09-14,0.2818447366528079,0.2818447366528079
2016-09-15,0.28813094619483703,0.28813094619483703
2016-09-16,0.29030308609623545,0.29030308609623545
2016-09-19,0.28591143286564547,0.28591143286564547
2016-09-20,0.2877732104568753,0.2877732104568753
2016-09-21,0.27586807395457735,0.27586807395457735
2016-09-22,0.28055526567618105,0.28055526567618105
2016-09-23,0.20735161689950501,0.20735161689950501
2016-09-26,0.2149252436695655,0.2149252436695655
2016-09-27,0.2025958843283863,0.2025958843283863
2016-09-28,0.18605405117433532,0.18605405117433532
2016-09-29,0.19076449433482467,0.19076449433482467
2016-09-30,0.1914495626100468,0.1914495626100468
2016-10-03,0.19102099615514945,0.19102099615514945
2016-10-04,0.18130405214924686,0.18130405214924686
2016-10-05,0.18357989542744715,0.18357989542744715
2016-10-06,0.1839341629410264,0.1839341629410264
2016-10-07,0.1844333980558038,0.1844333980558038
2016-10-10,0.17840845918328707,0.17840845918328707
2016-10-13,0.1999022556430126,0.1999022556430126
2016-10-14,0.19789382239051548,0.19789382239051548
2016-10-17,0.1987440571427974,0.1987440571427974
2016-10-18,0.19609546795672234,0.19609546795672234
2016-10-19,0.19631476874137185,0.19631476874137185
2016-10-20,0.1955228190021822,0.1955228190021822
2016-10-21,0.19134607644127052,0.19134607644127052
2016-10-24,0.19069004602492937,0.19069004602492937
2016-10-25,0.1949556684582967,0.1949556684582967
2016-10-26,0.195949660683504,0.195949660683504
2016-10-27,0.19449551876832047,0.19449551876832047
2016-10-28,0.19440032438149168,0.19440032438149168
2016-11-01,0.20004919712220542,0.20004919712220542
2016-11-02,0.21348756990662365,0.21348756990662365
2016-11-03,0.20842071548131808,0.20842071548131808
2016-11-04,0.21248516391726296,0.21248516391726296
2016-11-07,0.22844074381960922,0.22844074381960922
2016-11-08,0.21858008865484085,0.21858008865484085
2016-11-09,0.20888092599669403,0.20888092599669403
2016-11-10,0.20484927921255702,0.20484927921255702
2016-11-11,0.20913366027539823,0.20913366027539823
2016-11-15,0.21653877329717117,0.21653877329717117
2016-11-16,0.22595865364596304,0.22595865364596304
2016-11-17,0.22511318032126063,0.22511318032126063
2016-11-18,0.2252018769852092,0.2252018769852092
2016-11-21,0.22534995383001194,0.22534995383001194
2016-11-22,0.2272255449811795,0.2272255449811795
2016-11-23,0.22733891943436274,0.22733891943436274
2016-11-24,0.22672874099762197,0.22672874099762197
2016-11-25,0.22272697356784196,0.22272697356784196
2016-11-28,0.22130237244810336,0.22130237244810336
2016-11-29,0.22073448826270442,0.22073448826270442
2016-11-30,0.21041620528437865,0.21041620528437865
2016-12-01,0.21068875035662424,0.21068875035662424
2016-12-02,0.20882866504261716,0.20882866504261716
2016-12-05,0.21107650288426863,0.21107650288426863
2016-12-06,0.21232885444536742,0.21232885444536742
2016-12-07,0.20491971381019386,0.20491971381019386
2016-12-08,0.2096215198546078,0.2096215198546078
2016-12-09,0.20978474164560149,0.20978474164560149
2016-12-12,0.22759898502733325,0.22759898502733325
2016-12-13,0.22031592008212547,0.22031592008212547
2016-12-14,0.2187977335110746,0.2187977335110746
2016-12-15,0.22196950047850678,0.22196950047850678
2016-12-16,0.22123667110669293,0.22123667110669293
2016-12-19,0.22050489603062906,0.22050489603062906
2016-12-20,0.22661695455415046,0.22661695455415046
2016-12-21,0.2269500110139799,0.2269500110139799
2016-12-22,0.22744810004864247,0.22744810004864247
2016-12-23,0.22089884384736264,0.22089884384736264
2016-12-26,0.22380720403539614,0.22380720403539614
2016-12-27,0.21410911977615005,0.21410911977615005
2016-12-28,0.20492073414990714,0.20492073414990714
2016-12-29,0.20280744405103834,0.20280744405103834
2016-12-30,0.19983323873196068,0.19983323873196068
2017-01-02,0.20645323037274957,0.20645323037274957
2017-01-03,0.2006962967121409,0.2006962967121409
2017-01-04,0.1992790600128612,0.1992790600128612
2017-01-05,0.1995469725501853,0.1995469725501853
2017-01-06,0.19946775351434945,0.19946775351434945
2017-01-09,0.19380924387822548,0.19380924387822548
2017-01-10,0.19399286530518714,0.19399286530518714
2017-01-11,0.18801563530698284,0.18801563530698284
2017-01-12,0.18826318941059178,0.18826318941059178
2017-01-13,0.18852410473923195,0.18852410473923195
2017-01-16,0.18952986762878488,0.18952986762878488
2017-01-17,0.19283615178547148,0.19283615178547148
2017-01-18,0.19304616087236956,0.19304616087236956
2017-01-19,0.18865419964298186,0.18865419964298186
2017-01-20,0.19030193827214684,0.19030193827214684
2017-01-23,0.19295160879200793,0.19295160879200793
2017-01-24,0.19162714437443681,0.19162714437443681
2017-01-25,0.18680151825953686,0.18680151825953686
2017-01-27,0.1789067672930742,0.1789067672930742
2017-01-30,0.1825062420937496,0.1825062420937496
2017-01-31,0.18118016829088598,0.18118016829088598
2017-02-01,0.1767644606202428,0.1767644606202428
2017-02-02,0.17768410309312016,0.17768410309312016
2017-02-03,0.18231914445326108,0.18231914445326108
2017-02-06,0.1893882946261712,0.1893882946261712
2017-02-07,0.18215319455094586,0.18215319455094586
2017-02-08,0.16253912898466966,0.16253912898466966
2017-02-09,0.1629575477690985,0.1629575477690985
2017-02-10,0.16410921336298384,0.16410921336298384
2017-02-13,0.1614871461597787,0.1614871461597787
2017-02-14,0.16636570899032807,0.16636570899032807
2017-02-15,0.16717275635025708,0.16717275635025708
2017-02-16,0.16537461111545804,0.16537461111545804
2017-02-17,0.1677480535760681,0.1677480535760681
2017-02-20,0.16537904088580607,0.16537904088580607
2017-02-21,0.16242765316678276,0.16242765316678276
2017-02-22,0.1639117896481799,0.1639117896481799
2017-02-23,0.17805089705958824,0.17805089705958824
2017-02-27,0.17764694228217343,0.17764694228217343
2017-02-28,0.18349155684371277,0.18349155684371277
2017-03-01,0.18064742656063654,0.18064742656063654
2017-03-02,0.17956868257427114,0.17956868257427114
2017-03-03,0.1877813207318223,0.1877813207318223
2017-03-06,0.17846757752086737,0.17846757752086737
2017-03-07,0.17196602257121546,0.17196602257121546
2017-03-08,0.1806988356518427,0.1806988356518427
2017-03-09,0.18141260018962665,0.18141260018962665
2017-03-10,0.17047089285311334,0.17047089285311334
2017-03-14,0.16631566660035974,0.16631566660035974
2017-03-15,0.16946309552739539,0.16946309552739539
2017-03-16,0.17229356868387913,0.17229356868387913
2017-03-17,0.17112831422182095,0.17112831422182095
2017-03-20,0.16949727760516167,0.16949727760516167
2017-03-21,0.17649993073378656,0.17649993073378656
2017-03-22,0.17666162941370347,0.17666162941370347
2017-03-23,0.17501817520527507,0.17501817520527507
2017-03-24,0.17271059174474596,0.17271059174474596
2017-03-27,0.1684294316367667,0.1684294316367667
2017-03-28,0.1835996451972076,0.1835996451972076
2017-03-29,0.1871976790874445,0.1871976790874445
2017-03-30,0.18526991650854663,0.18526991650854663
2017-03-31,0.19777554008720294,0.19777554008720294
2017-04-03,0.1996399978136316,0.1996399978136316
2017-04-05,0.1875222344557303,0.1875222344557303
2017-04-06,0.1893430190342651,0.1893430190342651
2017-04-07,0.1734722887648769,0.1734722887648769
2017-04-10,0.1725910574631329,0.1725910574631329
2017-04-11,0.1673510107412585,0.1673510107412585
2017-04-12,0.1736854058063799,0.1736854058063799
2017-04-13,0.17565955614843634,0.17565955614843634
2017-04-17,0.16831510040431544,0.16831510040431544
2017-04-18,0.16633911800512247,0.16633911800512247
2017-04-19,0.17500988447861018,0.17500988447861018
2017-04-20,0.17696464422477384,0.17696464422477384
2017-04-21,0.19183690817833204,0.19183690817833204
2017-04-24,0.19435636499639541,0.19435636499639541
2017-04-25,0.19513579893068778,0.19513579893068778
2017-04-26,0.19315845399867412,0.19315845399867412
2017-04-27,0.19395604217316914,0.19395604217316914
2017-04-28,0.1876657203138364,0.1876657203138364
2017-05-02,0.19304927154005228,0.19304927154005228
2017-05-03,0.18644567247530636,0.18644567247530636
2017-05-04,0.18450824969120166,0.18450824969120166
2017-05-05,0.17883350757058422,0.17883350757058422
2017-05-08,0.1831811063414952,0.1831811063414952
2017-05-09,0.1788159164646712,0.1788159164646712
2017-05-10,0.17330397700406516,0.17330397700406516
2017-05-11,0.1715303653070099,0.1715303653070099
2017-05-12,0.169569342919872,0.169569342919872
2017-05-15,0.16831339770759063,0.16831339770759063
2017-05-16,0.16794378093760973,0.16794378093760973
2017-05-17,0.17943207180599932,0.17943207180599932
2017-05-18,0.18542028858052007,0.18542028858052007
2017-05-19,0.18213409692913785,0.18213409692913785
2017-05-22,0.1794429480217212,0.1794429480217212
2017-05-23,0.17987080916162915,0.17987080916162915
2017-05-24,0.17968710565117257,0.17968710565117257
2017-05-25,0.1814281451442362,0.1814281451442362
2017-05-26,0.18523711391382136,0.18523711391382136
2017-05-29,0.1832275792917217,0.1832275792917217
2017-05-30,0.1820357629662955,0.1820357629662955
2017-05-31,0.1811790193806338,0.1811790193806338
2017-06-01,0.18061432258154206,0.18061432258154206
2017-06-02,0.18384013702061022,0.18384013702061022
2017-06-05,0.18431758784584568,0.18431758784584568
2017-06-06,0.1864769152702135,0.1864769152702135
2017-06-07,0.18787831053691798,0.18787831053691798
2017-06-08,0.18695314617379125,0.18695314617379125
2017-06-09,0.17870927313841728,0.17870927313841728
2017-06-12,0.186663434320102,0.186663434320102
2017-06-13,0.189136019837018,0.189136019837018
2017-06-14,0.18667902399766506,0.18667902399766506
2017-06-15,0.17811484378131512,0.17811484378131512
2017-06-16,0.17072847209672676,0.17072847209672676
2017-06-19,0.17304389968288247,0.17304389968288247
2017-06-20,0.1727496812730532,0.1727496812730532
2017-06-21,0.17205032771355827,0.17205032771355827
2017-06-22,0.17361171350585008,0.17361171350585008
2017-06-23,0.16974953211339763,0.16974953211339763
2017-06-27,0.18394200713244319,0.18394200713244319
2017-06-28,0.1834502839209464,0.1834502839209464
2017-06-29,0.17542422421603499,0.17542422421603499
2017-06-30,0.17508212200950932,0.17508212200950932
2017-07-03,0.16869990687210312,0.16869990687210312
2017-07-04,0.1687086431648817,0.1687086431648817
2017-07-05,0.16754737489374566,0.16754737489374566
2017-07-06,0.16393984519972266,0.16393984519972266
2017-07-07,0.17677202091870153,0.17677202091870153
2017-07-10,0.1730267416587541,0.1730267416587541
2017-07-11,0.16880240318731857,0.16880240318731857
2017-07-12,0.17061712966590015,0.17061712966590015
2017-07-13,0.169449586407581,0.169449586407581
2017-07-14,0.16984399796942712,0.16984399796942712
2017-07-17,0.16802985860386435,0.16802985860386435
2017-07-18,0.17137484687031254,0.17137484687031254
2017-07-19,0.16358493002565008,0.16358493002565008
2017-07-20,0.16518008959779334,0.16518008959779334
2017-07-21,0.1658141370305232,0.1658141370305232
2017-07-24,0.16464476578630688,0.16464476578630688
2017-07-25,0.16160771023597734,0.16160771023597734
2017-07-26,0.1593760711736211,0.1593760711736211
2017-07-27,0.16289832188297498,0.16289832188297498
2017-07-28,0.16314815426199514,0.16314815426199514
2017-07-31,0.1609113016570691,0.1609113016570691
2017-08-01,0.16164535501004018,0.16164535501004018
2017-08-02,0.16590024386396687,0.16590024386396687
2017-08-03,0.16537447384187137,0.16537447384187137
2017-08-04,0.16373082560617472,0.16373082560617472
2017-08-07,0.1635745452547679,0.1635745452547679
2017-08-08,0.16907556200012147,0.16907556200012147
2017-08-09,0.16650208520319648,0.16650208520319648
2017-08-10,0.16838940293452662,0.16838940293452662
2017-08-11,0.17397375184709948,0.17397375184709948
2017-08-14,0.1952442791326434,0.1952442791326434
2017-08-16,0.19502887680473968,0.19502887680473968
2017-08-17,0.2027626900132331,0.2027626900132331
2017-08-18,0.20298006310007563,0.20298006310007563
2017-08-21,0.17956009319008662,0.17956009319008662
2017-08-22,0.18963797225237933,0.18963797225237933
2017-08-23,0.1867431509124346,0.1867431509124346
2017-08-24,0.18718128763611813,0.18718128763611813
2017-08-28,0.17735487550907397,0.17735487550907397
2017-08-29,0.17063790159112746,0.17063790159112746
2017-08-30,0.18014305132556213,0.18014305132556213
2017-08-31,0.17178607027607773,0.17178607027607773
2017-09-01,0.16674631480981691,0.16674631480981691
2017-09-04,0.1647796930218727,0.1647796930218727
2017-09-05,0.16556425258708965,0.16556425258708965
2017-09-06,0.1615791806548666,0.1615791806548666
2017-09-07,0.15952693480024868,0.15952693480024868
2017-09-08,0.15911100670313433,0.15911100670313433
2017-09-11,0.17476582391293655,0.17476582391293655
2017-09-12,0.18061748252160253,0.18061748252160253
2017-09-13,0.18338370972782564,0.18338370972782564
2017-09-14,0.17969122801238163,0.17969122801238163
2017-09-15,0.18448839842151032,0.18448839842151032
2017-09-18,0.18337275120880298,0.18337275120880298
2017-09-19,0.18355844612616037,0.18355844612616037
2017-09-20,0.18287748005223353,0.18287748005223353
2017-09-21,0.17879968592459358,0.17879968592459358
2017-09-22,0.191631960505218,0.191631960505218
2017-09-25,0.21180038013628846,0.21180038013628846
2017-09-26,0.213932389663254,0.213932389663254
2017-09-27,0.2107224445731674,0.2107224445731674
2017-09-28,0.20986929562039602,0.20986929562039602
2017-09-29,0.21295636537601612,0.21295636537601612
2017-10-03,0.2261325628062023,0.2261325628062023
2017-10-04,0.22135800429511163,0.22135800429511163
2017-10-05,0.21856665606939588,0.21856665606939588
2017-10-06,0.21676945242065654,0.21676945242065654
2017-10-09,0.21923902345933724,0.21923902345933724
2017-10-10,0.2180371502538332,0.2180371502538332
2017-10-11,0.21709374479200563,0.21709374479200563
2017-10-12,0.21673521574436,0.21673521574436
2017-10-13,0.21583995855247795,0.21583995855247795
2017-10-16,0.21649912687401895,0.21649912687401895
2017-10-17,0.21397762922867253,0.21397762922867253
2017-10-18,0.21655940984544153,0.21655940984544153
2017-10-19,0.21574331751462691,0.21574331751462691
2017-10-23,0.2165603071298359,0.2165603071298359
2017-10-24,0.21692928380377946,0.21692928380377946
2017-10-25,0.2120641997666969,0.2120641997666969
2017-10-26,0.20876669286851945,0.20876669286851945
2017-10-27,0.21090678852406824,0.21090678852406824
2017-10-30,0.21380438167451202,0.21380438167451202
2017-10-31,0.21397410716079054,0.21397410716079054
2017-11-01,0.22412919093484143,0.22412919093484143
2017-11-02,0.2223262395500718,0.2223262395500718
2017-11-03,0.22145016290578784,0.22145016290578784
2017-11-06,0.22109139012293563,0.22109139012293563
2017-11-07,0.213609148793689,0.213609148793689
2017-11-08,0.20453386040096658,0.20453386040096658
2017-11-09,0.1997304178704411,0.1997304178704411
2017-11-10,0.17603423831975884,0.17603423831975884
2017-11-13,0.17831459426134705,0.17831459426134705
2017-11-14,0.17798595269851405,0.17798595269851405
2017-11-15,0.17494646259435376,0.17494646259435376
2017-11-16,0.1942374830615145,0.1942374830615145
2017-11-17,0.18974236658029908,0.18974236658029908
2017-11-20,0.20515794959758513,0.20515794959758513
2017-11-21,0.20220371878679202,0.20220371878679202
2017-11-22,0.20619917873099328,0.20619917873099328
2017-11-23,0.21086628146840275,0.21086628146840275
2017-11-24,0.21151294599089784,0.21151294599089784
2017-11-27,0.21100901105217842,0.21100901105217842
2017-11-28,0.2049327031014921,0.2049327031014921
2017-11-29,0.20563675965019937,0.20563675965019937
2017-11-30,0.20404255467132573,0.20404255467132573
2017-12-01,0.2083370891292523,0.2083370891292523
2017-12-04,0.2098896449052993,0.2098896449052993
2017-12-05,0.20618120316296254,0.20618120316296254
2017-12-06,0.182987989151759,0.182987989151759
2017-12-07,0.18278130302541382,0.18278130302541382
2017-12-08,0.19081984220574796,0.19081984220574796
2017-12-11,0.1938563254806983,0.1938563254806983
2017-12-12,0.1913961019874321,0.1913961019874321
2017-12-13,0.19615130700291278,0.19615130700291278
2017-12-14,0.19417028041220857,0.19417028041220857
2017-12-15,0.2045199038115352,0.2045199038115352
2017-12-18,0.2052132972368162,0.2052132972368162
2017-12-19,0.19260199995598554,0.19260199995598554
2017-12-20,0.18995867280586914,0.18995867280586914
2017-12-21,0.19152291939080598,0.19152291939080598
2017-12-22,0.19303078207550634,0.19303078207550634
2017-12-26,0.19708786792689645,0.19708786792689645
2017-12-27,0.1957699453991872,0.1957699453991872
2017-12-28,0.20113967769590455,0.20113967769590455
2017-12-29,0.2038214449235203,0.2038214449235203
2018-01-02,0.18414683056128356,0.18414683056128356
2018-01-03,0.19668463240767967,0.19668463240767967
2018-01-04,0.1921382567028475,0.1921382567028475
2018-01-05,0.1872150687402641,0.1872150687402641
2018-01-08,0.1875321843481966,0.1875321843481966
2018-01-09,0.19085303849231838,0.19085303849231838
2018-01-10,0.1889716480323,0.1889716480323
2018-01-11,0.18655392251205502,0.18655392251205502
2018-01-12,0.1846032290575887,0.1846032290575887
2018-01-15,0.18446616006086375,0.18446616006086375
2018-01-16,0.1802140342599278,0.1802140342599278
2018-01-17,0.17451214280729013,0.17451214280729013
2018-01-18,0.1718537881489208,0.1718537881489208
2018-01-19,0.1713980383993773,0.1713980383993773
2018-01-22,0.16475136936702,0.16475136936702
2018-01-23,0.16072880976855974,0.16072880976855974
2018-01-24,0.16247760406983527,0.16247760406983527
2018-01-25,0.1617748464077605,0.1617748464077605
2018-01-29,0.15347978507361812,0.15347978507361812
2018-01-30,0.16017966561349414,0.16017966561349414
2018-01-31,0.15857186740572016,0.15857186740572016
2018-02-01,0.15277099329881388,0.15277099329881388
2018-02-02,0.2204530209239642,0.2204530209239642
2018-02-05,0.24912449228151287,0.24912449228151287
2018-02-06,0.22440216136097543,0.22440216136097543
2018-02-07,0.21493249986002563,0.21493249986002563
2018-02-08,0.2039790970742034,0.2039790970742034
2018-02-09,0.19826966047836192,0.19826966047836192
2018-02-12,0.2023978676495223,0.2023978676495223
2018-02-14,0.21060334573990686,0.21060334573990686
2018-02-15,0.20642568051693436,0.20642568051693436
2018-02-16,0.21175919978494018,0.21175919978494018
2018-02-19,0.21221566462431488,0.21221566462431488
2018-02-20,0.2124364174713935,0.2124364174713935
2018-02-21,0.20869560270462856,0.20869560270462856
2018-02-22,0.20825780696165516,0.20825780696165516
2018-02-23,0.20997531836453234,0.20997531836453234
2018-02-26,0.21554730525362706,0.21554730525362706
2018-02-27,0.2231925609171564,0.2231925609171564
2018-02-28,0.22957595925847077,0.22957595925847077
2018-03-01,0.2385879032089651,0.2385879032089651
2018-03-05,0.2326324923165038,0.2326324923165038
2018-03-06,0.2321461304673549,0.2321461304673549
2018-03-07,0.23147560092182798,0.23147560092182798
2018-03-08,0.23276041929948915,0.23276041929948915
2018-03-09,0.2276181969571439,0.2276181969571439
2018-03-12,0.22226718810954946,0.22226718810954946
2018-03-13,0.22105379301496836,0.22105379301496836
2018-03-14,0.2186495849486568,0.2186495849486568
2018-03-15,0.2181491211075344,0.2181491211075344
2018-03-16,0.21114779866364908,0.21114779866364908
2018-03-19,0.21059379376028142,0.21059379376028142
2018-03-20,0.20912072990822358,0.20912072990822358
2018-03-21,0.20973136042508386,0.20973136042508386
2018-03-22,0.20554687622112033,0.20554687622112033
2018-03-23,0.19499006693424667,0.19499006693424667
2018-03-26,0.20136553011416383,0.20136553011416383
2018-03-27,0.19339168697288392,0.19339168697288392
2018-03-28,0.19656721296236132,0.19656721296236132
2018-04-02,0.18545463755752986,0.18545463755752986
2018-04-03,0.1868101779533767,0.1868101779533767
2018-04-04,0.18304551625542387,0.18304551625542387
2018-04-05,0.18133434254471562,0.18133434254471562
2018-04-06,0.17929540275392247,0.17929540275392247
2018-04-09,0.18137367604583515,0.18137367604583515
2018-04-10,0.18552441924449767,0.18552441924449767
2018-04-11,0.18552168069104985,0.18552168069104985
2018-04-12,0.182209745661747,0.182209745661747
2018-04-13,0.18111677588114347,0.18111677588114347
2018-04-16,0.18140253943835413,0.18140253943835413
2018-04-17,0.17996961029321992,0.17996961029321992
2018-04-18,0.18549327731179696,0.18549327731179696
2018-04-19,0.18677813778212804,0.18677813778212804
2018-04-20,0.18876666277638282,0.18876666277638282
2018-04-23,0.18894841277080845,0.18894841277080845
2018-04-24,0.18136001182245406,0.18136001182245406
2018-04-25,0.18321191912483167,0.18321191912483167
2018-04-26,0.1787139693872715,0.1787139693872715
2018-04-27,0.18115000473126516,0.18115000473126516
2018-04-30,0.17676643780637233,0.17676643780637233
2018-05-02,0.1803374129723049,0.1803374129723049
2018-05-03,0.17893722310267599,0.17893722310267599
2018-05-04,0.16035277532496453,0.16035277532496453
2018-05-07,0.15708649309698228,0.15708649309698228
2018-05-08,0.15387814203524836,0.15387814203524836
2018-05-09,0.1604872427574922,0.1604872427574922
2018-05-10,0.1653963090309081,0.1653963090309081
2018-05-11,0.18540901339582586,0.18540901339582586
2018-05-14,0.1772542692799104,0.1772542692799104
2018-05-15,0.1701701910141371,0.1701701910141371
2018-05-16,0.16836454254982705,0.16836454254982705
2018-05-17,0.16684935295642817,0.16684935295642817
2018-05-18,0.165751855353724,0.165751855353724
2018-05-21,0.16523124742072712,0.16523124742072712
2018-05-22,0.16392567024433025,0.16392567024433025
2018-05-23,0.16667743584924616,0.16667743584924616
2018-05-24,0.1619323730079607,0.1619323730079607
2018-05-25,0.1689726459982176,0.1689726459982176
2018-05-28,0.1695889467006578,0.1695889467006578
2018-05-29,0.17535433991507177,0.17535433991507177
2018-05-30,0.18946301352641054,0.18946301352641054
2018-05-31,0.1936040405226146,0.1936040405226146
2018-06-01,0.1910963859112589,0.1910963859112589
2018-06-04,0.18825681281716805,0.18825681281716805
2018-06-05,0.18462726597555046,0.18462726597555046
2018-06-06,0.18032555214377816,0.18032555214377816
2018-06-07,0.17728806888060364,0.17728806888060364
2018-06-08,0.173975637156715,0.173975637156715
2018-06-11,0.17264105048581327,0.17264105048581327
2018-06-12,0.17517456353117936,0.17517456353117936
2018-06-13,0.17323348357102494,0.17323348357102494
2018-06-14,0.1626060101667985,0.1626060101667985
2018-06-15,0.16220246188371704,0.16220246188371704
2018-06-18,0.16495851578210557,0.16495851578210557
2018-06-19,0.15797263884050172,0.15797263884050172
2018-06-20,0.15659107288377308,0.15659107288377308
2018-06-21,0.15957578578899642,0.15957578578899642
2018-06-22,0.15729040760592872,0.15729040760592872
2018-06-25,0.15150276232354654,0.15150276232354654
2018-06-26,0.16259427487114492,0.16259427487114492
2018-06-27,0.16400142960771652,0.16400142960771652
2018-06-28,0.16602873446586514,0.16602873446586514
2018-06-29,0.17031808152143346,0.17031808152143346
2018-07-02,0.17069461999274504,0.17069461999274504
2018-07-03,0.16662759719908848,0.16662759719908848
2018-07-04,0.16304884568491146,0.16304884568491146
2018-07-05,0.16600753110205752,0.16600753110205752
2018-07-06,0.1696673446023091,0.1696673446023091
2018-07-09,0.17059686978831645,0.17059686978831645
2018-07-10,0.17210511518994526,0.17210511518994526
2018-07-11,0.17291534759875388,0.17291534759875388
2018-07-12,0.1804457092342378,0.1804457092342378
2018-07-13,0.1814485931448442,0.1814485931448442
2018-07-16,0.18782675599371473,0.18782675599371473
2018-07-17,0.18713572010837762,0.18713572010837762
2018-07-18,0.2001174738238121,0.2001174738238121
2018-07-19,0.2008417638544089,0.2008417638544089
2018-07-20,0.19551456765257622,0.19551456765257622
2018-07-23,0.19458550368977037,0.19458550368977037
2018-07-24,0.1954594182049572,0.1954594182049572
2018-07-25,0.18930594788828248,0.18930594788828248
2018-07-26,0.19086095675629042,0.19086095675629042
2018-07-27,0.19697402164634717,0.19697402164634717
2018-07-30,0.19792229846326395,0.19792229846326395
2018-07-31,0.19791124798182244,0.19791124798182244
2018-08-01,0.1972744966077031,0.1972744966077031
2018-08-02,0.19207362717303822,0.19207362717303822
2018-08-03,0.19435016612573253,0.19435016612573253
2018-08-06,0.19311561471173294,0.19311561471173294
2018-08-07,0.20511202137982112,0.20511202137982112
2018-08-08,0.20186542932697743,0.20186542932697743
2018-08-09,0.20405560197747064,0.20405560197747064
2018-08-10,0.19834461898698108,0.19834461898698108
2018-08-13,0.21617923463171868,0.21617923463171868
2018-08-14,0.2238208358408252,0.2238208358408252
2018-08-16,0.2365738953146146,0.2365738953146146
2018-08-17,0.2476893993307425,0.2476893993307425
2018-08-20,0.25591094128236447,0.25591094128236447
2018-08-21,0.25839015055417874,0.25839015055417874
2018-08-23,0.24853240930765957,0.24853240930765957
2018-08-24,0.25161653435529996,0.25161653435529996
2018-08-27,0.26468134122081305,0.26468134122081305
2018-08-28,0.2747044675633429,0.2747044675633429
2018-08-29,0.2791483952688973,0.2791483952688973
2018-08-30,0.28396925837376974,0.28396925837376974
2018-08-31,0.27837117763518016,0.27837117763518016
2018-09-03,0.2730462326746176,0.2730462326746176
2018-09-04,0.27457079873209855,0.27457079873209855
2018-09-05,0.277168338554599,0.277168338554599
2018-09-06,0.276224356203777,0.276224356203777
2018-09-07,0.27755073515069756,0.27755073515069756
2018-09-10,0.2687793450599277,0.2687793450599277
2018-09-11,0.25888489599825953,0.25888489599825953
2018-09-12,0.25779132438924685,0.25779132438924685
2018-09-14,0.2552936142653855,0.2552936142653855
2018-09-17,0.2574272882552299,0.2574272882552299
2018-09-18,0.2438842782449401,0.2438842782449401
2018-09-19,0.23601476271331082,0.23601476271331082
2018-09-21,0.22684879458603874,0.22684879458603874
2018-09-24,0.22715681487278797,0.22715681487278797
2018-09-25,0.22168860926842907,0.22168860926842907
2018-09-26,0.23319583160120844,0.23319583160120844
2018-09-27,0.2297729390631479,0.2297729390631479
2018-09-28,0.22818016069701025,0.22818016069701025
2018-10-01,0.23006149787416508,0.23006149787416508
2018-10-03,0.22469960263420927,0.22469960263420927
2018-10-04,0.24333973233611653,0.24333973233611653
2018-10-05,0.24813659680696756,0.24813659680696756
2018-10-08,0.2462022965390079,0.2462022965390079
2018-10-09,0.24507495625269782,0.24507495625269782
2018-10-10,0.19429916730884822,0.19429916730884822
2018-10-11,0.20800892236544474,0.20800892236544474
2018-10-12,0.228433457446556,0.228433457446556
2018-10-15,0.22267727014059913,0.22267727014059913
2018-10-16,0.22522495495170303,0.22522495495170303
2018-10-17,0.22701080957293204,0.22701080957293204
2018-10-19,0.23833573167131222,0.23833573167131222
2018-10-22,0.2378732958573926,0.2378732958573926
2018-10-23,0.23081515533602617,0.23081515533602617
2018-10-24,0.20872320089110183,0.20872320089110183
2018-10-25,0.20660043438175907,0.20660043438175907
2018-10-26,0.20370160891864475,0.20370160891864475
2018-10-29,0.20113713269127306,0.20113713269127306
2018-10-30,0.19297007041546005,0.19297007041546005
2018-10-31,0.20100159414156593,0.20100159414156593
2018-11-01,0.1951362588911267,0.1951362588911267
2018-11-02,0.20062207535215548,0.20062207535215548
2018-11-05,0.1998474158990724,0.1998474158990724
2018-11-06,0.2005463955561637,0.2005463955561637
2018-11-07,0.20174460632753582,0.20174460632753582
2018-11-09,0.20072625037852293,0.20072625037852293
2018-11-12,0.20362402083857456,0.20362402083857456
2018-11-13,0.1988796070740146,0.1988796070740146
2018-11-14,0.19696310261707603,0.19696310261707603
2018-11-15,0.19856324101630782,0.19856324101630782
2018-11-16,0.20391754640462315,0.20391754640462315
2018-11-19,0.20178327950898256,0.20178327950898256
2018-11-20,0.2066943760454482,0.2066943760454482
2018-11-21,0.20796562977326602,0.20796562977326602
2018-11-22,0.2094815268796626,0.2094815268796626
2018-11-26,0.20571369794631172,0.20571369794631172
2018-11-27,0.2093814963029789,0.2093814963029789
2018-11-28,0.20387118886315697,0.20387118886315697
2018-11-29,0.20071661188825013,0.20071661188825013
2018-11-30,0.20287801670700364,0.20287801670700364
2018-12-03,0.20507989672188257,0.20507989672188257
2018-12-04,0.20683277767239439,0.20683277767239439
2018-12-05,0.20784273254813268,0.20784273254813268
2018-12-06,0.20373891729352883,0.20373891729352883
2018-12-07,0.19307512287757667,0.19307512287757667
2018-12-10,0.18614366029615598,0.18614366029615598
2018-12-11,0.19098495897539675,0.19098495897539675
2018-12-12,0.19369141853172703,0.19369141853172703
2018-12-13,0.19457726499339825,0.19457726499339825
2018-12-14,0.1866155797908514,0.1866155797908514
2018-12-17,0.18208538350427528,0.18208538350427528
2018-12-18,0.18194524802387382,0.18194524802387382
2018-12-19,0.18059319432139728,0.18059319432139728
2018-12-20,0.18312645062330027,0.18312645062330027
2018-12-21,0.18943341989149348,0.18943341989149348
2018-12-24,0.19738894800522194,0.19738894800522194
2018-12-26,0.20485256763218102,0.20485256763218102
2018-12-27,0.20134573589054733,0.20134573589054733
2018-12-28,0.20254702281621392,0.20254702281621392
2018-12-31,0.19864192228148816,0.19864192228148816
2019-01-02,0.2000224857856318,0.2000224857856318
2019-01-03,0.19584153475975322,0.19584153475975322
2019-01-04,0.20193432913617385,0.20193432913617385
2019-01-07,0.2027479669433684,0.2027479669433684
2019-01-08,0.2044082106445768,0.2044082106445768
2019-01-09,0.2267435771764513,0.2267435771764513
2019-01-10,0.21302293845572762,0.21302293845572762
2019-01-11,0.2038825688635567,0.2038825688635567
2019-01-14,0.20781755072241093,0.20781755072241093
2019-01-15,0.20238398382011544,0.20238398382011544
2019-01-16,0.20239529231922887,0.20239529231922887
2019-01-17,0.20142371076079163,0.20142371076079163
2019-01-18,0.19960198802964826,0.19960198802964826
2019-01-21,0.19856029920405582,0.19856029920405582
2019-01-22,0.20084439169031748,0.20084439169031748
2019-01-23,0.2016102796265328,0.2016102796265328
2019-01-24,0.20178742812146502,0.20178742812146502
2019-01-25,0.2000341620084906,0.2000341620084906
2019-01-28,0.20728380954444536,0.20728380954444536
2019-01-29,0.2031288528200114,0.2031288528200114
2019-01-30,0.20678526729981112,0.20678526729981112
2019-01-31,0.2125693412308704,0.2125693412308704
2019-02-01,0.21275807867853772,0.21275807867853772
2019-02-04,0.21503582565666482,0.21503582565666482
2019-02-05,0.2123849663318935,0.2123849663318935
2019-02-06,0.21431249521497864,0.21431249521497864
2019-02-07,0.20992096229223658,0.20992096229223658
2019-02-08,0.2183690200433254,0.2183690200433254
2019-02-11,0.21754360837195916,0.21754360837195916
2019-02-12,0.2155429388201115,0.2155429388201115
2019-02-14,0.20951298882232555,0.20951298882232555
2019-02-15,0.2071991326404912,0.2071991326404912
2019-02-18,0.1998739134105125,0.1998739134105125
2019-02-19,0.2023297762818368,0.2023297762818368
2019-02-20,0.20573369125039703,0.20573369125039703
2019-02-21,0.20213809723303916,0.20213809723303916
2019-02-22,0.20351877616514238,0.20351877616514238
2019-02-25,0.20346698807431604,0.20346698807431604
2019-02-26,0.20487264297840355,0.20487264297840355
2019-02-27,0.20377633502419795,0.20377633502419795
2019-02-28,0.20622580792960385,0.20622580792960385
2019-03-01,0.22032637368253327,0.22032637368253327
2019-03-05,0.21562376363812297,0.21562376363812297
2019-03-06,0.21466110006398378,0.21466110006398378
2019-03-07,0.22298851521335236,0.22298851521335236
2019-03-08,0.2351164160278587,0.2351164160278587
2019-03-11,0.23201380195052773,0.23201380195052773
2019-03-12,0.22953881871098156,0.22953881871098156
2019-03-13,0.228569659946686,0.228569659946686
2019-03-14,0.22627259124740307,0.22627259124740307
2019-03-15,0.2326506792072664,0.2326506792072664
2019-03-18,0.2336517400628464,0.2336517400628464
2019-03-19,0.23491151291768725,0.23491151291768725
2019-03-20,0.22538781710636457,0.22538781710636457
2019-03-22,0.23245996608779912,0.23245996608779912
2019-03-25,0.20937569658668406,0.20937569658668406
2019-03-26,0.20323311980940315,0.20323311980940315
2019-03-27,0.20500346669552383,0.20500346669552383
2019-03-28,0.21088324297570904,0.21088324297570904
2019-04-01,0.20925760505549457,0.20925760505549457
2019-04-02,0.21497463193746877,0.21497463193746877
2019-04-03,0.214352154139773,0.214352154139773
2019-04-04,0.19308132311684953,0.19308132311684953
2019-04-05,0.19834862160276204,0.19834862160276204
2019-04-08,0.19816869725736388,0.19816869725736388
2019-04-09,0.1935477632214717,0.1935477632214717
2019-04-10,0.18943758008179948,0.18943758008179948
2019-04-11,0.19565339837198947,0.19565339837198947
2019-04-12,0.19443339390239345,0.19443339390239345
2019-04-15,0.1995166201534616,0.1995166201534616
2019-04-16,0.1927251352433094,0.1927251352433094
2019-04-18,0.1928013486303376,0.1928013486303376
2019-04-22,0.1946049858132146,0.1946049858132146
2019-04-23,0.19319339352551507,0.19319339352551507
2019-04-24,0.1870126790685906,0.1870126790685906
2019-04-25,0.19114354479970275,0.19114354479970275
2019-04-26,0.1854758528787476,0.1854758528787476
2019-04-30,0.18756365815602594,0.18756365815602594
2019-05-02,0.19246610906871003,0.19246610906871003
2019-05-03,0.1928262991756559,0.1928262991756559
2019-05-06,0.19448947540695766,0.19448947540695766
2019-05-07,0.1970722967140396,0.1970722967140396
2019-05-08,0.19725793540987552,0.19725793540987552
2019-05-09,0.1967027393445259,0.1967027393445259
2019-05-10,0.19765620869905434,0.19765620869905434
2019-05-13,0.20979300212353902,0.20979300212353902
2019-05-14,0.21135139173860368,0.21135139173860368
2019-05-15,0.20775081101696116,0.20775081101696116
2019-05-16,0.2118516481740318,0.2118516481740318
2019-05-17,0.21221478925455028,0.21221478925455028
2019-05-20,0.210123322999089,0.210123322999089
2019-05-21,0.20210080121099003,0.20210080121099003
2019-05-22,0.199299764990077,0.199299764990077
2019-05-23,0.21259147273433007,0.21259147273433007
2019-05-24,0.21277055124372582,0.21277055124372582
2019-05-27,0.21720026214274032,0.21720026214274032
2019-05-28,0.2141955018572673,0.2141955018572673
2019-05-29,0.2200165940826293,0.2200165940826293
2019-05-30,0.2153746004518075,0.2153746004518075
2019-05-31,0.2208448592054906,0.2208448592054906
2019-06-03,0.21928386425044227,0.21928386425044227
2019-06-04,0.21836436181584945,0.21836436181584945
2019-06-06,0.21339551463205753,0.21339551463205753
2019-06-07,0.20920414064638784,0.20920414064638784
2019-06-10,0.20971541731991247,0.20971541731991247
2019-06-11,0.21023420870038229,0.21023420870038229
2019-06-12,0.20546895214483257,0.20546895214483257
2019-06-13,0.20536161657537386,0.20536161657537386
2019-06-14,0.20853797477296238,0.20853797477296238
2019-06-17,0.20843564263547973,0.20843564263547973
2019-06-18,0.20822536222216312,0.20822536222216312
2019-06-19,0.20684217455781664,0.20684217455781664
2019-06-20,0.17881379130139147,0.17881379130139147
2019-06-21,0.17840305699311465,0.17840305699311465
2019-06-24,0.1685735304667601,0.1685735304667601
2019-06-25,0.16620617276305066,0.16620617276305066
2019-06-26,0.16314315303609198,0.16314315303609198
2019-06-27,0.16643788620952027,0.16643788620952027
2019-06-28,0.16346297274608734,0.16346297274608734
2019-07-01,0.15535008628935693,0.15535008628935693
2019-07-02,0.14802631779531245,0.14802631779531245
2019-07-03,0.14465900859087175,0.14465900859087175
2019-07-04,0.14477029241376926,0.14477029241376926
2019-07-05,0.14137654258860388,0.14137654258860388
2019-07-08,0.1478991026911723,0.1478991026911723
2019-07-09,0.14972291465225832,0.14972291465225832
2019-07-10,0.14895261532080134,0.14895261532080134
2019-07-11,0.14556822372127987,0.14556822372127987
2019-07-12,0.14285885146855679,0.14285885146855679
2019-07-15,0.14272888391208163,0.14272888391208163
2019-07-16,0.1475048312060436,0.1475048312060436
2019-07-17,0.14547099715173112,0.14547099715173112
2019-07-18,0.1396855541417933,0.1396855541417933
2019-07-19,0.13921605067535497,0.13921605067535497
2019-07-22,0.1416805787644449,0.1416805787644449
2019-07-23,0.1462164010007195,0.1462164010007195
2019-07-24,0.14299589148103573,0.14299589148103573
2019-07-25,0.1404642440934324,0.1404642440934324
2019-07-26,0.13944952603970034,0.13944952603970034
2019-07-29,0.14433565687013722,0.14433565687013722
2019-07-30,0.14470810881925864,0.14470810881925864
2019-07-31,0.13998261778755222,0.13998261778755222
2019-08-01,0.1366579940094132,0.1366579940094132
2019-08-02,0.1359802559136564,0.1359802559136564
2019-08-05,0.1574302860617658,0.1574302860617658
2019-08-06,0.1468513908395141,0.1468513908395141
2019-08-07,0.13342601138432172,0.13342601138432172
2019-08-08,0.15046563325605403,0.15046563325605403
2019-08-09,0.14398786925516285,0.14398786925516285
2019-08-13,0.15268970937923554,0.15268970937923554
2019-08-14,0.1636004502199132,0.1636004502199132
2019-08-16,0.1668615982170755,0.1668615982170755
2019-08-19,0.16948045681683072,0.16948045681683072
2019-08-20,0.19145730285228976,0.19145730285228976
2019-08-21,0.18268703696236438,0.18268703696236438
2019-08-22,0.18115314970348298,0.18115314970348298
2019-08-23,0.18028722436137612,0.18028722436137612
2019-08-26,0.18370286758805238,0.18370286758805238
2019-08-27,0.18016178121538845,0.18016178121538845
2019-08-28,0.1705245327741594,0.1705245327741594
2019-08-29,0.1740388172119967,0.1740388172119967
2019-08-30,0.17742316905633307,0.17742316905633307
2019-09-03,0.19273593979070405,0.19273593979070405
2019-09-04,0.20148308781086333,0.20148308781086333
2019-09-05,0.20525881449427336,0.20525881449427336
2019-09-06,0.208090903992298,0.208090903992298
2019-09-09,0.21021883346597908,0.21021883346597908
2019-09-11,0.20668167689295208,0.20668167689295208
2019-09-12,0.20642560863837897,0.20642560863837897
2019-09-13,0.20881728139799596,0.20881728139799596
2019-09-16,0.19840128408755445,0.19840128408755445
2019-09-17,0.20470478553547752,0.20470478553547752
2019-09-18,0.22021899804388756,0.22021899804388756
2019-09-19,0.21762220628496973,0.21762220628496973
2019-09-20,0.19647856792395185,0.19647856792395185
2019-09-23,0.19031376437283046,0.19031376437283046
2019-09-24,0.1927376850582302,0.1927376850582302
2019-09-25,0.19274984151331567,0.19274984151331567
2019-09-26,0.19415404167102673,0.19415404167102673
2019-09-27,0.1942502832915176,0.1942502832915176
2019-09-30,0.19466401865530583,0.19466401865530583
2019-10-01,0.2052514788257062,0.2052514788257062
2019-10-03,0.20839782179176972,0.20839782179176972
2019-10-04,0.20581594186483074,0.20581594186483074
2019-10-07,0.20480899461342544,0.20480899461342544
2019-10-09,0.201570798393628,0.201570798393628
2019-10-10,0.20583546564769573,0.20583546564769573
2019-10-11,0.20820635212436886,0.20820635212436886
2019-10-14,0.20792185770946892,0.20792185770946892
2019-10-15,0.20808180768695267,0.20808180768695267
2019-10-16,0.20877829606176365,0.20877829606176365
2019-10-17,0.20861799944741383,0.20861799944741383
2019-10-18,0.20998637167448844,0.20998637167448844
2019-10-22,0.2068462150243929,0.2068462150243929
2019-10-23,0.208286582436392,0.208286582436392
2019-10-24,0.20733953209519201,0.20733953209519201
2019-10-25,0.2092419293719557,0.2092419293719557
2019-10-29,0.20473061104430773,0.20473061104430773
2019-10-30,0.20411905417745532,0.20411905417745532
2019-10-31,0.2027665355583951,0.2027665355583951
2019-11-01,0.20566620674465558,0.20566620674465558
2019-11-04,0.20929027343328171,0.20929027343328171
2019-11-05,0.19453072252473216,0.19453072252473216
2019-11-06,0.19578635571313016,0.19578635571313016
2019-11-07,0.17986674275877507,0.17986674275877507
2019-11-08,0.17941443151280262,0.17941443151280262
2019-11-11,0.18464987677768596,0.18464987677768596
2019-11-13,0.18579199558970916,0.18579199558970916
2019-11-14,0.18387189894009986,0.18387189894009986
2019-11-15,0.1922769505814474,0.1922769505814474
2019-11-18,0.20690042403103423,0.20690042403103423
2019-11-19,0.22227229486958436,0.22227229486958436
2019-11-20,0.21546172396164046,0.21546172396164046
2019-11-21,0.21285726901278945,0.21285726901278945
2019-11-22,0.2122799004242316,0.2122799004242316
2019-11-25,0.2112635211564157,0.2112635211564157
2019-11-26,0.2027168832263818,0.2027168832263818
2019-11-27,0.2063668384302318,0.2063668384302318
2019-11-28,0.20661768883754958,0.20661768883754958
2019-11-29,0.20978332794100463,0.20978332794100463
2019-12-02,0.20671297988245846,0.20671297988245846
2019-12-03,0.20809361293903023,0.20809361293903023
2019-12-04,0.19969916978391178,0.19969916978391178
2019-12-05,0.19682667516381874,0.19682667516381874
2019-12-06,0.19813900328418768,0.19813900328418768
2019-12-09,0.19780269877009515,0.19780269877009515
2019-12-10,0.19492333737067774,0.19492333737067774
2019-12-11,0.19609718506040363,0.19609718506040363
2019-12-12,0.19936992574944035,0.19936992574944035
2019-12-13,0.19805429292650686,0.19805429292650686
2019-12-16,0.24191535071594905,0.24191535071594905
2019-12-17,0.23646211449923205,0.23646211449923205
2019-12-18,0.23915888258188817,0.23915888258188817
2019-12-19,0.2400720656519159,0.2400720656519159
2019-12-20,0.23764973098357434,0.23764973098357434
2019-12-23,0.23643258891896485,0.23643258891896485
2019-12-24,0.2362056927182824,0.2362056927182824
2019-12-26,0.24022923229635168,0.24022923229635168
2019-12-27,0.23768486671601088,0.23768486671601088
2019-12-30,0.23989777217604943,0.23989777217604943
2019-12-31,0.2419797979597414,0.2419797979597414
2020-01-01,0.2059623804587821,0.2059623804587821
2020-01-02,0.18951769115165426,0.18951769115165426
2020-01-03,0.18712160259287128,0.18712160259287128
2020-01-06,0.19262967085744498,0.19262967085744498
2020-01-07,0.20012871391329168,0.20012871391329168
2020-01-08,0.19343449390362763,0.19343449390362763
2020-01-09,0.18982998857181876,0.18982998857181876
2020-01-10,0.1923850317705021,0.1923850317705021
2020-01-13,0.197620477412344,0.197620477412344
2020-01-14,0.19793811315885332,0.19793811315885332
2020-01-15,0.19954842609954504,0.19954842609954504
2020-01-16,0.203536043001009,0.203536043001009
2020-01-17,0.20699821192265888,0.20699821192265888
2020-01-20,0.20865147570449002,0.20865147570449002
2020-01-21,0.21194431825233373,0.21194431825233373
2020-01-22,0.22037952313022022,0.22037952313022022
2020-01-23,0.22683103318083114,0.22683103318083114
2020-01-24,0.23129047823050458,0.23129047823050458
2020-01-27,0.25936924955957386,0.25936924955957386
2020-01-28,0.2478415052012048,0.2478415052012048
2020-01-29,0.24915254034596612,0.24915254034596612
2020-01-30,0.26020390645350416,0.26020390645350416
2020-01-31,0.2691967010956403,0.2691967010956403
2020-02-03,0.2467047805814789,0.2467047805814789
2020-02-04,0.28400506295988653,0.28400506295988653
2020-02-05,0.2911477129263392,0.2911477129263392
2020-02-06,0.28944893707147673,0.28944893707147673
2020-02-07,0.29543718263167285,0.29543718263167285
2020-02-10,0.28553166413701586,0.28553166413701586
2020-02-11,0.2894670301165431,0.2894670301165431
2020-02-12,0.29572915664301297,0.29572915664301297
2020-02-13,0.2971085297979587,0.2971085297979587
2020-02-14,0.301976975231471,0.301976975231471
2020-02-17,0.30308288480478063,0.30308288480478063
2020-02-18,0.30162288549730676,0.30162288549730676
2020-02-19,0.3001025535487828,0.3001025535487828
2020-02-20,0.29943134939218324,0.29943134939218324
2020-02-24,0.3945211249908426,0.3945211249908426
2020-02-25,0.36586129668244566,0.36586129668244566
2020-02-26,0.3609123171177408,0.3609123171177408
2020-02-27,0.3374114221963433,0.3374114221963433
2020-02-28,0.30532654441480034,0.30532654441480034
2020-03-02,0.28163466251881486,0.28163466251881486
2020-03-03,0.28507679200054853,0.28507679200054853
2020-03-04,0.27214238772941535,0.27214238772941535
2020-03-05,0.2801307111568899,0.2801307111568899
2020-03-06,0.28021910708832654,0.28021910708832654
2020-03-09,0.32785492436727504,0.32785492436727504
2020-03-11,0.3198784902314826,0.3198784902314826
2020-03-12,0.37531077512212346,0.37531077512212346
2020-03-13,0.3350103090301693,0.3350103090301693
2020-03-16,0.3534211385602427,0.3534211385602427
2020-03-17,0.3449084286575071,0.3449084286575071
2020-03-18,0.366216824339742,0.366216824339742
2020-03-19,0.3568240374340845,0.3568240374340845
2020-03-20,0.3415818083509954,0.3415818083509954
2020-03-23,0.3000665734812965,0.3000665734812965
2020-03-24,0.29839347577603687,0.29839347577603687
2020-03-25,0.2977839923189824,0.2977839923189824
2020-03-26,0.28577420672450754,0.28577420672450754
2020-03-27,0.28761045983456734,0.28761045983456734
2020-03-30,0.27880458916081025,0.27880458916081025
2020-03-31,0.2798399406730849,0.2798399406730849
2020-04-01,0.2729654905199316,0.2729654905199316
2020-04-03,0.28256913545723555,0.28256913545723555
2020-04-07,0.2775009772194753,0.2775009772194753
2020-04-08,0.2778682406362814,0.2778682406362814
2020-04-09,0.2749616311819124,0.2749616311819124
2020-04-13,0.2751563862959922,0.2751563862959922
2020-04-15,0.27250598299150636,0.27250598299150636
2020-04-16,0.26829150700950655,0.26829150700950655
2020-04-17,0.2671334972352912,0.2671334972352912
2020-04-20,0.26720287351574273,0.26720287351574273
2020-04-21,0.2635202534109301,0.2635202534109301
2020-04-22,0.2689992730445695,0.2689992730445695
2020-04-23,0.269685730529485,0.269685730529485
2020-04-24,0.26784204573003983,0.26784204573003983
2020-04-27,0.2678904597812843,0.2678904597812843
2020-04-28,0.26817249787004477,0.26817249787004477
2020-04-29,0.2704057636113122,0.2704057636113122
2020-04-30,0.2659508500020625,0.2659508500020625
2020-05-04,0.26180623694822447,0.26180623694822447
2020-05-05,0.26275839991042516,0.26275839991042516
2020-05-06,0.26354801325441557,0.26354801325441557
2020-05-07,0.26433337948339736,0.26433337948339736
2020-05-08,0.26414218605027306,0.26414218605027306
2020-05-11,0.26392616306131006,0.26392616306131006
2020-05-12,0.260657662510927,0.260657662510927
2020-05-13,0.2604244687782523,0.2604244687782523
2020-05-14,0.25952693643153474,0.25952693643153474
2020-05-15,0.25942995916691514,0.25942995916691514
2020-05-18,0.2557484694131646,0.2557484694131646
2020-05-19,0.2556469070587952,0.2556469070587952
2020-05-20,0.2578157059430295,0.2578157059430295
2020-05-21,0.2574463373806131,0.2574463373806131
2020-05-22,0.25656458536488286,0.25656458536488286
2020-05-26,0.2559415660523784,0.2559415660523784
2020-05-27,0.26390400125639013,0.26390400125639013
2020-05-28,0.2634532014928469,0.2634532014928469
2020-05-29,0.26359986529564544,0.26359986529564544
2020-06-01,0.26728443667606905,0.26728443667606905
2020-06-02,0.2632939142140581,0.2632939142140581
2020-06-03,0.2643821482590419,0.2643821482590419
2020-06-04,0.27033630032451683,0.27033630032451683
2020-06-05,0.2692941214588018,0.2692941214588018
2020-06-08,0.27737248248091084,0.27737248248091084
2020-06-09,0.27454460646172096,0.27454460646172096
2020-06-10,0.2528818646117158,0.2528818646117158
2020-06-11,0.2472410613139792,0.2472410613139792
2020-06-12,0.21457545174051065,0.21457545174051065
2020-06-15,0.24757947678045383,0.24757947678045383
2020-06-16,0.20303994383886903,0.20303994383886903
2020-06-17,0.1955077138038403,0.1955077138038403
2020-06-18,0.19068489201666244,0.19068489201666244
2020-06-19,0.1880666209462597,0.1880666209462597
2020-06-22,0.19521170030366547,0.19521170030366547
2020-06-23,0.18636852410864443,0.18636852410864443
2020-06-24,0.19055584278494692,0.19055584278494692
2020-06-25,0.1999788313487966,0.1999788313487966
2020-06-26,0.19150450713882955,0.19150450713882955
2020-06-29,0.18470480604149073,0.18470480604149073
2020-06-30,0.1976244969872473,0.1976244969872473
2020-07-01,0.19856287401074524,0.19856287401074524
2020-07-02,0.20579799490980305,0.20579799490980305
2020-07-03,0.20384040912151574,0.20384040912151574
2020-07-06,0.20267260786501043,0.20267260786501043
2020-07-07,0.20329815539152718,0.20329815539152718
2020-07-08,0.2141561382162504,0.2141561382162504
2020-07-09,0.21205254589279404,0.21205254589279404
2020-07-10,0.21592028309648392,0.21592028309648392
2020-07-13,0.2218033774397799,0.2218033774397799
2020-07-14,0.20997093157641808,0.20997093157641808
2020-07-15,0.20615737108873425,0.20615737108873425
2020-07-16,0.2032403025296104,0.2032403025296104
2020-07-17,0.21731278900085976,0.21731278900085976
2020-07-20,0.21781234260132437,0.21781234260132437
2020-07-21,0.22030407183378958,0.22030407183378958
2020-07-22,0.2199760289593766,0.2199760289593766
2020-07-23,0.22333623821754195,0.22333623821754195
2020-07-24,0.2200116126575344,0.2200116126575344
2020-07-27,0.23301792671947233,0.23301792671947233
2020-07-28,0.19885485656480148,0.19885485656480148
2020-07-29,0.19875435246741752,0.19875435246741752
2020-07-30,0.20488952061535307,0.20488952061535307
2020-07-31,0.21150105173964015,0.21150105173964015
2020-08-03,0.20542314940420134,0.20542314940420134
2020-08-04,0.1998434158374039,0.1998434158374039
2020-08-05,0.20683788543605056,0.20683788543605056
2020-08-06,0.2053787888250072,0.2053787888250072
2020-08-07,0.2248432681674839,0.2248432681674839
2020-08-10,0.22689602945814025,0.22689602945814025
2020-08-11,0.21536638286169923,0.21536638286169923
2020-08-12,0.21071818136812995,0.21071818136812995
2020-08-13,0.21305163904556962,0.21305163904556962
2020-08-14,0.209041048996016,0.209041048996016
2020-08-17,0.21103149495530887,0.21103149495530887
2020-08-18,0.2138847008413571,0.2138847008413571
2020-08-19,0.22318001147226876,0.22318001147226876
2020-08-20,0.2273187441354793,0.2273187441354793
2020-08-21,0.22660095910132244,0.22660095910132244
2020-08-24,0.23352805470498433,0.23352805470498433
2020-08-25,0.233983623982497,0.233983623982497
2020-08-26,0.23114243581788338,0.23114243581788338
2020-08-27,0.23110710076567895,0.23110710076567895
2020-08-28,0.22587385292655848,0.22587385292655848
2020-08-31,0.21217540271876764,0.21217540271876764
2020-09-01,0.2141672401517328,0.2141672401517328
2020-09-02,0.2102846580668664,0.2102846580668664
2020-09-03,0.2009284635058374,0.2009284635058374
2020-09-04,0.19420838877944488,0.19420838877944488
2020-09-07,0.20325894378110837,0.20325894378110837
2020-09-08,0.1911116391908362,0.1911116391908362
2020-09-09,0.1980834110325573,0.1980834110325573
2020-09-10,0.1972996280948714,0.1972996280948714
2020-09-11,0.1949135933308972,0.1949135933308972
2020-09-14,0.19648495866963736,0.19648495866963736
2020-09-15,0.1998820197356875,0.1998820197356875
2020-09-16,0.19411901709902551,0.19411901709902551
2020-09-17,0.18592167031696977,0.18592167031696977
2020-09-18,0.17983491029740722,0.17983491029740722
2020-09-21,0.20365996675543607,0.20365996675543607
2020-09-22,0.20411731496408683,0.20411731496408683
2020-09-23,0.2062658958686645,0.2062658958686645
2020-09-24,0.20008063044196384,0.20008063044196384
2020-09-25,0.20479703845776412,0.20479703845776412
2020-09-28,0.21089370806827776,0.21089370806827776
2020-09-29,0.2082301125799206,0.2082301125799206
2020-09-30,0.20778653841079392,0.20778653841079392
2020-10-01,0.21201016235344528,0.21201016235344528
2020-10-05,0.21554643946481833,0.21554643946481833
2020-10-06,0.21235029022178284,0.21235029022178284
2020-10-07,0.21030074085791467,0.21030074085791467
2020-10-08,0.21175187863455025,0.21175187863455025
2020-10-09,0.21322746533917059,0.21322746533917059
2020-10-12,0.20745875201870137,0.20745875201870137
2020-10-13,0.2028743305354927,0.2028743305354927
2020-10-14,0.2004357029165582,0.2004357029165582
2020-10-15,0.20579816504211937,0.20579816504211937
2020-10-16,0.20890942161048948,0.20890942161048948
2020-10-19,0.20732649768383643,0.20732649768383643
2020-10-20,0.20721103191219395,0.20721103191219395
2020-10-21,0.20563390064173298,0.20563390064173298
2020-10-22,0.20634195823724027,0.20634195823724027
2020-10-23,0.20233149566527564,0.20233149566527564
2020-10-26,0.21427334845083632,0.21427334845083632
2020-10-27,0.21799587005152438,0.21799587005152438
2020-10-28,0.242325335736047,0.242325335736047
2020-10-29,0.23707806280112037,0.23707806280112037
2020-10-30,0.2328673685925754,0.2328673685925754
2020-11-02,0.23410442745925594,0.23410442745925594
2020-11-03,0.24161639068858637,0.24161639068858637
2020-11-04,0.2541997230190506,0.2541997230190506
2020-11-05,0.2648648083393758,0.2648648083393758
2020-11-06,0.25831316738087906,0.25831316738087906
2020-11-09,0.24259016127782693,0.24259016127782693
2020-11-10,0.2359887393387928,0.2359887393387928
2020-11-11,0.23504768390190295,0.23504768390190295
2020-11-12,0.2320515359401662,0.2320515359401662
2020-11-13,0.2335322797692894,0.2335322797692894
2020-11-17,0.23529121401626618,0.23529121401626618
2020-11-18,0.2323295210799798,0.2323295210799798
2020-11-19,0.23175823891501057,0.23175823891501057
2020-11-20,0.23391701447567884,0.23391701447567884
2020-11-23,0.23377445583904122,0.23377445583904122
2020-11-24,0.2303341990251602,0.2303341990251602
2020-11-25,0.21933563236349793,0.21933563236349793
2020-11-26,0.21785437271580715,0.21785437271580715
2020-11-27,0.2283806100664029,0.2283806100664029
2020-12-01,0.23325266099998143,0.23325266099998143
2020-12-02,0.23393159264915836,0.23393159264915836
2020-12-03,0.23320247122300247,0.23320247122300247
2020-12-04,0.23152544742496628,0.23152544742496628
2020-12-07,0.23022351638382976,0.23022351638382976
2020-12-08,0.23331205363849478,0.23331205363849478
2020-12-09,0.23782662489804712,0.23782662489804712
2020-12-10,0.2375336777991086,0.2375336777991086
2020-12-11,0.23722714867461292,0.23722714867461292
2020-12-14,0.24130810408192693,0.24130810408192693
2020-12-15,0.2417133717572163,0.2417133717572163
2020-12-16,0.24383298162619862,0.24383298162619862
2020-12-17,0.22215649266565501,0.22215649266565501
2020-12-18,0.2241946167888152,0.2241946167888152
2020-12-21,0.24589004898947153,0.24589004898947153
2020-12-22,0.24893966862334652,0.24893966862334652
2020-12-23,0.24981597937854771,0.24981597937854771
2020-12-24,0.244353328691673,0.244353328691673
2020-12-28,0.24265731401261384,0.24265731401261384
2020-12-29,0.24424200829804632,0.24424200829804632
2020-12-30,0.24336902646577332,0.24336902646577332
2020-12-31,0.243052414725641,0.243052414725641
2021-01-01,0.24637999275747086,0.24637999275747086
2021-01-04,0.23169749819518165,0.23169749819518165
2021-01-05,0.23133302680171075,0.23133302680171075
2021-01-06,0.22967556105094653,0.22967556105094653
2021-01-07,0.23237985167610772,0.23237985167610772
2021-01-08,0.23139923374052224,0.23139923374052224
2021-01-11,0.23417869085267332,0.23417869085267332
2021-01-12,0.23568511829084202,0.23568511829084202
2021-01-13,0.23353093678447806,0.23353093678447806
2021-01-14,0.23646520133552262,0.23646520133552262
2021-01-15,0.24281996611103657,0.24281996611103657
2021-01-18,0.24348328065429142,0.24348328065429142
2021-01-19,0.24743310853228062,0.24743310853228062
2021-01-20,0.25364607798028505,0.25364607798028505
2021-01-21,0.24325713702429566,0.24325713702429566
2021-01-22,0.24656035455250075,0.24656035455250075
2021-01-25,0.2183983785177062,0.2183983785177062
2021-01-27,0.23757717600448428,0.23757717600448428
2021-01-28,0.227686610578686,0.227686610578686
2021-01-29,0.23149103502786056,0.23149103502786056
2021-02-01,0.23521492102488736,0.23521492102488736
2021-02-02,0.22567293281036255,0.22567293281036255
2021-02-03,0.22544476243040995,0.22544476243040995
2021-02-04,0.23430917265672963,0.23430917265672963
2021-02-05,0.22943987175071726,0.22943987175071726
2021-02-08,0.2333855385161533,0.2333855385161533
2021-02-09,0.23244516227633727,0.23244516227633727
2021-02-10,0.23750812536267019,0.23750812536267019
2021-02-11,0.24033758530080565,0.24033758530080565
2021-02-12,0.24593763370102067,0.24593763370102067
2021-02-15,0.25103186237162883,0.25103186237162883
2021-02-16,0.24983466117834455,0.24983466117834455
2021-02-17,0.25111597111360945,0.25111597111360945
2021-02-18,0.2516688696897566,0.2516688696897566
2021-02-19,0.2462655457187099,0.2462655457187099
2021-02-22,0.23044325867902382,0.23044325867902382
2021-02-23,0.2378237248533543,0.2378237248533543
2021-02-24,0.24509542313771182,0.24509542313771182
2021-02-25,0.2234068166053814,0.2234068166053814
2021-02-26,0.2501036606256522,0.2501036606256522
2021-03-01,0.22913658507353085,0.22913658507353085
2021-03-02,0.229340964300179,0.229340964300179
2021-03-03,0.2193491538723789,0.2193491538723789
2021-03-04,0.21309754921069693,0.21309754921069693
2021-03-05,0.21461753278768905,0.21461753278768905
2021-03-08,0.21726693641476422,0.21726693641476422
2021-03-09,0.22263962407861354,0.22263962407861354
2021-03-10,0.22245182202367927,0.22245182202367927
2021-03-12,0.21829073783821282,0.21829073783821282
2021-03-15,0.21753104383007504,0.21753104383007504
2021-03-16,0.21710794615123308,0.21710794615123308
2021-03-17,0.21697040058424913,0.21697040058424913
2021-03-18,0.22094120746122572,0.22094120746122572
2021-03-19,0.22395840856535873,0.22395840856535873
2021-03-22,0.22341446588256686,0.22341446588256686
2021-03-23,0.21992075171965536,0.21992075171965536
2021-03-24,0.21965107628804673,0.21965107628804673
2021-03-25,0.21619642996471797,0.21619642996471797
2021-03-26,0.21941050333013848,0.21941050333013848
2021-03-30,0.211973234388143,0.211973234388143
2021-03-31,0.2042930696065421,0.2042930696065421
2021-04-01,0.21697419121725492,0.21697419121725492
2021-04-05,0.2086316270255672,0.2086316270255672
2021-04-06,0.21005884730948626,0.21005884730948626
2021-04-07,0.209401418141029,0.209401418141029
2021-04-08,0.2137824833559589,0.2137824833559589
2021-04-09,0.21749393900613936,0.21749393900613936
2021-04-12,0.22046996746896877,0.22046996746896877
2021-04-13,0.22099622442806918,0.22099622442806918
2021-04-15,0.2238250595377465,0.2238250595377465
2021-04-16,0.2201144393482065,0.2201144393482065
2021-04-19,0.2219065311506721,0.2219065311506721
2021-04-20,0.21674915822735114,0.21674915822735114
2021-04-22,0.20960328255086436,0.20960328255086436
2021-04-23,0.20802244826872127,0.20802244826872127
2021-04-26,0.2049117238116985,0.2049117238116985
2021-04-27,0.20518504294107792,0.20518504294107792
2021-04-28,0.19460931899226272,0.19460931899226272
2021-04-29,0.1988621908692137,0.1988621908692137
2021-04-30,0.20059948612214193,0.20059948612214193
2021-05-03,0.18712314372502967,0.18712314372502967
2021-05-04,0.1894386058979528,0.1894386058979528
2021-05-05,0.1897342757743697,0.1897342757743697
2021-05-06,0.19868150014177055,0.19868150014177055
2021-05-07,0.202162305193981,0.202162305193981
2021-05-10,0.19890009983022086,0.19890009983022086
2021-05-11,0.19830965951933055,0.19830965951933055
2021-05-12,0.20023712275620686,0.20023712275620686
2021-05-14,0.19554390708866048,0.19554390708866048
2021-05-17,0.19679278102794362,0.19679278102794362
2021-05-18,0.19510383024814199,0.19510383024814199
2021-05-19,0.19588867882437133,0.19588867882437133
2021-05-20,0.19481263840594704,0.19481263840594704
2021-05-21,0.19466259503557187,0.19466259503557187
2021-05-24,0.19782253843086198,0.19782253843086198
2021-05-25,0.20351277906444154,0.20351277906444154
2021-05-26,0.20011138918228086,0.20011138918228086
2021-05-27,0.1981415392774157,0.1981415392774157
2021-05-28,0.20205631208267658,0.20205631208267658
2021-05-31,0.1806686158695002,0.1806686158695002
2021-06-01,0.17800570940097443,0.17800570940097443
2021-06-02,0.17771359975808154,0.17771359975808154
2021-06-03,0.18011351232403935,0.18011351232403935
2021-06-04,0.17327613804449196,0.17327613804449196
2021-06-07,0.17593282968766352,0.17593282968766352
2021-06-08,0.17580131628851453,0.17580131628851453
2021-06-09,0.16556411412120836,0.16556411412120836
2021-06-10,0.1621893026773094,0.1621893026773094
2021-06-11,0.16531849921116817,0.16531849921116817
2021-06-14,0.16622531166474713,0.16622531166474713
2021-06-15,0.16640315583418425,0.16640315583418425
2021-06-16,0.16748994385678656,0.16748994385678656
2021-06-17,0.15807999784143537,0.15807999784143537
2021-06-18,0.1579176305794685,0.1579176305794685
2021-06-21,0.16413785156241265,0.16413785156241265
2021-06-22,0.1609622044415676,0.1609622044415676
2021-06-23,0.17497898169546003,0.17497898169546003
2021-06-24,0.17709618794571408,0.17709618794571408
2021-06-25,0.16735780642187895,0.16735780642187895
2021-06-28,0.1774846625576136,0.1774846625576136
2021-06-29,0.18372967865374665,0.18372967865374665
2021-06-30,0.1732361536745349,0.1732361536745349
2021-07-01,0.16530627629355635,0.16530627629355635
2021-07-02,0.16247729056900215,0.16247729056900215
2021-07-05,0.16368342533682712,0.16368342533682712
2021-07-06,0.17009250310682567,0.17009250310682567
2021-07-07,0.17020217779913469,0.17020217779913469
2021-07-08,0.16470757204777034,0.16470757204777034
2021-07-09,0.1713625356261726,0.1713625356261726
2021-07-12,0.16950737504907876,0.16950737504907876
2021-07-13,0.16618768447100218,0.16618768447100218
2021-07-14,0.15816499564295697,0.15816499564295697
2021-07-15,0.15069430155144992,0.15069430155144992
2021-07-16,0.1529483541155484,0.1529483541155484
2021-07-19,0.20190088563843003,0.20190088563843003
2021-07-20,0.20259357069239065,0.20259357069239065
2021-07-22,0.22784345752271284,0.22784345752271284
2021-07-23,0.22718554895857374,0.22718554895857374
2021-07-26,0.2300752753457229,0.2300752753457229
2021-07-27,0.23317703088382505,0.23317703088382505
2021-07-28,0.2336254077239568,0.2336254077239568
2021-07-29,0.2488936114908379,0.2488936114908379
2021-07-30,0.24784132966032849,0.24784132966032849
2021-08-02,0.2409811074578148,0.2409811074578148
2021-08-03,0.22327461938529525,0.22327461938529525
2021-08-04,0.22829250049467428,0.22829250049467428
2021-08-05,0.22534823100532153,0.22534823100532153
2021-08-06,0.22268931346137136,0.22268931346137136
2021-08-09,0.24857759684771222,0.24857759684771222
2021-08-10,0.24803081201869479,0.24803081201869479
2021-08-11,0.25712428696508965,0.25712428696508965
2021-08-12,0.2619240172997108,0.2619240172997108
2021-08-13,0.26795189927256,0.26795189927256
2021-08-16,0.26855954209278315,0.26855954209278315
2021-08-17,0.26163714436408114,0.26163714436408114
2021-08-18,0.2640721738434492,0.2640721738434492
2021-08-20,0.2519537753156291,0.2519537753156291
2021-08-23,0.2612963192883445,0.2612963192883445
2021-08-24,0.2674044329391022,0.2674044329391022
2021-08-25,0.26650531332372146,0.26650531332372146
2021-08-26,0.26593439348572345,0.26593439348572345
2021-08-27,0.2760227345032166,0.2760227345032166
2021-08-30,0.2799907106800128,0.2799907106800128
2021-08-31,0.27349883365140126,0.27349883365140126
2021-09-01,0.2677390321319795,0.2677390321319795
2021-09-02,0.267474122834773,0.267474122834773
2021-09-03,0.2669845010010363,0.2669845010010363
2021-09-06,0.26687966284716047,0.26687966284716047
2021-09-07,0.2731524931578238,0.2731524931578238
2021-09-08,0.26892725351158864,0.26892725351158864
2021-09-09,0.267986676112944,0.267986676112944
2021-09-13,0.26177797812065584,0.26177797812065584
2021-09-14,0.25030649208478994,0.25030649208478994
2021-09-15,0.24575084853308393,0.24575084853308393
2021-09-16,0.23844386752040359,0.23844386752040359
2021-09-17,0.24709221918308308,0.24709221918308308
2021-09-20,0.2676617976899851,0.2676617976899851
2021-09-21,0.26952253177333035,0.26952253177333035
2021-09-22,0.2642136895588176,0.2642136895588176
2021-09-23,0.2542359413905193,0.2542359413905193
2021-09-24,0.2554840610661981,0.2554840610661981
2021-09-27,0.25396715901720085,0.25396715901720085
2021-09-28,0.26296626978189064,0.26296626978189064
2021-09-29,0.26161309952522566,0.26161309952522566
2021-09-30,0.25608484712580043,0.25608484712580043
2021-10-01,0.25721677752750327,0.25721677752750327
2021-10-04,0.252615855590168,0.252615855590168
2021-10-05,0.2392913879239568,0.2392913879239568
2021-10-06,0.23524280746166262,0.23524280746166262
2021-10-07,0.2353632875502257,0.2353632875502257
2021-10-08,0.23654697733018212,0.23654697733018212
2021-10-11,0.23883504188201274,0.23883504188201274
2021-10-12,0.24083394689940385,0.24083394689940385
2021-10-13,0.244651994605719,0.244651994605719
2021-10-14,0.22187959276731245,0.22187959276731245
2021-10-18,0.2341517187197717,0.2341517187197717
2021-10-19,0.19475622400254297,0.19475622400254297
2021-10-20,0.19039202416427492,0.19039202416427492
2021-10-21,0.186096416789345,0.186096416789345
2021-10-22,0.18540833635302834,0.18540833635302834
2021-10-25,0.1856449119788698,0.1856449119788698
2021-10-26,0.18003970725322907,0.18003970725322907
2021-10-27,0.18128190484159992,0.18128190484159992
2021-10-28,0.17835319970977082,0.17835319970977082
2021-10-29,0.17684162922074212,0.17684162922074212
2021-11-01,0.17969763394694155,0.17969763394694155
2021-11-02,0.1778477651219408,0.1778477651219408
2021-11-03,0.17550871282825176,0.17550871282825176
2021-11-04,0.16843424444610242,0.16843424444610242
2021-11-08,0.16011399691129571,0.16011399691129571
2021-11-09,0.15847567995599002,0.15847567995599002
2021-11-10,0.16329704813667853,0.16329704813667853
2021-11-11,0.1656753078050683,0.1656753078050683
2021-11-12,0.17028779394372714,0.17028779394372714
2021-11-15,0.17223988267077028,0.17223988267077028
2021-11-16,0.17071619240274472,0.17071619240274472
2021-11-17,0.18394523045884908,0.18394523045884908
2021-11-18,0.17596845429465877,0.17596845429465877
2021-11-22,0.2027407608038836,0.2027407608038836
2021-11-23,0.19979169807587344,0.19979169807587344
2021-11-24,0.1971168627137111,0.1971168627137111
2021-11-25,0.18979523877227708,0.18979523877227708
2021-11-26,0.284313447525346,0.284313447525346
2021-11-29,0.2888796291589462,0.2888796291589462
2021-11-30,0.29020872492978167,0.29020872492978167
2021-12-01,0.2813402126247486,0.2813402126247486
2021-12-02,0.28581958242572064,0.28581958242572064
2021-12-03,0.28599229974703944,0.28599229974703944
2021-12-06,0.27867027720734683,0.27867027720734683
2021-12-07,0.2933984547306121,0.2933984547306121
2021-12-08,0.29704895514598323,0.29704895514598323
2021-12-09,0.29678428410100466,0.29678428410100466
2021-12-10,0.29794141686666836,0.29794141686666836
2021-12-13,0.2975251308514669,0.2975251308514669
2021-12-14,0.2993903736910509,0.2993903736910509
2021-12-15,0.29877170223723787,0.29877170223723787
2021-12-16,0.2935454506319506,0.2935454506319506
2021-12-17,0.29733976507533666,0.29733976507533666
2021-12-20,0.31203662737696736,0.31203662737696736
2021-12-21,0.3083646605842356,0.3083646605842356
2021-12-22,0.31012392076775586,0.31012392076775586
2021-12-23,0.3097434204338291,0.3097434204338291
2021-12-24,0.31487677092722166,0.31487677092722166
2021-12-27,0.31461488647825614,0.31461488647825614
2021-12-28,0.3136120440820748,0.3136120440820748
2021-12-29,0.31491737200198044,0.31491737200198044
2021-12-30,0.3204431307911228,0.3204431307911228
2021-12-31,0.3142066865380577,0.3142066865380577
2022-01-03,0.31180996999775,0.31180996999775
2022-01-04,0.31038565572548965,0.31038565572548965
2022-01-05,0.30424363620045486,0.30424363620045486
2022-01-06,0.3080564162704138,0.3080564162704138
2022-01-07,0.3080200551047677,0.3080200551047677
2022-01-10,0.3090819697917066,0.3090819697917066
2022-01-11,0.30572046874221903,0.30572046874221903
2022-01-12,0.31565948228396656,0.31565948228396656
2022-01-13,0.3089882582204302,0.3089882582204302
2022-01-14,0.3141077847560078,0.3141077847560078
2022-01-17,0.31481870373771903,0.31481870373771903
2022-01-18,0.3124288430598113,0.3124288430598113
2022-01-19,0.30781634519246154,0.30781634519246154
2022-01-20,0.31075400325326047,0.31075400325326047
2022-01-21,0.3097145342659256,0.3097145342659256
2022-01-24,0.30434874432303693,0.30434874432303693
2022-01-25,0.30186963619188856,0.30186963619188856
2022-01-27,0.3020613656358536,0.3020613656358536
2022-01-28,0.3052735035387722,0.3052735035387722
2022-01-31,0.30279418117281404,0.30279418117281404
2022-02-01,0.30081775662145993,0.30081775662145993
2022-02-02,0.30277711175087196,0.30277711175087196
2022-02-03,0.299403921907307,0.299403921907307
2022-02-04,0.30005166047180953,0.30005166047180953
2022-02-07,0.2985771575254638,0.2985771575254638
2022-02-08,0.2961923011300722,0.2961923011300722
2022-02-09,0.2989478675513616,0.2989478675513616
2022-02-10,0.2896273531059061,0.2896273531059061
2022-02-11,0.28813879250383345,0.28813879250383345
2022-02-14,0.26887689362845774,0.26887689362845774
2022-02-15,0.2504438632726422,0.2504438632726422
2022-02-16,0.2508404691032918,0.2508404691032918
2022-02-17,0.26040562706813963,0.26040562706813963
2022-02-18,0.2597754107272583,0.2597754107272583
2022-02-21,0.20623233350993292,0.20623233350993292
2022-02-22,0.21486854930775723,0.21486854930775723
2022-02-23,0.20994806969149132,0.20994806969149132
2022-02-24,0.20491435532605126,0.20491435532605126
2022-02-25,0.22958836733598506,0.22958836733598506
2022-02-28,0.22342884171282706,0.22342884171282706
2022-03-02,0.23034397008753663,0.23034397008753663
2022-03-03,0.22347524113247172,0.22347524113247172
2022-03-04,0.22374920961147388,0.22374920961147388
2022-03-07,0.23914497511334615,0.23914497511334615
2022-03-08,0.23270577570001583,0.23270577570001583
2022-03-09,0.2710835322699952,0.2710835322699952
2022-03-10,0.2752139705025315,0.2752139705025315
2022-03-11,0.27740480542106644,0.27740480542106644
2022-03-14,0.2769519712353129,0.2769519712353129
2022-03-15,0.27790797633920494,0.27790797633920494
2022-03-16,0.29776257834426106,0.29776257834426106
2022-03-17,0.285667768680118,0.285667768680118
2022-03-21,0.27736766211154745,0.27736766211154745
2022-03-22,0.27805838977008684,0.27805838977008684
2022-03-23,0.2796386737206419,0.2796386737206419
2022-03-24,0.27572832486136023,0.27572832486136023
2022-03-25,0.2751792524887186,0.2751792524887186
2022-03-28,0.27935527263830595,0.27935527263830595
2022-03-29,0.28392198804447516,0.28392198804447516
2022-03-30,0.2819493236950514,0.2819493236950514
2022-03-31,0.2776471734226605,0.2776471734226605
2022-04-01,0.28448731677894595,0.28448731677894595
2022-04-04,0.2820553248785768,0.2820553248785768
2022-04-05,0.28127329692584563,0.28127329692584563
2022-04-06,0.2778507684662394,0.2778507684662394
2022-04-07,0.2762903845582564,0.2762903845582564
2022-04-08,0.2774943570175336,0.2774943570175336
2022-04-11,0.2733068698765343,0.2733068698765343
2022-04-12,0.2771195161919581,0.2771195161919581
2022-04-13,0.27372543369161534,0.27372543369161534
2022-04-18,0.27734249897592245,0.27734249897592245
2022-04-19,0.2772077968071936,0.2772077968071936
2022-04-20,0.2736681065681508,0.2736681065681508
2022-04-21,0.26813200742606974,0.26813200742606974
2022-04-22,0.2634221742732389,0.2634221742732389
2022-04-25,0.25654348784739617,0.25654348784739617
2022-04-26,0.24642166678901636,0.24642166678901636
2022-04-27,0.2507026374917086,0.2507026374917086
2022-04-28,0.25432615184666285,0.25432615184666285
2022-04-29,0.2602582024490674,0.2602582024490674
2022-05-02,0.2526076726025077,0.2526076726025077
2022-05-04,0.23648073347170528,0.23648073347170528
2022-05-05,0.22321299381154672,0.22321299381154672
2022-05-06,0.22615337400455174,0.22615337400455174
2022-05-09,0.2151974472435403,0.2151974472435403
2022-05-10,0.21333872238164203,0.21333872238164203
2022-05-11,0.21323476993625773,0.21323476993625773
2022-05-12,0.21363784449049014,0.21363784449049014
2022-05-13,0.2075565850175431,0.2075565850175431
2022-05-16,0.19813527767548547,0.19813527767548547
2022-05-17,0.1900703614495867,0.1900703614495867
2022-05-18,0.19495548110329303,0.19495548110329303
2022-05-19,0.19868223421654138,0.19868223421654138
2022-05-20,0.19974730108377403,0.19974730108377403
2022-05-23,0.20140471986795833,0.20140471986795833
2022-05-24,0.20015613988841255,0.20015613988841255
2022-05-25,0.2026992585954513,0.2026992585954513
2022-05-26,0.20785258080377703,0.20785258080377703
2022-05-27,0.20922580186370685,0.20922580186370685
2022-05-30,0.21378031540398995,0.21378031540398995
2022-05-31,0.20501241806432502,0.20501241806432502
2022-06-01,0.20331099230711297,0.20331099230711297
2022-06-02,0.19543315827556582,0.19543315827556582
2022-06-03,0.19035414042020982,0.19035414042020982
2022-06-06,0.1900844716124269,0.1900844716124269
2022-06-07,0.19506095199289328,0.19506095199289328
2022-06-08,0.1989214626283268,0.1989214626283268
2022-06-09,0.20137252023772065,0.20137252023772065
2022-06-10,0.2079165708298721,0.2079165708298721
2022-06-13,0.21523418200115815,0.21523418200115815
2022-06-14,0.216472257802106,0.216472257802106
2022-06-15,0.19369554115058427,0.19369554115058427
2022-06-16,0.20055224477533234,0.20055224477533234
2022-06-17,0.19912178306396563,0.19912178306396563
2022-06-20,0.1998217282309903,0.1998217282309903
2022-06-21,0.2063573971436404,0.2063573971436404
2022-06-22,0.2070181474266714,0.2070181474266714
2022-06-23,0.21253839767986538,0.21253839767986538
2022-06-24,0.22071151775954986,0.22071151775954986
2022-06-27,0.21306970920264195,0.21306970920264195
2022-06-28,0.21160974207958744,0.21160974207958744
2022-06-29,0.22120846588871623,0.22120846588871623
2022-06-30,0.21592289320756677,0.21592289320756677
2022-07-01,0.21429055162604677,0.21429055162604677
2022-07-04,0.2131984798028314,0.2131984798028314
2022-07-05,0.21482319608881942,0.21482319608881942
2022-07-06,0.20918284816833482,0.20918284816833482
2022-07-07,0.21356705167602125,0.21356705167602125
2022-07-08,0.21408550729605486,0.21408550729605486
2022-07-11,0.21262647780511199,0.21262647780511199
2022-07-12,0.2205764760058648,0.2205764760058648
2022-07-13,0.22284245891191937,0.22284245891191937
2022-07-14,0.2238248190674612,0.2238248190674612
2022-07-15,0.2268037169200564,0.2268037169200564
2022-07-18,0.2253258191368844,0.2253258191368844
2022-07-19,0.21657178899609988,0.21657178899609988
2022-07-20,0.2279051848768545,0.2279051848768545
2022-07-21,0.22580376741323155,0.22580376741323155
2022-07-22,0.22020533924461663,0.22020533924461663
2022-07-25,0.2258455509611354,0.2258455509611354
2022-07-26,0.23094357915769964,0.23094357915769964
2022-07-27,0.2599315035483564,0.2599315035483564
2022-07-28,0.27580415936953073,0.27580415936953073
2022-07-29,0.2868880869915434,0.2868880869915434
2022-08-01,0.25547368204316595,0.25547368204316595
2022-08-02,0.2508010501829404,0.2508010501829404
2022-08-03,0.24467616239491224,0.24467616239491224
2022-08-04,0.23722808758396902,0.23722808758396902
2022-08-05,0.23834060187170558,0.23834060187170558
2022-08-08,0.23845481759262363,0.23845481759262363
2022-08-10,0.24307087200906471,0.24307087200906471
2022-08-11,0.23994383608378514,0.23994383608378514
2022-08-12,0.24995456252399326,0.24995456252399326
2022-08-16,0.24662530152808065,0.24662530152808065
2022-08-17,0.24624824848816054,0.24624824848816054
2022-08-18,0.2526050929344934,0.2526050929344934
2022-08-19,0.2601623162679262,0.2601623162679262
2022-08-22,0.26637540553349986,0.26637540553349986
2022-08-23,0.2621630094263533,0.2621630094263533
2022-08-24,0.2672075096528783,0.2672075096528783
2022-08-25,0.26293548604720246,0.26293548604720246
2022-08-26,0.24727629715568603,0.24727629715568603
2022-08-29,0.2364830215695029,0.2364830215695029
2022-08-30,0.22447232247711302,0.22447232247711302
2022-09-01,0.22636318019805085,0.22636318019805085
2022-09-02,0.22813786365859332,0.22813786365859332
2022-09-05,0.23049862930219422,0.23049862930219422
2022-09-06,0.2362995229206564,0.2362995229206564
2022-09-07,0.24035252185920222,0.24035252185920222
2022-09-08,0.1901667060050099,0.1901667060050099
2022-09-09,0.19317081299669137,0.19317081299669137
2022-09-12,0.19697178819840502,0.19697178819840502
2022-09-13,0.2091613355213991,0.2091613355213991
2022-09-14,0.20949424951771603,0.20949424951771603
2022-09-15,0.21576858134735058,0.21576858134735058
2022-09-16,0.2127886064011613,0.2127886064011613
2022-09-19,0.2141131957513247,0.2141131957513247
2022-09-20,0.21049246095289545,0.21049246095289545
2022-09-21,0.20697239483845667,0.20697239483845667
2022-09-22,0.20621965169087725,0.20621965169087725
2022-09-23,0.22354836622261226,0.22354836622261226
2022-09-26,0.23554162764551836,0.23554162764551836
2022-09-27,0.23439365240628426,0.23439365240628426
2022-09-28,0.23369401884726065,0.23369401884726065
2022-09-29,0.2309411866695632,0.2309411866695632
2022-09-30,0.22530407341684147,0.22530407341684147
2022-10-03,0.22559384273477529,0.22559384273477529
2022-10-04,0.24061640553796174,0.24061640553796174
2022-10-06,0.23675585306514474,0.23675585306514474
2022-10-07,0.23119782818438694,0.23119782818438694
2022-10-10,0.23428838591426396,0.23428838591426396
2022-10-11,0.23141264657716187,0.23141264657716187
2022-10-12,0.2320140309672998,0.2320140309672998
2022-10-13,0.22575860758765007,0.22575860758765007
2022-10-14,0.22230493176399302,0.22230493176399302
2022-10-17,0.22396687000281118,0.22396687000281118
2022-10-18,0.22414082897884993,0.22414082897884993
2022-10-19,0.22460308286502986,0.22460308286502986
2022-10-20,0.22227616280731544,0.22227616280731544
2022-10-21,0.22499756418453737,0.22499756418453737
2022-10-24,0.22588738524994717,0.22588738524994717
2022-10-25,0.22053526407898477,0.22053526407898477
2022-10-27,0.21446205677679625,0.21446205677679625
2022-10-28,0.19899095315801535,0.19899095315801535
2022-10-31,0.20120391056591388,0.20120391056591388
2022-11-01,0.204570386565928,0.204570386565928
2022-11-02,0.20339997984765817,0.20339997984765817
2022-11-03,0.2058724784354588,0.2058724784354588
2022-11-04,0.21434142391130512,0.21434142391130512
2022-11-07,0.21645431003726637,0.21645431003726637
2022-11-09,0.2091097777136842,0.2091097777136842
2022-11-10,0.20985952261291904,0.20985952261291904
2022-11-11,0.23205844968990308,0.23205844968990308
2022-11-14,0.23711833785348987,0.23711833785348987
2022-11-15,0.23846932052599623,0.23846932052599623
2022-11-16,0.23790492558693618,0.23790492558693618
2022-11-17,0.23045252369177308,0.23045252369177308
2022-11-18,0.21985886808971106,0.21985886808971106
2022-11-21,0.2183866693561603,0.2183866693561603
2022-11-22,0.2185591809731771,0.2185591809731771
2022-11-23,0.2196335545312879,0.2196335545312879
2022-11-24,0.231409951691657,0.231409951691657
2022-11-25,0.23609520198332143,0.23609520198332143
2022-11-28,0.25105957300694437,0.25105957300694437
2022-11-29,0.2543231138781966,0.2543231138781966
2022-11-30,0.2565819139174302,0.2565819139174302
2022-12-01,0.25936760976454803,0.25936760976454803
2022-12-02,0.2574834653247792,0.2574834653247792
2022-12-05,0.2794176572915789,0.2794176572915789
2022-12-06,0.28401026993119466,0.28401026993119466
2022-12-07,0.2808511521677963,0.2808511521677963
2022-12-08,0.2834021718459209,0.2834021718459209
2022-12-09,0.29763003693700996,0.29763003693700996
2022-12-12,0.29209064764062465,0.29209064764062465
2022-12-13,0.29531821301488276,0.29531821301488276
2022-12-14,0.2928385047168063,0.2928385047168063
2022-12-15,0.3112706474597894,0.3112706474597894
2022-12-16,0.31942380703192874,0.31942380703192874
2022-12-19,0.31698896071071025,0.31698896071071025
2022-12-20,0.31712347842096433,0.31712347842096433
2022-12-21,0.2500303149912588,0.2500303149912588
2022-12-22,0.23395997253919817,0.23395997253919817
2022-12-23,0.22572515667831722,0.22572515667831722
2022-12-26,0.22998491807911936,0.22998491807911936
2022-12-27,0.23030044790386586,0.23030044790386586
2022-12-28,0.23552546633049531,0.23552546633049531
2022-12-29,0.2475960855181682,0.2475960855181682
2022-12-30,0.21705265859346168,0.21705265859346168
2023-01-02,0.2208747605871962,0.2208747605871962
2023-01-03,0.22364746238700153,0.22364746238700153
2023-01-04,0.20438938205025567,0.20438938205025567
2023-01-05,0.20582561821393208,0.20582561821393208
2023-01-06,0.2044380427567146,0.2044380427567146
2023-01-09,0.20719075203492468,0.20719075203492468
2023-01-10,0.21938598014159755,0.21938598014159755
2023-01-11,0.21982669326101617,0.21982669326101617
2023-01-12,0.22272323200143762,0.22272323200143762
2023-01-13,0.23384031962655585,0.23384031962655585
2023-01-16,0.23943464658514296,0.23943464658514296
2023-01-17,0.23554151769841436,0.23554151769841436
2023-01-18,0.23505206789209912,0.23505206789209912
2023-01-19,0.2349265021353887,0.2349265021353887
2023-01-20,0.23618327430982333,0.23618327430982333
2023-01-23,0.24783416261550315,0.24783416261550315
2023-01-24,0.24918620192807134,0.24918620192807134
2023-01-25,0.2527962748608963,0.2527962748608963
2023-01-27,0.24650968498552137,0.24650968498552137
2023-01-30,0.2528558019507625,0.2528558019507625
2023-01-31,0.24211950145147446,0.24211950145147446
2023-02-01,0.24014381941531882,0.24014381941531882
2023-02-02,0.2566824546011728,0.2566824546011728
2023-02-03,0.2285699488991921,0.2285699488991921
2023-02-06,0.2033196580817818,0.2033196580817818
2023-02-07,0.19903673675266262,0.19903673675266262
2023-02-08,0.20319984047256878,0.20319984047256878
2023-02-09,0.203307172447029,0.203307172447029
2023-02-10,0.20014688691021823,0.20014688691021823
2023-02-13,0.20419805312338934,0.20419805312338934
2023-02-14,0.1997531439541303,0.1997531439541303
2023-02-15,0.20126605948949242,0.20126605948949242
2023-02-16,0.20099013574046928,0.20099013574046928
2023-02-17,0.20032970780177797,0.20032970780177797
2023-02-20,0.20145216253851167,0.20145216253851167
2023-02-21,0.19380726709823073,0.19380726709823073
2023-02-22,0.20113090780932286,0.20113090780932286
2023-02-23,0.20064569960756468,0.20064569960756468
2023-02-24,0.19364457830387072,0.19364457830387072
2023-02-27,0.1929128036192543,0.1929128036192543
2023-02-28,0.18088131415828132,0.18088131415828132
2023-03-01,0.17594749846298482,0.17594749846298482
2023-03-02,0.17602716551270137,0.17602716551270137
2023-03-03,0.1753915355192024,0.1753915355192024
2023-03-06,0.17788515303277105,0.17788515303277105
2023-03-08,0.19902327895150576,0.19902327895150576
2023-03-09,0.18588276823247765,0.18588276823247765
2023-03-10,0.17826670261201844,0.17826670261201844
2023-03-13,0.18423422812852053,0.18423422812852053
2023-03-14,0.18123853069907037,0.18123853069907037
2023-03-15,0.17769541242339645,0.17769541242339645
2023-03-16,0.18110656930388624,0.18110656930388624
2023-03-17,0.17271574525066105,0.17271574525066105
2023-03-20,0.17380975320655717,0.17380975320655717
2023-03-21,0.1837637752629091,0.1837637752629091
2023-03-22,0.18009173081733149,0.18009173081733149
2023-03-23,0.1839058485023791,0.1839058485023791
2023-03-24,0.18013092213680704,0.18013092213680704
2023-03-27,0.18673330548064304,0.18673330548064304
2023-03-28,0.189704145495035,0.189704145495035
2023-03-29,0.18686177221929348,0.18686177221929348
2023-03-31,0.18665087891349205,0.18665087891349205
2023-04-03,0.1805410985652338,0.1805410985652338
2023-04-05,0.18413263534970237,0.18413263534970237
2023-04-06,0.18842854057348135,0.18842854057348135
2023-04-10,0.1874289945521545,0.1874289945521545
2023-04-11,0.190260154856176,0.190260154856176
2023-04-12,0.18844277794246164,0.18844277794246164
2023-04-13,0.18389107537358437,0.18389107537358437
2023-04-17,0.18210625784869766,0.18210625784869766
2023-04-18,0.18239415031709377,0.18239415031709377
2023-04-19,0.18484967532496382,0.18484967532496382
2023-04-20,0.18673099013073027,0.18673099013073027
2023-04-21,0.18468965567633783,0.18468965567633783
2023-04-24,0.18622729102341906,0.18622729102341906
2023-04-25,0.18937261823694024,0.18937261823694024
2023-04-26,0.19043520330458963,0.19043520330458963
2023-04-27,0.19112816803680902,0.19112816803680902
2023-04-28,0.20967769863055377,0.20967769863055377
2023-05-02,0.21509645421329135,0.21509645421329135
2023-05-03,0.21761892819831144,0.21761892819831144
2023-05-04,0.2151932608628754,0.2151932608628754
2023-05-05,0.20863146299218233,0.20863146299218233
2023-05-08,0.210226743658527,0.210226743658527
2023-05-09,0.21162639180889786,0.21162639180889786
2023-05-10,0.21362876575489795,0.21362876575489795
2023-05-11,0.21508834969743695,0.21508834969743695
2023-05-12,0.216526352691587,0.216526352691587
2023-05-15,0.215241413590975,0.215241413590975
2023-05-16,0.21857952290555055,0.21857952290555055
2023-05-17,0.2198204050596695,0.2198204050596695
2023-05-18,0.2207988452964765,0.2207988452964765
2023-05-19,0.21468903764420016,0.21468903764420016
2023-05-22,0.21233172152939628,0.21233172152939628
2023-05-23,0.21017681498562174,0.21017681498562174
2023-05-24,0.20854210265213122,0.20854210265213122
2023-05-25,0.19799798971736404,0.19799798971736404
2023-05-26,0.2014862900691517,0.2014862900691517
2023-05-29,0.2024013206828459,0.2024013206828459
2023-05-30,0.20060639355614795,0.20060639355614795
2023-05-31,0.20383491488640418,0.20383491488640418
2023-06-01,0.1980503014697637,0.1980503014697637
2023-06-02,0.21011147576461914,0.21011147576461914
2023-06-05,0.20158431057870185,0.20158431057870185
2023-06-06,0.20179261839519555,0.20179261839519555
2023-06-07,0.2016581555172825,0.2016581555172825
2023-06-08,0.1935605378948374,0.1935605378948374
2023-06-09,0.1909131159365091,0.1909131159365091
2023-06-12,0.19162388983983186,0.19162388983983186
2023-06-13,0.20453368081774953,0.20453368081774953
2023-06-14,0.19816707433417236,0.19816707433417236
2023-06-15,0.20615564562611316,0.20615564562611316
2023-06-16,0.2032036824081102,0.2032036824081102
2023-06-19,0.21229266701834765,0.21229266701834765
2023-06-20,0.20309475607285193,0.20309475607285193
2023-06-21,0.2038567439586528,0.2038567439586528
2023-06-22,0.2110856586019873,0.2110856586019873
2023-06-23,0.20857838232801917,0.20857838232801917
2023-06-26,0.21559906843123636,0.21559906843123636
2023-06-27,0.21403178441222268,0.21403178441222268
2023-06-28,0.2095864600478705,0.2095864600478705
2023-06-30,0.19715116452927878,0.19715116452927878
2023-07-03,0.19404584175735765,0.19404584175735765
2023-07-04,0.19196469336622113,0.19196469336622113
2023-07-05,0.186619613433677,0.186619613433677
2023-07-06,0.18670867174969735,0.18670867174969735
2023-07-07,0.1748661098518705,0.1748661098518705
2023-07-10,0.17610997930022296,0.17610997930022296
2023-07-11,0.18518351883754816,0.18518351883754816
2023-07-12,0.1733166581741154,0.1733166581741154
2023-07-13,0.17291671935136774,0.17291671935136774
2023-07-14,0.16983694113226658,0.16983694113226658
2023-07-17,0.1621393408760813,0.1621393408760813
2023-07-18,0.15357381423176292,0.15357381423176292
2023-07-19,0.1530543271304774,0.1530543271304774
2023-07-20,0.15654232198990603,0.15654232198990603
2023-07-21,0.1573100155827541,0.1573100155827541
2023-07-24,0.15081772103473132,0.15081772103473132
2023-07-25,0.1549214339170441,0.1549214339170441
2023-07-26,0.13101666785772567,0.13101666785772567
2023-07-27,0.1307083201075511,0.1307083201075511
2023-07-28,0.12756470373162476,0.12756470373162476
2023-07-31,0.13597637089242162,0.13597637089242162
2023-08-01,0.1379108071968561,0.1379108071968561
2023-08-02,0.162420555708137,0.162420555708137
2023-08-03,0.16404877889169045,0.16404877889169045
2023-08-04,0.15676859004960472,0.15676859004960472
2023-08-07,0.15266691097505986,0.15266691097505986
2023-08-08,0.15586927134558415,0.15586927134558415
2023-08-09,0.14766335715333073,0.14766335715333073
2023-08-10,0.15017850592646836,0.15017850592646836
2023-08-11,0.1597436084591196,0.1597436084591196
2023-08-14,0.16215794372578976,0.16215794372578976
2023-08-16,0.18463093378573675,0.18463093378573675
2023-08-17,0.19103741044941183,0.19103741044941183
2023-08-18,0.1882393162787756,0.1882393162787756
2023-08-21,0.19211950226339866,0.19211950226339866
2023-08-22,0.1840283532111031,0.1840283532111031
2023-08-23,0.1855899954230348,0.1855899954230348
2023-08-24,0.17802464596640274,0.17802464596640274
2023-08-25,0.16946712422311733,0.16946712422311733
2023-08-28,0.1532950024626793,0.1532950024626793
2023-08-29,0.15120509583016503,0.15120509583016503
2023-08-30,0.15753335679970004,0.15753335679970004
2023-08-31,0.16034352961856674,0.16034352961856674
2023-09-01,0.17015978597261144,0.17015978597261144
2023-09-04,0.1771943293200146,0.1771943293200146
2023-09-05,0.17696192935777802,0.17696192935777802
2023-09-06,0.18188717638187502,0.18188717638187502
2023-09-07,0.18365558011740615,0.18365558011740615
2023-09-08,0.18678379968957398,0.18678379968957398
2023-09-11,0.18501414055657342,0.18501414055657342
2023-09-12,0.18165711147433086,0.18165711147433086
2023-09-13,0.18147341773575792,0.18147341773575792
2023-09-14,0.1850625623367374,0.1850625623367374
2023-09-15,0.17956312088454748,0.17956312088454748
2023-09-18,0.18233556438007958,0.18233556438007958
2023-09-20,0.185992347865887,0.185992347865887
2023-09-21,0.1892968204296957,0.1892968204296957
2023-09-22,0.1943067889859594,0.1943067889859594
2023-09-25,0.19703171436518677,0.19703171436518677
2023-09-26,0.20232148313497647,0.20232148313497647
2023-09-27,0.20044163938902235,0.20044163938902235
2023-09-28,0.1904725156094497,0.1904725156094497
2023-09-29,0.1867742728314054,0.1867742728314054
2023-10-03,0.21037696396720937,0.21037696396720937
2023-10-04,0.20400960488096725,0.20400960488096725
2023-10-05,0.19892070496179615,0.19892070496179615
2023-10-06,0.207827984240079,0.207827984240079
2023-10-09,0.19128019409656047,0.19128019409656047
2023-10-10,0.18777311804387917,0.18777311804387917
2023-10-11,0.18871545902200512,0.18871545902200512
2023-10-12,0.1894084283967377,0.1894084283967377
2023-10-13,0.16645197984120663,0.16645197984120663
2023-10-16,0.16242322563251158,0.16242322563251158
2023-10-17,0.16524762744261948,0.16524762744261948
2023-10-18,0.1628160181845335,0.1628160181845335
2023-10-19,0.163125607173763,0.163125607173763
2023-10-20,0.155563976907515,0.155563976907515
2023-10-23,0.1577631825027725,0.1577631825027725
2023-10-25,0.15429589541742345,0.15429589541742345
2023-10-26,0.16767104518321269,0.16767104518321269
2023-10-27,0.1683207338071498,0.1683207338071498
2023-10-30,0.16748797531730222,0.16748797531730222
2023-10-31,0.1694717074032811,0.1694717074032811
2023-11-01,0.1827150342580653,0.1827150342580653
2023-11-02,0.18702314729400502,0.18702314729400502
2023-11-03,0.16931350218731453,0.16931350218731453
2023-11-06,0.16560478421091696,0.16560478421091696
2023-11-07,0.16655950283489393,0.16655950283489393
2023-11-08,0.1655788102192521,0.1655788102192521
2023-11-09,0.16760622829711758,0.16760622829711758
2023-11-10,0.1633798507468306,0.1633798507468306
2023-11-13,0.17300156795289742,0.17300156795289742
2023-11-15,0.1724893080883184,0.1724893080883184
2023-11-16,0.16518779904551092,0.16518779904551092
2023-11-17,0.1605393288696949,0.1605393288696949
2023-11-20,0.15912045686307397,0.15912045686307397
2023-11-21,0.15807959490738763,0.15807959490738763
2023-11-22,0.15385682350645338,0.15385682350645338
2023-11-23,0.15669673502193943,0.15669673502193943
2023-11-24,0.15721704839464795,0.15721704839464795
2023-11-28,0.16064826110793934,0.16064826110793934
2023-11-29,0.15991426157076682,0.15991426157076682
2023-11-30,0.1613303072812449,0.1613303072812449
2023-12-01,0.1494075389866307,0.1494075389866307
2023-12-04,0.12993810817851528,0.12993810817851528
2023-12-05,0.12991964115599192,0.12991964115599192
2023-12-06,0.12668387995562375,0.12668387995562375
2023-12-07,0.12634750753494045,0.12634750753494045
2023-12-08,0.12590286591610256,0.12590286591610256
2023-12-11,0.12863091020144116,0.12863091020144116
2023-12-12,0.13006858607616104,0.13006858607616104
2023-12-13,0.13013574437426978,0.13013574437426978
2023-12-14,0.13031684478071176,0.13031684478071176
2023-12-15,0.12601800661886525,0.12601800661886525
2023-12-18,0.125775308840193,0.125775308840193
2023-12-19,0.1236210943026202,0.1236210943026202
2023-12-20,0.13639370307036566,0.13639370307036566
2023-12-21,0.13901769846832016,0.13901769846832016
2023-12-22,0.1384236031336102,0.1384236031336102
2023-12-26,0.13926050972264656,0.13926050972264656
2023-12-27,0.13720257536436936,0.13720257536436936
2023-12-28,0.13933707431551112,0.13933707431551112
2023-12-29,0.1410088269098813,0.1410088269098813
2024-01-01,0.1498872509278744,0.1498872509278744
2024-01-02,0.14703061828284605,0.14703061828284605
2024-01-03,0.141886776330754,0.141886776330754
2024-01-04,0.14279693688437448,0.14279693688437448
2024-01-05,0.1412864674143216,0.1412864674143216
2024-01-08,0.1426392062384687,0.1426392062384687
2024-01-09,0.14280201420913136,0.14280201420913136
2024-01-10,0.1437119543560969,0.1437119543560969
2024-01-11,0.1298705687372516,0.1298705687372516
2024-01-12,0.13386998411369225,0.13386998411369225
2024-01-15,0.1344056980364142,0.1344056980364142
2024-01-16,0.12437205692759959,0.12437205692759959
2024-01-17,0.1293920597664474,0.1293920597664474
2024-01-18,0.13099376394518517,0.13099376394518517
2024-01-19,0.13689508096887404,0.13689508096887404
2024-01-23,0.12776042603665708,0.12776042603665708
2024-01-24,0.12301825460214195,0.12301825460214195
2024-01-25,0.12440579529453467,0.12440579529453467
2024-01-29,0.1137437314518295,0.1137437314518295
2024-01-30,0.11737498992266542,0.11737498992266542
2024-01-31,0.11312235223410294,0.11312235223410294
2024-02-01,0.1267953838397856,0.1267953838397856
2024-02-02,0.10338298344313382,0.10338298344313382
2024-02-05,0.10632743639502677,0.10632743639502677
2024-02-06,0.10836507884446736,0.10836507884446736
2024-02-07,0.10959470044038182,0.10959470044038182
2024-02-08,0.11146743591382131,0.11146743591382131
2024-02-09,0.12167431440462824,0.12167431440462824
2024-02-12,0.12555590226441962,0.12555590226441962
2024-02-13,0.11410591671704319,0.11410591671704319
2024-02-14,0.11862880075062979,0.11862880075062979
2024-02-15,0.12055087858604804,0.12055087858604804
2024-02-16,0.12035984696278981,0.12035984696278981
2024-02-19,0.12113763690685814,0.12113763690685814
2024-02-20,0.11803037159083811,0.11803037159083811
2024-02-21,0.12140064829585107,0.12140064829585107
2024-02-22,0.12109985926233116,0.12109985926233116
2024-02-23,0.12845670482071997,0.12845670482071997
2024-02-26,0.13257569860126467,0.13257569860126467
2024-02-27,0.13191262562426986,0.13191262562426986
2024-02-28,0.11850423696948181,0.11850423696948181
2024-02-29,0.13477660119198692,0.13477660119198692
2024-03-01,0.14441553599755866,0.14441553599755866
2024-03-04,0.14512957674731583,0.14512957674731583
2024-03-05,0.13931835662208109,0.13931835662208109
2024-03-06,0.14427547919989098,0.14427547919989098
2024-03-07,0.14464266997027564,0.14464266997027564
2024-03-11,0.14144726805811067,0.14144726805811067
2024-03-12,0.1384417049216532,0.1384417049216532
2024-03-13,0.15126478575244653,0.15126478575244653
2024-03-14,0.15168088508184127,0.15168088508184127
2024-03-15,0.15452819368935053,0.15452819368935053
2024-03-18,0.15326039381066667,0.15326039381066667
2024-03-19,0.13846711653780336,0.13846711653780336
2024-03-20,0.13933099941894214,0.13933099941894214
2024-03-21,0.14164767678294984,0.14164767678294984
2024-03-22,0.1388574145647297,0.1388574145647297
2024-03-26,0.14148827674959705,0.14148827674959705
2024-03-27,0.14712626331959916,0.14712626331959916
2024-03-28,0.1513023143466224,0.1513023143466224
2024-04-01,0.15547542654822405,0.15547542654822405
2024-04-02,0.15542401439507939,0.15542401439507939
2024-04-03,0.14746099207894175,0.14746099207894175
2024-04-04,0.150508217277766,0.150508217277766
2024-04-05,0.1459848766216975,0.1459848766216975
2024-04-08,0.15726278744600297,0.15726278744600297
2024-04-09,0.15737208625841154,0.15737208625841154
2024-04-10,0.15727782318971967,0.15727782318971967
2024-04-12,0.1613855870863557,0.1613855870863557
2024-04-15,0.18489385097995537,0.18489385097995537
2024-04-16,0.18811489465511788,0.18811489465511788
2024-04-18,0.1839590111816317,0.1839590111816317
2024-04-19,0.14925657484552546,0.14925657484552546
2024-04-22,0.16544625455203527,0.16544625455203527
2024-04-23,0.15854971851432362,0.15854971851432362
2024-04-24,0.16131753445228392,0.16131753445228392
2024-04-25,0.1641578754542002,0.1641578754542002
2024-04-26,0.16249590877570147,0.16249590877570147
2024-04-29,0.16636054360121805,0.16636054360121805
2024-04-30,0.1603565245682749,0.1603565245682749
2024-05-02,0.1740468320488087,0.1740468320488087
2024-05-03,0.16662677596324235,0.16662677596324235
2024-05-06,0.16086714477539651,0.16086714477539651
2024-05-07,0.16015446468716565,0.16015446468716565
2024-05-08,0.1638077216715224,0.1638077216715224
2024-05-09,0.15876917612085095,0.15876917612085095
2024-05-10,0.15973420833284024,0.15973420833284024
2024-05-13,0.15420224764020093,0.15420224764020093
2024-05-14,0.15424641904347472,0.15424641904347472
2024-05-15,0.15770909957620968,0.15770909957620968
2024-05-16,0.15727726209416973,0.15727726209416973
2024-05-17,0.15352875225785204,0.15352875225785204
2024-05-21,0.15383592629982723,0.15383592629982723
2024-05-22,0.15244822903253205,0.15244822903253205
2024-05-23,0.15640747119890652,0.15640747119890652
2024-05-24,0.15796159577028548,0.15796159577028548
2024-05-27,0.15557550383073812,0.15557550383073812
2024-05-28,0.16255921376202448,0.16255921376202448
2024-05-29,0.1634897842230792,0.1634897842230792
2024-05-30,0.16302153725529506,0.16302153725529506
2024-05-31,0.16032789295843686,0.16032789295843686
2024-06-03,0.15159812805505696,0.15159812805505696
2024-06-04,0.16064589719227526,0.16064589719227526
2024-06-05,0.19628363845339236,0.19628363845339236
2024-06-06,0.18905273272974407,0.18905273272974407
2024-06-07,0.18260869304066055,0.18260869304066055
2024-06-10,0.18414737909550277,0.18414737909550277
2024-06-11,0.1842827182509057,0.1842827182509057
2024-06-12,0.18948449705680934,0.18948449705680934
2024-06-13,0.18916363443303297,0.18916363443303297
2024-06-14,0.18748247919734468,0.18748247919734468
2024-06-18,0.1867973356549796,0.1867973356549796
2024-06-19,0.18752634969513607,0.18752634969513607
2024-06-20,0.18970146577813396,0.18970146577813396
2024-06-21,0.19185522248498166,0.19185522248498166
2024-06-24,0.18945996677093746,0.18945996677093746
2024-06-25,0.19268912450251294,0.19268912450251294
2024-06-26,0.19281815269526018,0.19281815269526018
2024-06-27,0.19310286080231287,0.19310286080231287
2024-06-28,0.18938317171313415,0.18938317171313415
2024-07-01,0.18976799894038518,0.18976799894038518
2024-07-02,0.18888096310024938,0.18888096310024938
2024-07-03,0.19298576103084,0.19298576103084
2024-07-04,0.1944470038995032,0.1944470038995032
2024-07-05,0.19346952575431475,0.19346952575431475
2024-07-08,0.1957462784755583,0.1957462784755583
2024-07-09,0.19567034293521446,0.19567034293521446
2024-07-10,0.19841125539311827,0.19841125539311827
2024-07-11,0.19028453575793436,0.19028453575793436
2024-07-12,0.1879604745518167,0.1879604745518167
2024-07-15,0.1900254241826235,0.1900254241826235
2024-07-16,0.1877680018413518,0.1877680018413518
2024-07-18,0.18510733681230698,0.18510733681230698
2024-07-19,0.2001824998538658,0.2001824998538658
2024-07-22,0.19573956895119896,0.19573956895119896
2024-07-23,0.1878787923433184,0.1878787923433184
2024-07-24,0.18811017449815315,0.18811017449815315
2024-07-25,0.18735222657418443,0.18735222657418443
2024-07-26,0.194708957810832,0.194708957810832
2024-07-29,0.19310905547146603,0.19310905547146603
2024-07-30,0.18491856465892065,0.18491856465892065
2024-07-31,0.1896772387033258,0.1896772387033258
2024-08-01,0.18348629992061236,0.18348629992061236
2024-08-02,0.21345531333093573,0.21345531333093573
2024-08-05,0.2591965901956642,0.2591965901956642
2024-08-06,0.26245453156959925,0.26245453156959925
2024-08-07,0.2595772144657424,0.2595772144657424
2024-08-08,0.2591369991718978,0.2591369991718978
2024-08-09,0.2640211210260841,0.2640211210260841
2024-08-12,0.26090297958156994,0.26090297958156994
2024-08-13,0.2540829831942479,0.2540829831942479
2024-08-14,0.24940885323576278,0.24940885323576278
2024-08-16,0.2612371743838859,0.2612371743838859
2024-08-19,0.2573682915141949,0.2573682915141949
2024-08-20,0.2599013229698454,0.2599013229698454
2024-08-21,0.2597029000900155,0.2597029000900155
2024-08-22,0.25642698181882556,0.25642698181882556
2024-08-23,0.2613311482387707,0.2613311482387707
2024-08-26,0.25702992411381576,0.25702992411381576
2024-08-27,0.256948129918655,0.256948129918655
2024-08-28,0.2614937645696167,0.2614937645696167
2024-08-29,0.2752037050457434,0.2752037050457434
2024-08-30,0.26319108799640134,0.26319108799640134
2024-09-02,0.23265450328954498,0.23265450328954498
2024-09-03,0.23373642066342826,0.23373642066342826
2024-09-04,0.25050891505587936,0.25050891505587936
2024-09-05,0.2515706737193247,0.2515706737193247
2024-09-06,0.2643458310477821,0.2643458310477821
2024-09-09,0.2649946501884467,0.2649946501884467
2024-09-10,0.2658061763024176,0.2658061763024176
2024-09-11,0.2632619746352544,0.2632619746352544
2024-09-12,0.2692457676834505,0.2692457676834505
2024-09-13,0.26844937645454886,0.26844937645454886
2024-09-16,0.27010195665270725,0.27010195665270725
2024-09-17,0.26578693424203576,0.26578693424203576
2024-09-18,0.26731009073084394,0.26731009073084394
2024-09-19,0.2724933243232042,0.2724933243232042
2024-09-20,0.2738113100013023,0.2738113100013023
2024-09-23,0.27825124986203226,0.27825124986203226
2024-09-24,0.280316450647862,0.280316450647862
2024-09-25,0.27884766420848467,0.27884766420848467
2024-09-26,0.276744639571091,0.276744639571091
2024-09-27,0.274823302145957,0.274823302145957
2024-09-30,0.27312925479783917,0.27312925479783917
2024-10-01,0.2654435826546247,0.2654435826546247
2024-10-03,0.2502226211722027,0.2502226211722027
2024-10-04,0.24838369178977834,0.24838369178977834
2024-10-07,0.24839715468968013,0.24839715468968013
2024-10-08,0.25061986089699184,0.25061986089699184
2024-10-09,0.24936418903256494,0.24936418903256494
2024-10-10,0.2487649149224726,0.2487649149224726
2024-10-11,0.2522028651137033,0.2522028651137033
2024-10-14,0.25428710159356044,0.25428710159356044
2024-10-15,0.24892393261788226,0.24892393261788226
2024-10-16,0.2506580139683278,0.2506580139683278
2024-10-17,0.25526171841709044,0.25526171841709044
2024-10-18,0.2662380340137032,0.2662380340137032
2024-10-21,0.26835394855189215,0.26835394855189215
2024-10-22,0.26415681686046844,0.26415681686046844
2024-10-23,0.2663437168936677,0.2663437168936677
2024-10-24,0.26853768081061463,0.26853768081061463
2024-10-25,0.2677484137818473,0.2677484137818473
2024-10-28,0.27619891763357945,0.27619891763357945
2024-10-29,0.2669932130605309,0.2669932130605309
2024-10-30,0.20753409483811375,0.20753409483811375
2024-10-31,0.212254539546257,0.212254539546257
2024-11-01,0.2306345598908422,0.2306345598908422
2024-11-04,0.2393118748948757,0.2393118748948757
2024-11-05,0.23822294060595736,0.23822294060595736
2024-11-06,0.21866977982968555,0.21866977982968555
2024-11-07,0.22521540171154872,0.22521540171154872
2024-11-08,0.22652927485905744,0.22652927485905744
2024-11-11,0.21393689637805405,0.21393689637805405
2024-11-12,0.21355978152256025,0.21355978152256025
2024-11-13,0.21440716096155063,0.21440716096155063
2024-11-14,0.21297558836053232,0.21297558836053232
2024-11-18,0.20855555834385173,0.20855555834385173
2024-11-19,0.21092516276477294,0.21092516276477294
2024-11-21,0.21411698086315262,0.21411698086315262
2024-11-22,0.20697711112069253,0.20697711112069253
2024-11-25,0.2133428557077107,0.2133428557077107
2024-11-26,0.21440894075805647,0.21440894075805647
2024-11-27,0.206907824605009,0.206907824605009
2024-11-28,0.2098063895028198,0.2098063895028198
2024-11-29,0.22922563348685485,0.22922563348685485
2024-12-02,0.2277145406512047,0.2277145406512047
2024-12-03,0.2265859182827729,0.2265859182827729
2024-12-04,0.23114027319051308,0.23114027319051308
2024-12-05,0.22755178269244225,0.22755178269244225
2024-12-06,0.22663928178889492,0.22663928178889492
2024-12-09,0.2324067480195312,0.2324067480195312
2024-12-10,0.2419058532036843,0.2419058532036843
2024-12-11,0.24118621603032064,0.24118621603032064
2024-12-12,0.2392029991319879,0.2392029991319879
2024-12-13,0.23885987699585554,0.23885987699585554
2024-12-16,0.23691482776531028,0.23691482776531028
2024-12-17,0.24149840051930152,0.24149840051930152
2024-12-18,0.22409121127977946,0.22409121127977946
2024-12-19,0.2251552324900143,0.2251552324900143
2024-12-20,0.21923901186426406,0.21923901186426406
2024-12-23,0.23267607920999603,0.23267607920999603
2024-12-24,0.23111253952723626,0.23111253952723626
2024-12-26,0.23090750661678636,0.23090750661678636
2024-12-27,0.2317602527728534,0.2317602527728534
2024-12-30,0.24116290434545679,0.24116290434545679
2024-12-31,0.23228967009376703,0.23228967009376703
2025-01-01,0.23792059212196512,0.23792059212196512
2025-01-02,0.21785298040659806,0.21785298040659806
2025-01-03,0.19979796441134398,0.19979796441134398
2025-01-06,0.18564820054677725,0.18564820054677725
2025-01-07,0.18431568483909552,0.18431568483909552
2025-01-08,0.1843590762669529,0.1843590762669529
2025-01-09,0.18740078101279578,0.18740078101279578
2025-01-10,0.19949586969282038,0.19949586969282038
2025-01-13,0.19849476346574502,0.19849476346574502
2025-01-14,0.19006939603525413,0.19006939603525413
2025-01-15,0.1864805437701005,0.1864805437701005
2025-01-16,0.18146996676750388,0.18146996676750388
2025-01-17,0.17779511052595817,0.17779511052595817
2025-01-20,0.17739620274271736,0.17739620274271736
2025-01-21,0.16598503041881446,0.16598503041881446
2025-01-22,0.1608371486951285,0.1608371486951285
2025-01-23,0.1606382183387986,0.1606382183387986
2025-01-24,0.16056192280899118,0.16056192280899118
2025-01-27,0.15716750867729815,0.15716750867729815
2025-01-28,0.15580591578606512,0.15580591578606512
2025-01-29,0.15342634115290182,0.15342634115290182
2025-01-30,0.15563202238067975,0.15563202238067975
2025-01-31,0.15102252881174896,0.15102252881174896
2025-02-01,0.1522063452802867,0.1522063452802867
2025-02-03,0.1475451827103242,0.1475451827103242
2025-02-04,0.1592920186509889,0.1592920186509889
2025-02-05,0.15961817478597812,0.15961817478597812
2025-02-06,0.15813794226343844,0.15813794226343844
2025-02-07,0.15691351573744153,0.15691351573744153
2025-02-10,0.14892128027971493,0.14892128027971493
2025-02-11,0.1500302700807141,0.1500302700807141
2025-02-12,0.1549771424653426,0.1549771424653426
2025-02-13,0.15909685724026065,0.15909685724026065
2025-02-14,0.15297994290368144,0.15297994290368144
2025-02-17,0.16369458806802012,0.16369458806802012
2025-02-18,0.16676492487353842,0.16676492487353842
2025-02-19,0.1655643599950692,0.1655643599950692
2025-02-20,0.16629725270508708,0.16629725270508708
2025-02-21,0.18085218766735014,0.18085218766735014
2025-02-24,0.18150393873148718,0.18150393873148718
2025-02-25,0.1732302927716065,0.1732302927716065
2025-02-27,0.16675275951170138,0.16675275951170138
2025-02-28,0.1680759274674192,0.1680759274674192
2025-03-03,0.1640924034376861,0.1640924034376861
2025-03-04,0.16626063936881152,0.16626063936881152
2025-03-05,0.1560223092371224,0.1560223092371224
2025-03-06,0.15075237205868638,0.15075237205868638
2025-03-07,0.150340655020626,0.150340655020626
2025-03-10,0.1591223009628091,0.1591223009628091
2025-03-11,0.15917653752661454,0.15917653752661454
2025-03-12,0.1591821770282506,0.1591821770282506
2025-03-13,0.16246783419027802,0.16246783419027802
2025-03-17,0.15522470812485395,0.15522470812485395
2025-03-18,0.15461758103142426,0.15461758103142426
2025-03-19,0.16527291820428,0.16527291820428
2025-03-20,0.1614124310344896,0.1614124310344896
2025-03-21,0.16338433056181642,0.16338433056181642
2025-03-24,0.17099932171595378,0.17099932171595378
2025-03-25,0.17131997035436702,0.17131997035436702
2025-03-26,0.17154161505521048,0.17154161505521048
2025-03-27,0.17432196859693677,0.17432196859693677
2025-03-28,0.17107319317205485,0.17107319317205485
2025-04-01,0.1694151024092403,0.1694151024092403
2025-04-02,0.169723696300226,0.169723696300226
2025-04-03,0.2066970623195575,0.2066970623195575
2025-04-04,0.2734512093539362,0.2734512093539362
2025-04-07,0.27507079425571274,0.27507079425571274
2025-04-08,0.2788311322289857,0.2788311322289857
2025-04-09,0.3037888684073921,0.3037888684073921
2025-04-11,0.2851755491638793,0.2851755491638793
2025-04-15,0.2764682580151558,0.2764682580151558
2025-04-16,0.2680978866392892,0.2680978866392892
2025-04-17,0.26629764825539415,0.26629764825539415
2025-04-21,0.25723902548649474,0.25723902548649474
2025-04-22,0.2557350400217258,0.2557350400217258
2025-04-23,0.24674898745984347,0.24674898745984347
2025-04-24,0.25005863748711876,0.25005863748711876
2025-04-25,0.24693479686747238,0.24693479686747238
2025-04-28,0.2378916253057392,0.2378916253057392
2025-04-29,0.23437919727080928,0.23437919727080928
2025-04-30,0.23624592577476383,0.23624592577476383
2025-05-02,0.22946007119969997,0.22946007119969997
2025-05-05,0.2279689005815555,0.2279689005815555
2025-05-06,0.21943582344828738,0.21943582344828738
2025-05-07,0.21722919438022592,0.21722919438022592
2025-05-08,0.21154266170263847,0.21154266170263847
2025-05-09,0.21830603027820525,0.21830603027820525
2025-05-12,0.21575892989086504,0.21575892989086504
2025-05-13,0.209361207359981,0.209361207359981
2025-05-14,0.20977564750415206,0.20977564750415206
2025-05-15,0.20711250480688753,0.20711250480688753
2025-05-16,0.2062935131480317,0.2062935131480317
2025-05-19,0.20626130249591798,0.20626130249591798
2025-05-20,0.20422197027411465,0.20422197027411465
2025-05-21,0.20356971243366395,0.20356971243366395
2025-05-22,0.2039552793536544,0.2039552793536544
2025-05-23,0.20318712903186578,0.20318712903186578
2025-05-26,0.20223827279684675,0.20223827279684675
2025-05-27,0.2031227558797737,0.2031227558797737
2025-05-28,0.20238303977562946,0.20238303977562946
2025-05-29,0.20233766021064,0.20233766021064
2025-05-30,0.20686628979239585,0.20686628979239585
2025-06-02,0.20372762003633624,0.20372762003633624
2025-06-03,0.20132625779948757,0.20132625779948757
2025-06-04,0.20021139773955865,0.20021139773955865
2025-06-05,0.20010301605559755,0.20010301605559755
2025-06-06,0.2037672276450428,0.2037672276450428
2025-06-09,0.20494952847423967,0.20494952847423967
2025-06-10,0.20338512692870528,0.20338512692870528
2025-06-11,0.2005999358872813,0.2005999358872813
2025-06-12,0.19843683220941627,0.19843683220941627
2025-06-13,0.18618697522518385,0.18618697522518385
2025-06-16,0.18325215253786398,0.18325215253786398
2025-06-17,0.1801424844240719,0.1801424844240719
2025-06-18,0.1809320971670509,0.1809320971670509
2025-06-19,0.1802180596068619,0.1802180596068619
2025-06-20,0.1791991915580608,0.1791991915580608
2025-06-23,0.17435528859871588,0.17435528859871588
2025-06-24,0.17281687554192784,0.17281687554192784
2025-06-25,0.17441472207253786,0.17441472207253786
2025-06-26,0.17455076232983183,0.17455076232983183
2025-06-27,0.17221508228799556,0.17221508228799556
2025-06-30,0.17761603183373115,0.17761603183373115
2025-07-01,0.17703597001055188,0.17703597001055188
2025-07-02,0.17034853419480808,0.17034853419480808
2025-07-03,0.16438362673598328,0.16438362673598328
2025-07-04,0.17406754669371277,0.17406754669371277
2025-07-07,0.17615008573334637,0.17615008573334637
2025-07-08,0.23857178278118782,0.23857178278118782
2025-07-09,0.26096488812505586,0.26096488812505586
2025-07-10,0.24818667426985253,0.24818667426985253
2025-07-11,0.25947087073683295,0.25947087073683295
2025-07-14,0.2624207573090488,0.2624207573090488
2025-07-15,0.27646208660649263,0.27646208660649263
2025-07-16,0.2789514183718999,0.2789514183718999
2025-07-17,0.28226062582302264,0.28226062582302264
2025-07-18,0.29469631436189225,0.29469631436189225
2025-07-21,0.30092302845473584,0.30092302845473584
2025-07-22,0.30348325186985065,0.30348325186985065
2025-07-23,0.3049429304401684,0.3049429304401684
2025-07-24,0.3075555895534814,0.3075555895534814
2025-07-25,0.2960225723182182,0.2960225723182182
2025-07-28,0.303062479432908,0.303062479432908
2025-07-29,0.2943256305560583,0.2943256305560583
2025-07-30,0.297147084119547,0.297147084119547
2025-07-31,0.3151156170805467,0.3151156170805467
2025-08-01,0.2933080829622047,0.2933080829622047
2025-08-04,0.22240802297906953,0.22240802297906953
2025-08-05,0.2219855081853085,0.2219855081853085
2025-08-06,0.22132590918367168,0.22132590918367168
2025-08-07,0.22198731953826178,0.22198731953826178
2025-08-08,0.22022227386992435,0.22022227386992435
2025-08-11,0.20920692841229757,0.20920692841229757
2025-08-12,0.2033815194233092,0.2033815194233092
2025-08-13,0.20682222565218294,0.20682222565218294
2025-08-14,0.20748290309816314,0.20748290309816314
2025-08-18,0.2037008967180012,0.2037008967180012
2025-08-19,0.20114782270414486,0.20114782270414486
2025-08-20,0.20969395095824048,0.20969395095824048
2025-08-21,0.20584206211084832,0.20584206211084832
2025-08-22,0.18618252104267596,0.18618252104267596
2025-08-25,0.18623590107027047,0.18623590107027047
2025-08-26,0.18491955255746756,0.18491955255746756
2025-08-28,0.1858749805137478,0.1858749805137478
2025-08-29,0.19074831193906489,0.19074831193906489
2025-09-01,0.1894761809827407,0.1894761809827407
2025-09-02,0.19130198548548644,0.19130198548548644
2025-09-03,0.18988606342702866,0.18988606342702866
2025-09-04,0.19187784139933084,0.19187784139933084
2025-09-05,0.1931469023996376,0.1931469023996376
2025-09-08,0.18862489237426083,0.18862489237426083
2025-09-09,0.16818680309919584,0.16818680309919584
2025-09-10,0.1695266243001648,0.1695266243001648
2025-09-11,0.1740547391178089,0.1740547391178089
2025-09-12,0.17654283645374033,0.17654283645374033
2025-09-15,0.1769310046696491,0.1769310046696491
2025-09-16,0.1744315240879608,0.1744315240879608
2025-09-17,0.16812089260845667,0.16812089260845667
2025-09-18,0.15175096455060003,0.15175096455060003
2025-09-19,0.15178654639979947,0.15178654639979947
2025-09-22,0.16296339484471234,0.16296339484471234
2025-09-23,0.16740809542443763,0.16740809542443763
2025-09-24,0.16781072277086506,0.16781072277086506
2025-09-25,0.16554253619548193,0.16554253619548193
2025-09-26,0.17100493783754367,0.17100493783754367
2025-09-29,0.1712816155061144,0.1712816155061144
2025-09-30,0.17126779694258845,0.17126779694258845
2025-10-01,0.16595951931590683,0.16595951931590683
2025-10-03,0.16215028975480475,0.16215028975480475
2025-10-06,0.15844895652783872,0.15844895652783872
2025-10-07,0.15894065980790767,0.15894065980790767
2025-10-08,0.1627404743255748,0.1627404743255748
2025-10-09,0.1606067403664936,0.1606067403664936
2025-10-10,0.1753794526631799,0.1753794526631799
2025-10-13,0.18664553870054806,0.18664553870054806
2025-10-14,0.18478171115531736,0.18478171115531736
2025-10-15,0.18155030005889475,0.18155030005889475
2025-10-16,0.20384797325088624,0.20384797325088624
2025-10-17,0.2056913306292239,0.2056913306292239
2025-10-20,0.19211616900618858,0.19211616900618858
2025-10-21,0.18591747296696284,0.18591747296696284
2025-10-23,0.18530355362338602,0.18530355362338602
2025-10-24,0.18500417685043966,0.18500417685043966
2025-10-27,0.18362996978787402,0.18362996978787402
2025-10-28,0.18098673458498332,0.18098673458498332
2025-10-29,0.18868632672457017,0.18868632672457017
2025-10-30,0.18701693796593283,0.18701693796593283
2025-10-31,0.1971918666538897,0.1971918666538897
2025-11-03,0.19611577240899386,0.19611577240899386
2025-11-04,0.1927650360532841,0.1927650360532841
2025-11-06,0.19116181993434836,0.19116181993434836
2025-11-07,0.18997471663164398,0.18997471663164398
2025-11-10,0.18642382285429596,0.18642382285429596
2025-11-11,0.18389444271919467,0.18389444271919467
2025-11-12,0.1873390009364525,0.1873390009364525
2025-11-13,0.18337110057691194,0.18337110057691194
2025-11-14,0.18686133983987988,0.18686133983987988
2025-11-17,0.18625820173330704,0.18625820173330704
2025-11-18,0.18347442201957898,0.18347442201957898
2025-11-19,0.18297667337078694,0.18297667337078694
2025-11-20,0.17343480266496328,0.17343480266496328
2025-11-21,0.17576976299622576,0.17576976299622576
2025-11-24,0.1906472370717871,0.1906472370717871
2025-11-25,0.16984411464946247,0.16984411464946247
2025-11-26,0.16611494443411243,0.16611494443411243
2025-11-27,0.16872834806183912,0.16872834806183912
2025-11-28,0.173913656593998,0.173913656593998
2025-12-01,0.17337489173809628,0.17337489173809628
2025-12-02,0.1754899757624176,0.1754899757624176
2025-12-03,0.17737157406816909,0.17737157406816909
2025-12-04,0.17714749310240624,0.17714749310240624
2025-12-05,0.17427073578411564,0.17427073578411564
2025-12-08,0.16854950831569818,0.16854950831569818
2025-12-09,0.1712212651475856,0.1712212651475856
2025-12-10,0.168985200748642,0.168985200748642
2025-12-11,0.17180805367826282,0.17180805367826282
2025-12-12,0.16903843554305759,0.16903843554305759
2025-12-15,0.16781408645615126,0.16781408645615126
2025-12-16,0.16606783786622867,0.16606783786622867
2025-12-17,0.16361035012747477,0.16361035012747477
2025-12-18,0.15987533680582616,0.15987533680582616
2025-12-19,0.1601720144763298,0.1601720144763298
2025-12-22,0.15283673779777285,0.15283673779777285
2025-12-23,0.1524628334600348,0.1524628334600348
2025-12-24,0.14866756452160756,0.14866756452160756
2025-12-26,0.1509558560702306,0.1509558560702306
2025-12-29,0.16058399135340096,0.16058399135340096
2025-12-30,0.1585422664440069,0.1585422664440069
2025-12-31,0.1564078984382682,0.1564078984382682
2026-01-01,0.15511837322221578,0.15511837322221578
2026-01-02,0.15488469369640515,0.15488469369640515
2026-01-05,0.15235314428591595,0.15235314428591595
2026-01-06,0.15603920371707097,0.15603920371707097
2026-01-07,0.15720596483968682,0.15720596483968682
2026-01-08,0.16536667657926024,0.16536667657926024
2026-01-09,0.16222041121700306,0.16222041121700306
2026-01-12,0.15025345333668785,0.15025345333668785
2026-01-13,0.14962649315152055,0.14962649315152055
2026-01-14,0.16277110241584664,0.16277110241584664
2026-01-16,0.14582516452911667,0.14582516452911667
2026-01-19,0.1527026586832645,0.1527026586832645
2026-01-20,0.15432771782386645,0.15432771782386645
2026-01-21,0.1450694384566014,0.1450694384566014
2026-01-22,0.16005604802809847,0.16005604802809847
2026-01-23,0.16616448435104142,0.16616448435104142
2026-01-27,0.1675382330974513,0.1675382330974513
2026-01-28,0.16975799400905608,0.16975799400905608
2026-01-29,0.16093012936598575,0.16093012936598575
2026-01-30,0.16937495908747038,0.16937495908747038
2026-02-02,0.15801089875666602,0.15801089875666602
2026-02-03,0.17961507804853727,0.17961507804853727
2026-02-04,0.17520983079645086,0.17520983079645086
2026-02-05,0.17098746554302946,0.17098746554302946
2026-02-06,0.17412023245607838,0.17412023245607838
2026-02-09,0.17655338407482996,0.17655338407482996
2026-02-10,0.17474112397549962,0.17474112397549962
2026-02-11,0.17882271856832338,0.17882271856832338
2026-02-12,0.19131513282557874,0.19131513282557874
2026-02-13,0.18123438378606135,0.18123438378606135
2026-02-16,0.180482596813214,0.180482596813214
2026-02-17,0.18006562227696507,0.18006562227696507
2026-02-18,0.19559047549256622,0.19559047549256622
2026-02-19,0.1947061925934753,0.1947061925934753
2026-02-20,0.19357112124742742,0.19357112124742742
2026-02-23,0.18953943348733066,0.18953943348733066
2026-02-24,0.1870011685539852,0.1870011685539852
2026-02-25,0.18771685920405212,0.18771685920405212
2026-02-26,0.18694364816034023,0.18694364816034023
2026-02-27,0.18598442579396146,0.18598442579396146
2026-03-02,0.19074132620805698,0.19074132620805698
2026-03-04,0.20686660566653248,0.20686660566653248
2026-03-05,0.185240634822526,0.185240634822526
2026-03-06,0.20655135725025933,0.20655135725025933
2026-03-09,0.19867788728831007,0.19867788728831007
2026-03-10,0.21637926326284374,0.21637926326284374
2026-03-11,0.2230827540863479,0.2230827540863479
2026-03-12,0.23609743267042024,0.23609743267042024
2026-03-13,0.23838988131761227,0.23838988131761227
2026-03-16,0.2451749561217325,0.2451749561217325
2026-03-17,0.24595236304794948,0.24595236304794948
2026-03-18,0.24209148720212223,0.24209148720212223
2026-03-19,0.25669948549193355,0.25669948549193355
2026-03-20,0.260193407550254,0.260193407550254
2026-03-23,0.2527813413349808,0.2527813413349808
2026-03-24,0.2510137658819635,0.2510137658819635
2026-03-25,0.2489974049590396,0.2489974049590396
2026-03-27,0.26388812790084115,0.26388812790084115
2026-03-30,0.26145879315794096,0.26145879315794096
2026-04-01,0.29659931777388154,0.29659931777388154
2026-04-02,0.2868671785515784,0.2868671785515784
2026-04-06,0.28521197617517063,0.28521197617517063
2026-04-07,0.28653716965386816,0.28653716965386816
2026-04-08,0.3257951699186125,0.3257951699186125
2026-04-09,0.3224501756391741,0.3224501756391741
2026-04-10,0.3222207968153088,0.3222207968153088
2026-04-13,0.3219822120183916,0.3219822120183916
2026-04-15,0.3334010795562512,0.3334010795562512
2026-04-16,0.33250152261778443,0.33250152261778443
2026-04-17,0.33765126970265397,0.33765126970265397
2026-04-20,0.3377067284728767,0.3377067284728767
2026-04-21,0.3342322511226948,0.3342322511226948
2026-04-22,0.3387404659865395,0.3387404659865395
2026-04-23,0.34376739667166206,0.34376739667166206
2026-04-24,0.34071910706857933,0.34071910706857933
2026-04-27,0.34010043644143917,0.34010043644143917
2026-04-28,0.34123948984378644,0.34123948984378644
2026-04-29,0.3387508721108823,0.3387508721108823
2026-04-30,0.3375128348815676,0.3375128348815676
2026-05-04,0.3527451284228731,0.3527451284228731
2026-05-05,0.357393954434466,0.357393954434466
2026-05-06,0.3695797183056217,0.3695797183056217
2026-05-07,0.36999838125015616,0.36999838125015616
2026-05-08,0.3733988296091445,0.3733988296091445
2026-05-11,0.3748370147437668,0.3748370147437668
2026-05-12,0.37849720131926295,0.37849720131926295
2026-05-13,0.37953671055687255,0.37953671055687255
2026-05-14,0.37962407343254295,0.37962407343254295
2026-05-15,0.3824030892385586,0.3824030892385586
2026-05-18,0.3871822466521367,0.3871822466521367
2026-05-19,0.3859508059361472,0.3859508059361472
2026-05-20,0.3888593772988295,0.3888593772988295
2026-05-21,0.390414579104679,0.390414579104679
2026-05-22,0.38926197356751235,0.38926197356751235
2026-05-25,0.39137272326831124,0.39137272326831124
2026-05-26,0.39825223945711535,0.39825223945711535
2026-05-27,0.39666368799122964,0.39666368799122964
2026-05-29,0.3867558677902307,0.3867558677902307
2026-06-01,0.3828840657830616,0.3828840657830616
2026-06-02,0.38247763578937316,0.38247763578937316
2026-06-03,0.38637128416010186,0.38637128416010186
2026-06-04,0.3767141031937647,0.3767141031937647
2026-06-05,0.37893328512280616,0.37893328512280616
2026-06-08,0.3711422404913923,0.3711422404913923
2026-06-09,0.37764563895992914,0.37764563895992914
2026-06-10,0.3684381264096327,0.3684381264096327
2026-06-11,0.3611829581732591,0.3611829581732591
2026-06-12,0.3611202013425315,0.3611202013425315
2026-06-15,0.3673553866191196,0.3673553866191196
2026-06-16,0.36671384718480204,0.36671384718480204
2026-06-17,0.3648461798192758,0.3648461798192758
2026-06-18,0.3631842997468256,0.3631842997468256
2026-06-19,0.35289725918744624,0.35289725918744624
2026-06-22,0.35406535572938985,0.35406535572938985
2026-06-23,0.3854812320089141,0.3854812320089141
2026-06-24,0.3852326313987472,0.3852326313987472
2026-06-25,0.391964310012981,0.391964310012981
2026-06-29,0.3686372370468814,0.3686372370468814
2026-06-30,0.3690087473004806,0.3690087473004806
2026-07-01,0.3017866215483662,0.3017866215483662
2026-07-02,0.30921448391583395,0.30921448391583395
2026-07-03,0.3109820358188206,0.3109820358188206
2026-07-06,0.3121520577509645,0.3121520577509645
2026-07-07,0.24501137839021647,0.24501137839021647
2026-07-08,0.26721720576801383,0.26721720576801383
2026-07-09,0.27352458488182846,0.27352458488182846
2026-07-10,0.27481144875731556,0.27481144875731556
2026-07-13,0.26701749575350486,0.26701749575350486
2026-07-14,0.2670557548607823,0.2670557548607823
2026-07-15,0.2643298235825353,0.2643298235825353
2026-07-16,0.2550978429601517,0.2550978429601517
2026-07-17,0.2567573657673718,0.2567573657673718
2026-07-20,0.26071338463312826,0.26071338463312826
2026-07-21,0.25790434052338373,0.25790434052338373
2026-07-22,0.2568150435000424,0.2568150435000424
2026-07-23,0.2681262778467933,0.2681262778467933
2026-07-24,0.26600177084323423,0.26600177084323423
2026-07-27,0.27166124859976654,0.27166124859976654
2026-07-28,0.2714347305862296,0.2714347305862296
2026-07-29,0.264356157489213,0.264356157489213
2026-07-30,0.26355085907582837,0.26355085907582837
2026-07-31,0.25131196752030976,0.25131196752030976
2026-08-03,0.25174952651117405,0.25174952651117405
2026-08-04,0.2478836529073971,0.2478836529073971
2026-08-05,0.24008753311176192,0.24008753311176192
2026-08-06,0.23768386907120262,0.23768386907120262
2026-08-07,0.23578242127258375,0.23578242127258375
2026-08-10,0.2349333053950749,0.2349333053950749
2026-08-11,0.22870355738174006,0.22870355738174006
2026-08-12,0.22989703746635873,0.22989703746635873
2026-08-13,0.23049675052422453,0.23049675052422453
2026-08-14,0.22674116641957925,0.22674116641957925
2026-08-17,0.22629113066774276,0.22629113066774276
2026-08-18,0.22748340392355837,0.22748340392355837
2026-08-19,0.22704234848306037,0.22704234848306037
2026-08-20,0.22838780360006536,0.22838780360006536
2026-08-21,0.2260489693108471,0.2260489693108471
2026-08-24,0.23677799526145887,0.23677799526145887
2026-08-25,0.2365397067142206,0.2365397067142206
2026-08-26,0.2301897068473137,0.2301897068473137
2026-08-27,0.23303987548360264,0.23303987548360264
2026-08-28,0.22842394393080423,0.22842394393080423
2026-08-31,0.2274916629334358,0.2274916629334358
2026-09-01,0.2507492729695192,0.2507492729695192
2026-09-02,0.2604727927086928,0.2604727927086928
2026-09-03,0.2487866248066042,0.2487866248066042
2026-09-04,0.2500991554199915,0.2500991554199915
2026-09-07,0.23533290580267907,0.23533290580267907
2026-09-08,0.22247347792948804,0.22247347792948804
2026-09-09,0.22707382660989264,0.22707382660989264
2026-09-10,0.23430686558904557,0.23430686558904557
2026-09-11,0.24039453043754785,0.24039453043754785
2026-09-15,0.2582413387045134,0.2582413387045134
2026-09-16,0.2586860670488211,0.2586860670488211
2026-09-17,0.2554859886603188,0.2554859886603188
2026-09-18,0.2753746499597628,0.2753746499597628
