date,nifty_close,regime,stress_probability,warning_level,driver_volatility_20d,driver_volatility_60d,driver_mean_abs_correlation_60d,driver_volatility_5d,driver_drawdown_60d
2010-01-04,5232.2001953125,,0.4544171125749062,Elevated,,,,,
2010-01-05,5277.89990234375,,0.4184511699934543,Elevated,,,,,
2010-01-06,5281.7998046875,,0.44273277077246903,Elevated,,,,,
2010-01-07,5263.10009765625,,0.4927649979967664,Elevated,,,,,
2010-01-08,5244.75,,0.4770673990360503,Elevated,,,,,
2010-01-11,5249.39990234375,,0.5759726582804575,Elevated,,,,,
2010-01-12,5210.39990234375,,0.7502894280787169,Severe,,,,,
2010-01-13,5233.9501953125,,0.6582386612377423,Severe,,,,,
2010-01-14,5259.89990234375,,0.6837169442645709,Severe,,,,,
2010-01-15,5252.2001953125,,0.7061841148389404,Severe,,,,,
2010-01-18,5274.85009765625,,0.6347304125921084,Severe,,,,,
2010-01-19,5225.64990234375,,0.7422231749223509,Severe,,,,,
2010-01-20,5221.7001953125,,0.7461143358695419,Severe,,,,,
2010-01-21,5094.14990234375,,0.6165368276207616,Severe,,,,,
2010-01-22,5036.0,,0.6712817860077714,Severe,,,,,
2010-01-25,5007.89990234375,,0.658230442901827,Severe,,,,,
2010-01-27,4853.10009765625,,0.47516320403083084,Elevated,,,,,
2010-01-28,4867.25,,0.40680946118679345,Elevated,,,,,
2010-01-29,4882.0498046875,,0.4221736618759541,Elevated,,,,,
2010-02-01,4899.7001953125,,0.38250224592116583,Elevated,,,,,
2010-02-02,4830.10009765625,0.0,0.37841907558976023,Elevated,,,,,
2010-02-03,4931.85009765625,0.0,0.30140552815133803,Elevated,,,,,
2010-02-04,4845.35009765625,0.0,0.37317950479994005,Elevated,,,,,
2010-02-05,4718.64990234375,0.0,0.4977719367989311,Elevated,,,,,
2010-02-08,4760.39990234375,0.0,0.47539629638356146,Elevated,,,,,
2010-02-09,4792.64990234375,0.0,0.38999974614990246,Elevated,,,,,
2010-02-10,4757.2001953125,0.0,0.4251617038249038,Elevated,,,,,
2010-02-11,4826.85009765625,0.0,0.3032811421272482,Elevated,,,,,
2010-02-15,4801.9501953125,0.0,0.3474301500635282,Elevated,,,,,
2010-02-16,4855.75,0.0,0.29189997482090296,Normal,,,,,
2010-02-17,4914.0,0.0,0.26810188330880985,Normal,,,,,
2010-02-18,4887.75,0.0,0.2795397162395296,Normal,,,,,
2010-02-19,4844.89990234375,0.0,0.31300803525087617,Elevated,,,,,
2010-02-22,4856.39990234375,0.0,0.31148667550334025,Elevated,,,,,
2010-02-23,4870.0498046875,0.0,0.3545519634194415,Elevated,,,,,
2010-02-24,4858.60009765625,0.0,0.38760873273250235,Elevated,,,,,
2010-02-25,4859.75,0.0,0.3829932081857721,Elevated,,,,,
2010-02-26,4922.2998046875,0.0,0.28247973306320134,Normal,,,,,
2010-03-02,5017.0,0.0,0.23837661101546725,Normal,,,,,
2010-03-03,5088.10009765625,0.0,0.15828411429403638,Normal,,,,,
2010-03-04,5080.25,0.0,0.2056970964562005,Normal,,,,,
2010-03-05,5088.7001953125,0.0,0.17858256770644662,Normal,,,,,
2010-03-08,5124.0,0.0,0.1725426351648375,Normal,,,,,
2010-03-09,5101.5,0.0,0.27177381284186886,Normal,,,,,
2010-03-10,5116.25,0.0,0.3171712909750795,Elevated,,,,,
2010-03-11,5133.39990234375,2.0,0.15830804857681313,Normal,,,,,
2010-03-12,5137.0,2.0,0.12293590578604237,Normal,,,,,
2010-03-15,5128.89990234375,2.0,0.11764592474169927,Normal,,,,,
2010-03-16,5198.10009765625,2.0,0.15875860491733115,Normal,,,,,
2010-03-17,5231.89990234375,2.0,0.10593868997077939,Normal,,,,,
2010-03-18,5245.89990234375,2.0,0.08795135112341292,Normal,,,,,
2010-03-19,5262.7998046875,2.0,0.1369457788685344,Normal,,,,,
2010-03-22,5205.2001953125,2.0,0.22767896111310723,Normal,,,,,
2010-03-23,5225.2998046875,2.0,0.12615751050713894,Normal,,,,,
2010-03-25,5260.39990234375,2.0,0.10676949450169168,Normal,,,,,
2010-03-26,5282.0,2.0,0.13344972486354328,Normal,,,,,
2010-03-29,5302.85009765625,2.0,0.11664811078384597,Normal,,,,,
2010-03-30,5262.4501953125,2.0,0.14307212847778833,Normal,,,,,
2010-03-31,5249.10009765625,2.0,0.06543833189553443,Normal,,,,,
2010-04-01,5290.5,2.0,0.1008785933658013,Normal,,,,,
2010-04-05,5368.39990234375,2.0,0.09421891271638627,Normal,,,,,
2010-04-06,5366.0,2.0,0.0851650240402882,Normal,,,,,
2010-04-07,5374.64990234375,2.0,0.14552769940638174,Normal,,,,,
2010-04-08,5304.4501953125,2.0,0.2595881864052592,Normal,,,,,
2010-04-09,5361.75,2.0,0.13768731111251628,Normal,,,,,
2010-04-12,5339.7001953125,2.0,0.138791382575693,Normal,,,,,
2010-04-13,5322.9501953125,2.0,0.12888083199806866,Normal,,,,,
2010-04-15,5273.60009765625,2.0,0.25830194592184486,Normal,,,,,
2010-04-16,5262.60009765625,2.0,0.20774234626190372,Normal,,,,,
2010-04-19,5203.64990234375,2.0,0.40525986365212546,Elevated,,,,,
2010-04-20,5230.10009765625,2.0,0.21317446686173788,Normal,,,,,
2010-04-21,5244.89990234375,2.0,0.19140729378340537,Normal,,,,,
2010-04-22,5269.35009765625,2.0,0.21250542379575812,Normal,,,,,
2010-04-23,5304.10009765625,2.0,0.43781514507965935,Elevated,,,,,
2010-04-26,5322.4501953125,2.0,0.4423267093223092,Elevated,,,,,
2010-04-27,5308.35009765625,2.0,0.46510373264493393,Elevated,,,,,
2010-04-28,5215.4501953125,2.0,0.2567455241862142,Normal,,,,,
2010-04-29,5254.14990234375,2.0,0.14400466607823736,Normal,,,,,
2010-04-30,5278.0,2.0,0.17101560886047373,Normal,,,,,
2010-05-03,5222.75,2.0,0.19851427376059455,Normal,,,,,
2010-05-04,5148.5,0.0,0.41533829584656345,Elevated,,,,,
2010-05-05,5124.89990234375,0.0,0.40899987660270676,Elevated,,,,,
2010-05-06,5090.85009765625,0.0,0.47180589300040493,Elevated,,,,,
2010-05-07,5018.0498046875,0.0,0.4617707098364739,Elevated,,,,,
2010-05-10,5193.60009765625,0.0,0.6007566662243523,Severe,,,,,
2010-05-11,5136.14990234375,0.0,0.6844347704398578,Severe,,,,,
2010-05-12,5156.64990234375,0.0,0.6602989462560375,Severe,,,,,
2010-05-13,5178.89990234375,0.0,0.5962842438871003,Elevated,,,,,
2010-05-14,5093.5,0.0,0.6539403913000903,Severe,,,,,
2010-05-17,5059.89990234375,0.0,0.6893402892140529,Severe,,,,,
2010-05-18,5066.2001953125,0.0,0.6373982648921072,Severe,,,,,
2010-05-19,4919.64990234375,1.0,0.6182048590483477,Severe,,,,,
2010-05-20,4947.60009765625,1.0,0.5460194011125642,Elevated,,,,,
2010-05-21,4931.14990234375,1.0,0.5506673633228991,Elevated,,,,,
2010-05-24,4943.9501953125,1.0,0.5322591147354789,Elevated,,,,,
2010-05-25,4806.75,1.0,0.8131101377900058,Severe,,,,,
2010-05-26,4917.39990234375,1.0,0.5066740066154154,Elevated,,,,,
2010-05-27,5003.10009765625,1.0,0.44143215348596143,Elevated,,,,,
2010-05-28,5066.5498046875,1.0,0.42250097913563534,Elevated,,,,,
2010-05-31,5086.2998046875,1.0,0.37548156814288647,Elevated,,,,,
2010-06-01,4970.2001953125,1.0,0.5770709110468113,Elevated,,,,,
2010-06-02,5019.85009765625,1.0,0.36588010289155176,Elevated,,,,,
2010-06-03,5110.5,1.0,0.20575905246372986,Normal,,,,,
2010-06-04,5135.5,1.0,0.24196884623248568,Normal,,,,,
2010-06-07,5034.0,1.0,0.4592591808719035,Elevated,,,,,
2010-06-08,4987.10009765625,0.0,0.4659744820588956,Elevated,,,,,
2010-06-09,5000.2998046875,0.0,0.44143126847517744,Elevated,,,,,
2010-06-10,5078.60009765625,0.0,0.276101270455254,Normal,,,,,
2010-06-11,5119.35009765625,0.0,0.2087098271660588,Normal,,,,,
2010-06-14,5197.7001953125,0.0,0.13243512283511877,Normal,,,,,
2010-06-15,5222.35009765625,0.0,0.18285933989570954,Normal,,,,,
2010-06-16,5233.35009765625,0.0,0.16419439175162215,Normal,,,,,
2010-06-17,5274.85009765625,0.0,0.21053214132838455,Normal,,,,,
2010-06-18,5262.60009765625,0.0,0.2139949102472469,Normal,,,,,
2010-06-21,5353.2998046875,0.0,0.17687607992999407,Normal,,,,,
2010-06-22,5316.5498046875,0.0,0.2471779033538554,Normal,,,,,
2010-06-23,5323.14990234375,0.0,0.18621953204553776,Normal,,,,,
2010-06-24,5320.60009765625,0.0,0.20543401061460215,Normal,,,,,
2010-06-25,5269.0498046875,0.0,0.2507568400408734,Normal,,,,,
2010-06-28,5333.5,0.0,0.21427287142332346,Normal,,,,,
2010-06-29,5256.14990234375,0.0,0.270233212405383,Normal,,,,,
2010-06-30,5312.5,0.0,0.217181805242097,Normal,,,,,
2010-07-01,5251.39990234375,0.0,0.29580138308643333,Normal,,,,,
2010-07-02,5237.10009765625,0.0,0.30757381687446583,Elevated,,,,,
2010-07-05,5235.89990234375,2.0,0.1613102390407855,Normal,,,,,
2010-07-06,5289.0498046875,2.0,0.17605712145672694,Normal,,,,,
2010-07-07,5241.10009765625,2.0,0.23546144287624526,Normal,,,,,
2010-07-08,5296.85009765625,2.0,0.1358230177742923,Normal,,,,,
2010-07-09,5352.4501953125,2.0,0.10233683427397272,Normal,,,,,
2010-07-12,5383.0,2.0,0.08474181742320595,Normal,,,,,
2010-07-13,5400.64990234375,2.0,0.08727886149750892,Normal,,,,,
2010-07-14,5386.14990234375,2.0,0.15429429551654036,Normal,,,,,
2010-07-15,5378.75,2.0,0.14576655748212353,Normal,,,,,
2010-07-16,5393.89990234375,2.0,0.14909476711010947,Normal,,,,,
2010-07-19,5386.4501953125,1.0,0.27085916566088947,Normal,,,,,
2010-07-20,5368.0,1.0,0.31011261454729333,Elevated,,,,,
2010-07-21,5399.35009765625,2.0,0.11440950050726016,Normal,,,,,
2010-07-22,5441.9501953125,2.0,0.09385494480135334,Normal,,,,,
2010-07-23,5449.10009765625,2.0,0.11231718017360005,Normal,,,,,
2010-07-26,5418.60009765625,2.0,0.1086538109219559,Normal,,,,,
2010-07-27,5430.60009765625,2.0,0.15016464664592918,Normal,,,,,
2010-07-28,5397.5498046875,2.0,0.09387385018394838,Normal,,,,,
2010-07-29,5408.89990234375,2.0,0.14058659887483732,Normal,,,,,
2010-07-30,5367.60009765625,2.0,0.13274702978440953,Normal,,,,,
2010-08-02,5431.64990234375,2.0,0.05994615509691286,Normal,,,,,
2010-08-03,5439.5498046875,2.0,0.04793861379997451,Normal,,,,,
2010-08-04,5467.85009765625,2.0,0.048968399649907415,Normal,,,,,
2010-08-05,5447.10009765625,2.0,0.06450328436568052,Normal,,,,,
2010-08-06,5439.25,2.0,0.08124015576198251,Normal,,,,,
2010-08-09,5486.14990234375,2.0,0.0722152622191465,Normal,,,,,
2010-08-10,5460.7001953125,2.0,0.07407666304307908,Normal,,,,,
2010-08-11,5420.60009765625,2.0,0.11431105862208762,Normal,,,,,
2010-08-12,5416.4501953125,2.0,0.11587767323130932,Normal,,,,,
2010-08-13,5452.10009765625,2.0,0.08745479321055118,Normal,,,,,
2010-08-16,5418.2998046875,2.0,0.11584190155734957,Normal,,,,,
2010-08-17,5414.14990234375,2.0,0.0956995848718471,Normal,,,,,
2010-08-18,5479.14990234375,2.0,0.12823047746949048,Normal,,,,,
2010-08-19,5540.2001953125,2.0,0.09783729998514482,Normal,,,,,
2010-08-20,5530.64990234375,2.0,0.0811465707767767,Normal,,,,,
2010-08-23,5543.5,2.0,0.07882445147539995,Normal,,,,,
2010-08-24,5505.10009765625,2.0,0.08413672329735024,Normal,,,,,
2010-08-25,5462.35009765625,2.0,0.15431307320751994,Normal,,,,,
2010-08-26,5477.89990234375,2.0,0.12528554826528315,Normal,,,,,
2010-08-27,5408.7001953125,2.0,0.22430470188734847,Normal,,,,,
2010-08-30,5415.4501953125,2.0,0.07226530583911665,Normal,,,,,
2010-08-31,5402.39990234375,2.0,0.07682640277196905,Normal,,,,,
2010-09-01,5471.85009765625,2.0,0.1516789308860378,Normal,,,,,
2010-09-02,5486.14990234375,2.0,0.10740486854027681,Normal,,,,,
2010-09-03,5479.39990234375,2.0,0.14619245982007595,Normal,,,,,
2010-09-06,5576.9501953125,2.0,0.09585041097298905,Normal,,,,,
2010-09-07,5604.0,2.0,0.08636889539441371,Normal,,,,,
2010-09-08,5607.85009765625,2.0,0.08114205891566878,Normal,,,,,
2010-09-09,5640.0498046875,2.0,0.07313458218802354,Normal,,,,,
2010-09-13,5760.0,2.0,0.09315591956852497,Normal,,,,,
2010-09-14,5795.5498046875,2.0,0.09867926748401455,Normal,,,,,
2010-09-15,5860.9501953125,2.0,0.05378130776498176,Normal,,,,,
2010-09-16,5828.7001953125,2.0,0.08534432585425299,Normal,,,,,
2010-09-17,5884.9501953125,2.0,0.057890302960739944,Normal,,,,,
2010-09-20,5980.4501953125,2.0,0.11395465229378682,Normal,,,,,
2010-09-21,6009.0498046875,2.0,0.07357415260815695,Normal,,,,,
2010-09-22,5991.0,2.0,0.12820368835629045,Normal,,,,,
2010-09-23,5959.5498046875,2.0,0.106092752216974,Normal,,,,,
2010-09-24,6018.2998046875,2.0,0.09211749279365454,Normal,,,,,
2010-09-27,6035.64990234375,2.0,0.12490450464436387,Normal,,,,,
2010-09-28,6029.5,2.0,0.13589377853079693,Normal,,,,,
2010-09-29,5991.2998046875,2.0,0.1311779363729918,Normal,,,,,
2010-09-30,6029.9501953125,2.0,0.12129536767288025,Normal,,,,,
2010-10-01,6143.39990234375,2.0,0.11946404250225298,Normal,,,,,
2010-10-04,6159.4501953125,2.0,0.10351086308139554,Normal,,,,,
2010-10-05,6145.7998046875,2.0,0.13006042504467183,Normal,,,,,
2010-10-06,6186.4501953125,2.0,0.11453888307117638,Normal,,,,,
2010-10-07,6120.2998046875,2.0,0.23344209395657045,Normal,,,,,
2010-10-08,6103.4501953125,2.0,0.24677287272504764,Normal,,,,,
2010-10-11,6135.85009765625,2.0,0.12687233582531396,Normal,,,,,
2010-10-12,6090.89990234375,2.0,0.22866419304786642,Normal,,,,,
2010-10-13,6233.89990234375,2.0,0.17126809208721624,Normal,,,,,
2010-10-14,6177.35009765625,2.0,0.13550849609618948,Normal,,,,,
2010-10-15,6062.64990234375,0.0,0.2646913870121311,Normal,,,,,
2010-10-18,6075.9501953125,0.0,0.24315299728050835,Normal,,,,,
2010-10-19,6027.2998046875,0.0,0.4209407968381351,Elevated,,,,,
2010-10-20,5982.10009765625,0.0,0.527671435717105,Elevated,,,,,
2010-10-21,6101.5,0.0,0.3404899018059826,Elevated,,,,,
2010-10-22,6066.0498046875,0.0,0.3522894166028688,Elevated,,,,,
2010-10-25,6105.7998046875,0.0,0.39648385301914985,Elevated,,,,,
2010-10-26,6082.0,0.0,0.2641413826538115,Normal,,,,,
2010-10-27,6012.64990234375,0.0,0.38541586440673137,Elevated,,,,,
2010-10-28,5987.7001953125,0.0,0.4143358594084377,Elevated,,,,,
2010-10-29,6017.7001953125,0.0,0.3506266073236518,Elevated,,,,,
2010-11-01,6117.5498046875,0.0,0.29760079586744054,Normal,,,,,
2010-11-02,6119.0,0.0,0.29505993941397934,Normal,,,,,
2010-11-03,6160.5,0.0,0.306197361488754,Elevated,,,,,
2010-11-04,6281.7998046875,0.0,0.5639279116717912,Elevated,,,,,
2010-11-08,6273.2001953125,0.0,0.5649918864047224,Elevated,,,,,
2010-11-09,6301.5498046875,0.0,0.555288980016616,Elevated,,,,,
2010-11-10,6275.7001953125,0.0,0.5838297929971129,Elevated,,,,,
2010-11-11,6194.25,0.0,0.5850977751740437,Elevated,,,,,
2010-11-12,6071.64990234375,0.0,0.7079675299277481,Severe,,,,,
2010-11-15,6121.60009765625,0.0,0.6081962824621632,Severe,,,,,
2010-11-16,5988.7001953125,0.0,0.4752334442247969,Elevated,,,,,
2010-11-18,5998.7998046875,0.0,0.40570172934257487,Elevated,,,,,
2010-11-19,5890.2998046875,0.0,0.4056922104734382,Elevated,,,,,
2010-11-22,6010.0,0.0,0.34951541840844463,Elevated,,,,,
2010-11-23,5934.75,0.0,0.38592093771430436,Elevated,,,,,
2010-11-24,5865.75,0.0,0.4464313801818306,Elevated,,,,,
2010-11-25,5799.75,0.0,0.48110907911090406,Elevated,,,,,
2010-11-26,5751.9501953125,0.0,0.5303551626702273,Elevated,,,,,
2010-11-29,5830.0,0.0,0.44483754839276834,Elevated,,,,,
2010-11-30,5862.7001953125,0.0,0.37588060101203424,Elevated,,,,,
2010-12-01,5960.89990234375,0.0,0.39089344422779587,Elevated,,,,,
2010-12-02,6011.7001953125,0.0,0.3709693309863054,Elevated,,,,,
2010-12-03,5992.7998046875,0.0,0.37950839721229923,Elevated,,,,,
2010-12-06,5992.25,0.0,0.39225876771608,Elevated,,,,,
2010-12-07,5976.5498046875,0.0,0.41034375546348884,Elevated,,,,,
2010-12-08,5903.7001953125,0.0,0.4711106273682207,Elevated,,,,,
2010-12-09,5766.5,0.0,0.6435015082932523,Severe,,,,,
2010-12-10,5857.35009765625,0.0,0.5242058272098931,Elevated,,,,,
2010-12-13,5907.64990234375,0.0,0.4158189562341408,Elevated,,,,,
2010-12-14,5944.10009765625,0.0,0.3369332103520041,Elevated,,,,,
2010-12-15,5892.2998046875,0.0,0.3135262243907059,Elevated,,,,,
2010-12-16,5948.75,0.0,0.23141157994153708,Normal,,,,,
2010-12-20,5947.0498046875,0.0,0.256814365498099,Normal,,,,,
2010-12-21,6000.64990234375,0.0,0.25989447466573323,Normal,,,,,
2010-12-22,5984.39990234375,0.0,0.26186559594353065,Normal,,,,,
2010-12-23,5980.0,0.0,0.2704712446483971,Normal,,,,,
2010-12-24,6011.60009765625,0.0,0.3221933995837534,Elevated,,,,,
2010-12-27,5998.10009765625,0.0,0.28475633648596027,Normal,,,,,
2010-12-28,5996.0,0.0,0.2826191996677495,Normal,,,,,
2010-12-29,6060.35009765625,0.0,0.5468704879187793,Elevated,,,,,
2010-12-30,6101.85009765625,0.0,0.6361987773825005,Severe,,,,,
2010-12-31,6134.5,0.0,0.6670033881968415,Severe,,,,,
2011-01-03,6157.60009765625,0.0,0.6577705233698654,Severe,,,,,
2011-01-04,6146.35009765625,0.0,0.6512932548961143,Severe,,,,,
2011-01-05,6079.7998046875,0.0,0.6935191203576814,Severe,,,,,
2011-01-06,6048.25,0.0,0.6734001619017504,Severe,,,,,
2011-01-07,5904.60009765625,0.0,0.4243676493490047,Elevated,,,,,
2011-01-10,5762.85009765625,0.0,0.5048488990075902,Elevated,,,,,
2011-01-11,5754.10009765625,0.0,0.5513715983490283,Elevated,,,,,
2011-01-12,5863.25,0.0,0.5146466540308947,Elevated,,,,,
2011-01-13,5751.89990234375,0.0,0.5810539298635733,Elevated,,,,,
2011-01-14,5654.5498046875,0.0,0.7059581172818487,Severe,,,,,
2011-01-17,5654.75,0.0,0.7336514167747166,Severe,,,,,
2011-01-18,5724.0498046875,0.0,0.7703986694015122,Severe,,,,,
2011-01-19,5691.0498046875,0.0,0.7213710831115436,Severe,,,,,
2011-01-20,5711.60009765625,0.0,0.78691730121462,Severe,,,,,
2011-01-21,5696.5,0.0,0.7486178488095924,Severe,,,,,
2011-01-24,5743.25,0.0,0.6935138702348405,Severe,,,,,
2011-01-25,5687.39990234375,0.0,0.765022661589913,Severe,,,,,
2011-01-27,5604.2998046875,0.0,0.8261353864447506,Severe,,,,,
2011-01-28,5512.14990234375,1.0,0.95081318922063,Severe,,,,,
2011-01-31,5505.89990234375,1.0,0.9431827419457881,Severe,,,,,
2011-02-01,5417.2001953125,1.0,0.9401107230140577,Severe,,,,,
2011-02-02,5432.0,1.0,0.9142063032081101,Severe,,,,,
2011-02-03,5526.75,1.0,0.9178229290437794,Severe,,,,,
2011-02-04,5395.75,1.0,0.9598443694662684,Severe,,,,,
2011-02-07,5396.0,1.0,0.9433692982639797,Severe,,,,,
2011-02-08,5312.5498046875,1.0,0.9569589756702054,Severe,,,,,
2011-02-09,5253.5498046875,1.0,0.7835611584219057,Severe,,,,,
2011-02-10,5225.7998046875,1.0,0.8525807746659051,Severe,,,,,
2011-02-11,5310.0,1.0,0.7647954078815686,Severe,,,,,
2011-02-14,5456.0,1.0,0.7237602748553484,Severe,,,,,
2011-02-15,5481.0,1.0,0.7637513175655198,Severe,,,,,
2011-02-16,5481.7001953125,1.0,0.736606150970426,Severe,,,,,
2011-02-17,5546.4501953125,1.0,0.6916314982265519,Severe,,,,,
2011-02-18,5458.9501953125,1.0,0.7563476974972368,Severe,,,,,
2011-02-21,5518.60009765625,1.0,0.7287300612035235,Severe,,,,,
2011-02-22,5469.2001953125,1.0,0.7414248731717819,Severe,,,,,
2011-02-23,5437.35009765625,1.0,0.7475766708360222,Severe,,,,,
2011-02-24,5262.7001953125,1.0,0.6058539525005039,Severe,,,,,
2011-02-25,5303.5498046875,1.0,0.7498512149130692,Severe,,,,,
2011-02-28,5333.25,1.0,0.7290232231217295,Severe,,,,,
2011-03-01,5522.2998046875,1.0,0.4744385215549082,Elevated,,,,,
2011-03-03,5536.2001953125,1.0,0.42731695490506316,Elevated,,,,,
2011-03-04,5538.75,1.0,0.4514130888063858,Elevated,,,,,
2011-03-07,5463.14990234375,1.0,0.5346675976929108,Elevated,,,,,
2011-03-08,5520.7998046875,1.0,0.4584136510158154,Elevated,,,,,
2011-03-09,5531.0,1.0,0.41839791232088913,Elevated,,,,,
2011-03-10,5494.39990234375,1.0,0.4325234770740468,Elevated,,,,,
2011-03-11,5445.4501953125,1.0,0.43845144652078566,Elevated,,,,,
2011-03-14,5531.5,1.0,0.439775654397069,Elevated,,,,,
2011-03-15,5449.64990234375,1.0,0.4591612106913092,Elevated,,,,,
2011-03-16,5511.14990234375,1.0,0.48620551477168866,Elevated,,,,,
2011-03-17,5446.64990234375,1.0,0.48356615568800004,Elevated,,,,,
2011-03-18,5373.7001953125,1.0,0.5835399053911631,Elevated,,,,,
2011-03-21,5364.75,1.0,0.5145873643972483,Elevated,,,,,
2011-03-22,5413.85009765625,1.0,0.499453498159658,Elevated,,,,,
2011-03-23,5480.25,1.0,0.4946462456765375,Elevated,,,,,
2011-03-24,5522.39990234375,1.0,0.4141804114826857,Elevated,,,,,
2011-03-25,5654.25,1.0,0.3342403644689746,Elevated,,,,,
2011-03-28,5687.25,0.0,0.2675554102003755,Normal,,,,,
2011-03-29,5736.35009765625,0.0,0.1980212667943724,Normal,,,,,
2011-03-30,5787.64990234375,0.0,0.17814366178720856,Normal,,,,,
2011-03-31,5833.75,0.0,0.18323387605511543,Normal,,,,,
2011-04-01,5826.0498046875,0.0,0.21151021368531464,Normal,,,,,
2011-04-04,5908.4501953125,0.0,0.17446252361535344,Normal,,,,,
2011-04-05,5910.0498046875,0.0,0.21347738142372205,Normal,,,,,
2011-04-06,5891.75,0.0,0.28280272888443075,Normal,,,,,
2011-04-07,5885.7001953125,0.0,0.29662254501219365,Normal,,,,,
2011-04-08,5842.0,0.0,0.4073447305687486,Elevated,,,,,
2011-04-11,5785.7001953125,0.0,0.3843245739065644,Elevated,,,,,
2011-04-13,5911.5,0.0,0.26713334304291625,Normal,,,,,
2011-04-15,5824.5498046875,0.0,0.3895005173243704,Elevated,,,,,
2011-04-18,5729.10009765625,0.0,0.3648753322386181,Elevated,,,,,
2011-04-19,5740.75,0.0,0.36638523267776285,Elevated,,,,,
2011-04-20,5851.64990234375,0.0,0.6343007721031878,Severe,,,,,
2011-04-21,5884.7001953125,0.0,0.5899070249046886,Elevated,,,,,
2011-04-25,5874.5,0.0,0.617210181852577,Severe,,,,,
2011-04-26,5868.39990234375,0.0,0.5560968629261511,Elevated,,,,,
2011-04-27,5833.89990234375,0.0,0.5921509904384594,Elevated,,,,,
2011-04-28,5785.4501953125,0.0,0.6420220700472595,Severe,,,,,
2011-04-29,5749.5,0.0,0.6469314617485448,Severe,,,,,
2011-05-02,5701.2998046875,0.0,0.4322209973052793,Elevated,,,,,
2011-05-03,5565.25,0.0,0.45881836926510755,Elevated,,,,,
2011-05-04,5537.14990234375,0.0,0.43247561274893237,Elevated,,,,,
2011-05-05,5459.85009765625,0.0,0.44888378210778335,Elevated,,,,,
2011-05-06,5551.4501953125,0.0,0.38023994288088536,Elevated,,,,,
2011-05-09,5551.10009765625,0.0,0.32620959890467277,Elevated,,,,,
2011-05-10,5541.25,0.0,0.31069636407982526,Elevated,,,,,
2011-05-11,5565.0498046875,0.0,0.3377528215560283,Elevated,,,,,
2011-05-12,5486.14990234375,0.0,0.323760541797374,Elevated,,,,,
2011-05-13,5544.75,0.0,0.28664393307996766,Normal,,,,,
2011-05-16,5499.0,0.0,0.3263285289333771,Elevated,,,,,
2011-05-17,5438.9501953125,0.0,0.43660977143254504,Elevated,,,,,
2011-05-18,5420.60009765625,0.0,0.49394932151729676,Elevated,,,,,
2011-05-19,5428.10009765625,0.0,0.31819284966124994,Elevated,,,,,
2011-05-20,5486.35009765625,0.0,0.305451943512584,Elevated,,,,,
2011-05-23,5386.5498046875,0.0,0.4622260441484633,Elevated,,,,,
2011-05-24,5394.85009765625,0.0,0.43797293503841056,Elevated,,,,,
2011-05-25,5348.9501953125,0.0,0.4211785506451548,Elevated,,,,,
2011-05-26,5412.35009765625,0.0,0.4279055701864057,Elevated,,,,,
2011-05-27,5476.10009765625,0.0,0.37966928260241944,Elevated,,,,,
2011-05-30,5473.10009765625,0.0,0.3693704214562426,Elevated,,,,,
2011-06-01,5592.0,0.0,0.193440079742488,Normal,,,,,
2011-06-02,5550.35009765625,0.0,0.3111937607880957,Elevated,,,,,
2011-06-03,5516.75,0.0,0.3073163244359951,Elevated,,,,,
2011-06-06,5532.0498046875,0.0,0.33033150703318853,Elevated,,,,,
2011-06-07,5556.14990234375,0.0,0.5350406101590345,Elevated,,,,,
2011-06-08,5526.85009765625,0.0,0.37507347081535536,Elevated,,,,,
2011-06-09,5521.0498046875,0.0,0.3577084147108702,Elevated,,,,,
2011-06-10,5485.7998046875,0.0,0.3696503793857398,Elevated,,,,,
2011-06-13,5482.7998046875,0.0,0.31123572948250067,Elevated,,,,,
2011-06-14,5500.5,0.0,0.26176012582951325,Normal,,,,,
2011-06-15,5447.5,0.0,0.3351526616184083,Elevated,,,,,
2011-06-16,5396.75,0.0,0.3193037298741452,Elevated,,,,,
2011-06-17,5366.39990234375,0.0,0.3296444272185804,Elevated,,,,,
2011-06-20,5257.89990234375,0.0,0.4727609130751489,Elevated,,,,,
2011-06-21,5275.85009765625,0.0,0.300699576733562,Elevated,,,,,
2011-06-22,5278.2998046875,0.0,0.2580936101408205,Normal,,,,,
2011-06-23,5320.0,0.0,0.27341970451654046,Normal,,,,,
2011-06-24,5471.25,0.0,0.3201960650958917,Elevated,,,,,
2011-06-27,5526.60009765625,0.0,0.20279752916764507,Normal,,,,,
2011-06-28,5545.2998046875,0.0,0.1817954479510859,Normal,,,,,
2011-06-29,5600.4501953125,0.0,0.12686831652557437,Normal,,,,,
2011-06-30,5647.39990234375,0.0,0.1637705186104296,Normal,,,,,
2011-07-01,5627.2001953125,0.0,0.18169789138647424,Normal,,,,,
2011-07-04,5650.5,0.0,0.17828195685729553,Normal,,,,,
2011-07-05,5632.10009765625,0.0,0.24322945378624944,Normal,,,,,
2011-07-06,5625.4501953125,0.0,0.21348430250908604,Normal,,,,,
2011-07-07,5728.9501953125,0.0,0.22308250070484134,Normal,,,,,
2011-07-08,5660.64990234375,0.0,0.30538219429211066,Elevated,,,,,
2011-07-11,5616.10009765625,0.0,0.34288575594400145,Elevated,,,,,
2011-07-12,5526.14990234375,0.0,0.5102448233558882,Elevated,,,,,
2011-07-13,5585.4501953125,0.0,0.3435789822381101,Elevated,,,,,
2011-07-15,5581.10009765625,0.0,0.38508924734051925,Elevated,,,,,
2011-07-18,5567.0498046875,0.0,0.31844823013865425,Elevated,,,,,
2011-07-19,5613.5498046875,0.0,0.30800625765077333,Elevated,,,,,
2011-07-20,5567.0498046875,0.0,0.28417049261201405,Normal,,,,,
2011-07-21,5541.60009765625,0.0,0.29976103647013264,Normal,,,,,
2011-07-22,5633.9501953125,0.0,0.5208150787819755,Elevated,,,,,
2011-07-25,5680.2998046875,0.0,0.5072726140640041,Elevated,,,,,
2011-07-26,5574.85009765625,0.0,0.6161766656120591,Severe,,,,,
2011-07-27,5546.7998046875,0.0,0.6335591690437015,Severe,,,,,
2011-07-28,5487.75,0.0,0.7048934182151918,Severe,,,,,
2011-07-29,5482.0,0.0,0.6798791340706153,Severe,,,,,
2011-08-01,5516.7998046875,0.0,0.5921576272307674,Elevated,,,,,
2011-08-02,5456.5498046875,0.0,0.704469480877547,Severe,,,,,
2011-08-03,5404.7998046875,0.0,0.7013713474163993,Severe,,,,,
2011-08-04,5331.7998046875,0.0,0.7502609705431008,Severe,,,,,
2011-08-05,5211.25,1.0,0.7986293938225579,Severe,,,,,
2011-08-08,5118.5,1.0,0.9115993168563216,Severe,,,,,
2011-08-09,5072.85009765625,1.0,0.9282107117938719,Severe,,,,,
2011-08-10,5161.0,1.0,0.8861613574214303,Severe,,,,,
2011-08-11,5138.2998046875,1.0,0.8826925279336677,Severe,,,,,
2011-08-12,5072.9501953125,1.0,0.906455227215554,Severe,,,,,
2011-08-16,5035.7998046875,1.0,0.8805424702762628,Severe,,,,,
2011-08-17,5056.60009765625,1.0,0.8532862653516541,Severe,,,,,
2011-08-18,4944.14990234375,1.0,0.9399624458421266,Severe,,,,,
2011-08-19,4845.64990234375,1.0,0.9573648732370512,Severe,,,,,
2011-08-22,4898.7998046875,1.0,0.9605120134595162,Severe,,,,,
2011-08-23,4948.89990234375,1.0,0.9633391514473799,Severe,,,,,
2011-08-24,4888.89990234375,1.0,0.9436693378478614,Severe,,,,,
2011-08-25,4839.60009765625,1.0,0.962247914808839,Severe,,,,,
2011-08-26,4747.7998046875,1.0,0.9704694208741431,Severe,,,,,
2011-08-29,4919.60009765625,1.0,0.9442358575054377,Severe,,,,,
2011-08-30,5001.0,1.0,0.789611927362193,Severe,,,,,
2011-09-02,5040.0,1.0,0.7280386428397051,Severe,,,,,
2011-09-05,5017.2001953125,1.0,0.6802958885745275,Severe,,,,,
2011-09-06,5064.2998046875,1.0,0.7507552829582532,Severe,,,,,
2011-09-07,5124.64990234375,1.0,0.7196043739053417,Severe,,,,,
2011-09-08,5153.25,1.0,0.6870695525442397,Severe,,,,,
2011-09-09,5059.4501953125,1.0,0.7954803173578264,Severe,,,,,
2011-09-12,4946.7998046875,1.0,0.8910062875986893,Severe,,,,,
2011-09-13,4940.9501953125,1.0,0.8883337173419603,Severe,,,,,
2011-09-14,5012.5498046875,1.0,0.8368926915472521,Severe,,,,,
2011-09-15,5075.7001953125,1.0,0.807992519732298,Severe,,,,,
2011-09-16,5084.25,1.0,0.754993926465339,Severe,,,,,
2011-09-19,5031.9501953125,1.0,0.7033799741231186,Severe,,,,,
2011-09-20,5140.2001953125,1.0,0.7451102486713127,Severe,,,,,
2011-09-21,5133.25,1.0,0.7556152384127752,Severe,,,,,
2011-09-22,4923.64990234375,1.0,0.9198708269602315,Severe,,,,,
2011-09-23,4867.75,1.0,0.9457618162553781,Severe,,,,,
2011-09-26,4835.39990234375,1.0,0.9495457307935748,Severe,,,,,
2011-09-27,4971.25,1.0,0.9202931778494556,Severe,,,,,
2011-09-28,4945.89990234375,1.0,0.9251511424029916,Severe,,,,,
2011-09-29,5015.4501953125,1.0,0.8842524311246723,Severe,,,,,
2011-09-30,4943.25,1.0,0.9195262855541771,Severe,,,,,
2011-10-03,4849.5,1.0,0.9333996651574943,Severe,,,,,
2011-10-04,4772.14990234375,1.0,0.9469224332521077,Severe,,,,,
2011-10-05,4751.2998046875,1.0,0.9705432398641325,Severe,,,,,
2011-10-07,4888.0498046875,1.0,0.9022836740999159,Severe,,,,,
2011-10-10,4979.60009765625,1.0,0.7971974213769526,Severe,,,,,
2011-10-11,4974.35009765625,1.0,0.8522265214938868,Severe,,,,,
2011-10-12,5099.39990234375,1.0,0.864367887897266,Severe,,,,,
2011-10-13,5077.85009765625,1.0,0.8474391252985501,Severe,,,,,
2011-10-14,5132.2998046875,1.0,0.8030799842916023,Severe,,,,,
2011-10-17,5118.25,1.0,0.7974685635618161,Severe,,,,,
2011-10-18,5037.5,1.0,0.8651858367821902,Severe,,,,,
2011-10-19,5139.14990234375,1.0,0.6762710314290135,Severe,,,,,
2011-10-20,5091.89990234375,1.0,0.7484497018196328,Severe,,,,,
2011-10-21,5049.9501953125,1.0,0.7750010268266162,Severe,,,,,
2011-10-24,5098.35009765625,1.0,0.8043626928582431,Severe,,,,,
2011-10-25,5191.60009765625,1.0,0.5767423345419671,Elevated,,,,,
2011-10-28,5360.7001953125,1.0,0.7465239807545407,Severe,,,,,
2011-10-31,5326.60009765625,1.0,0.7646963539084382,Severe,,,,,
2011-11-01,5257.9501953125,0.0,0.777211702731301,Severe,,,,,
2011-11-02,5258.4501953125,0.0,0.8086945146714021,Severe,,,,,
2011-11-03,5265.75,0.0,0.7940773145127278,Severe,,,,,
2011-11-04,5284.2001953125,0.0,0.779311165008783,Severe,,,,,
2011-11-08,5289.35009765625,0.0,0.7739205031783385,Severe,,,,,
2011-11-09,5221.0498046875,0.0,0.8282045936488653,Severe,,,,,
2011-11-11,5168.85009765625,0.0,0.8286317282968967,Severe,,,,,
2011-11-14,5148.35009765625,0.0,0.7998695069692359,Severe,,,,,
2011-11-15,5068.5,0.0,0.8506105201863947,Severe,,,,,
2011-11-16,5030.4501953125,0.0,0.8329211046673352,Severe,,,,,
2011-11-17,4934.75,0.0,0.8407158742464741,Severe,,,,,
2011-11-18,4905.7998046875,0.0,0.877512696947909,Severe,,,,,
2011-11-21,4778.35009765625,1.0,0.8987443921589617,Severe,,,,,
2011-11-22,4812.35009765625,1.0,0.9067026289003927,Severe,,,,,
2011-11-23,4706.4501953125,1.0,0.9410291145513277,Severe,,,,,
2011-11-25,4710.0498046875,1.0,0.9057867871329975,Severe,,,,,
2011-11-28,4851.2998046875,1.0,0.8334356786348899,Severe,,,,,
2011-11-29,4805.10009765625,1.0,0.826411940052952,Severe,,,,,
2011-11-30,4832.0498046875,1.0,0.7872459555020724,Severe,,,,,
2011-12-01,4936.85009765625,1.0,0.7696200751509863,Severe,,,,,
2011-12-02,5050.14990234375,1.0,0.7321695977317186,Severe,,,,,
2011-12-05,5039.14990234375,1.0,0.7724487008892612,Severe,,,,,
2011-12-07,5062.60009765625,1.0,0.7419878742095262,Severe,,,,,
2011-12-08,4943.64990234375,1.0,0.8058338716252461,Severe,,,,,
2011-12-09,4866.7001953125,1.0,0.8749139973011627,Severe,,,,,
2011-12-12,4764.60009765625,1.0,0.9156655372034221,Severe,,,,,
2011-12-13,4800.60009765625,1.0,0.9034702581400882,Severe,,,,,
2011-12-14,4763.25,1.0,0.9005927241783861,Severe,,,,,
2011-12-15,4746.35009765625,1.0,0.8317156091450133,Severe,,,,,
2011-12-16,4651.60009765625,1.0,0.9100489283985777,Severe,,,,,
2011-12-19,4613.10009765625,1.0,0.8768745998638644,Severe,,,,,
2011-12-20,4544.2001953125,1.0,0.9300853123409922,Severe,,,,,
2011-12-21,4693.14990234375,1.0,0.6767179959011451,Severe,,,,,
2011-12-22,4733.85009765625,1.0,0.6230150391694362,Severe,,,,,
2011-12-23,4714.0,1.0,0.6253177334918748,Severe,,,,,
2011-12-27,4750.5,1.0,0.5966234012586935,Elevated,,,,,
2011-12-28,4705.7998046875,1.0,0.6182949655527439,Severe,,,,,
2011-12-29,4646.25,1.0,0.6623768300600854,Severe,,,,,
2011-12-30,4624.2998046875,1.0,0.7488802648505403,Severe,,,,,
2012-01-03,4765.2998046875,1.0,0.6556401381747405,Severe,,,,,
2012-01-04,4749.64990234375,1.0,0.6166519232603147,Severe,,,,,
2012-01-05,4749.9501953125,1.0,0.5904533217210975,Elevated,,,,,
2012-01-06,4754.10009765625,1.0,0.575725672168007,Elevated,,,,,
2012-01-09,4742.7998046875,1.0,0.5250866118369983,Elevated,,,,,
2012-01-10,4849.5498046875,1.0,0.37293710969332194,Elevated,,,,,
2012-01-11,4860.9501953125,1.0,0.2841466015372138,Normal,,,,,
2012-01-12,4831.25,0.0,0.35219466902714897,Elevated,,,,,
2012-01-13,4866.0,0.0,0.20891804906502537,Normal,,,,,
2012-01-16,4873.89990234375,0.0,0.2234937498830708,Normal,,,,,
2012-01-17,4967.2998046875,0.0,0.1897836438028952,Normal,,,,,
2012-01-18,4955.7998046875,0.0,0.28738981074326775,Normal,,,,,
2012-01-19,5018.39990234375,0.0,0.2536451708551491,Normal,,,,,
2012-01-20,5048.60009765625,0.0,0.2161559553474673,Normal,,,,,
2012-01-23,5046.25,0.0,0.16597730180577655,Normal,,,,,
2012-01-24,5127.35009765625,0.0,0.17587419633316537,Normal,,,,,
2012-01-25,5158.2998046875,0.0,0.24960127644628066,Normal,,,,,
2012-01-27,5204.7001953125,1.0,0.3143689460638599,Elevated,,,,,
2012-01-30,5087.2998046875,1.0,0.42469728552070957,Elevated,,,,,
2012-01-31,5199.25,1.0,0.36928967251877837,Elevated,,,,,
2012-02-01,5235.7001953125,1.0,0.2773013669866739,Normal,,,,,
2012-02-02,5269.89990234375,2.0,0.26637880798251407,Normal,,,,,
2012-02-03,5325.85009765625,2.0,0.2503482296032436,Normal,,,,,
2012-02-06,5361.64990234375,2.0,0.3265591986656851,Elevated,,,,,
2012-02-07,5335.14990234375,2.0,0.3348114584424039,Elevated,,,,,
2012-02-08,5368.14990234375,2.0,0.36814915362487505,Elevated,,,,,
2012-02-09,5412.35009765625,2.0,0.3844665773147169,Elevated,,,,,
2012-02-10,5381.60009765625,2.0,0.2961075831560138,Normal,,,,,
2012-02-13,5390.2001953125,2.0,0.4954436809626233,Elevated,,,,,
2012-02-14,5416.0498046875,2.0,0.47612071715302884,Elevated,,,,,
2012-02-15,5531.9501953125,2.0,0.3158456901862941,Elevated,,,,,
2012-02-16,5521.9501953125,2.0,0.32183366589623824,Elevated,,,,,
2012-02-17,5564.2998046875,2.0,0.49271421478980537,Elevated,,,,,
2012-02-21,5607.14990234375,2.0,0.5243521579795843,Elevated,,,,,
2012-02-22,5505.35009765625,0.0,0.627129967856357,Severe,,,,,
2012-02-23,5483.2998046875,0.0,0.6777254534202207,Severe,,,,,
2012-02-24,5429.2998046875,0.0,0.733541286869431,Severe,,,,,
2012-02-27,5281.2001953125,0.0,0.5075522004782139,Elevated,,,,,
2012-02-28,5375.5,0.0,0.474687905430734,Elevated,,,,,
2012-02-29,5385.2001953125,0.0,0.4832252218681263,Elevated,,,,,
2012-03-01,5339.75,0.0,0.4361989530661199,Elevated,,,,,
2012-03-02,5359.35009765625,0.0,0.43728701335819037,Elevated,,,,,
2012-03-05,5280.35009765625,0.0,0.5387361299665813,Elevated,,,,,
2012-03-06,5222.39990234375,0.0,0.6082536176891453,Severe,,,,,
2012-03-07,5220.4501953125,0.0,0.6897083003248312,Severe,,,,,
2012-03-09,5333.5498046875,0.0,0.38502664828052685,Elevated,,,,,
2012-03-12,5359.5498046875,0.0,0.620081181084695,Severe,,,,,
2012-03-13,5429.5,0.0,0.3607636546665269,Elevated,,,,,
2012-03-14,5463.89990234375,0.0,0.5861833063153644,Elevated,,,,,
2012-03-15,5380.5,0.0,0.425837647027532,Elevated,,,,,
2012-03-16,5317.89990234375,0.0,0.7326975051686142,Severe,,,,,
2012-03-19,5257.0498046875,0.0,0.7134407165184043,Severe,,,,,
2012-03-20,5274.85009765625,0.0,0.734534005560565,Severe,,,,,
2012-03-21,5364.9501953125,0.0,0.47222129044349687,Elevated,,,,,
2012-03-22,5228.4501953125,0.0,0.37436313187901993,Elevated,,,,,
2012-03-23,5278.2001953125,0.0,0.4471752859413688,Elevated,,,,,
2012-03-26,5184.25,0.0,0.4624694303957274,Elevated,,,,,
2012-03-27,5243.14990234375,0.0,0.33718808380996473,Elevated,,,,,
2012-03-28,5194.75,0.0,0.40605143406641914,Elevated,,,,,
2012-03-29,5178.85009765625,0.0,0.43878856562237567,Elevated,,,,,
2012-03-30,5295.5498046875,0.0,0.32675164971646153,Elevated,,,,,
2012-04-02,5317.89990234375,0.0,0.28928091484840157,Normal,,,,,
2012-04-03,5358.5,0.0,0.26811963317523774,Normal,,,,,
2012-04-04,5322.89990234375,0.0,0.3349084779035137,Elevated,,,,,
2012-04-09,5234.39990234375,0.0,0.38465064552496037,Elevated,,,,,
2012-04-10,5243.60009765625,0.0,0.3762098423710878,Elevated,,,,,
2012-04-11,5226.85009765625,0.0,0.5011573200054581,Elevated,,,,,
2012-04-12,5276.85009765625,0.0,0.3874998789773025,Elevated,,,,,
2012-04-13,5207.4501953125,0.0,0.43431435453992046,Elevated,,,,,
2012-04-16,5226.2001953125,0.0,0.3604541760745817,Elevated,,,,,
2012-04-17,5289.7001953125,0.0,0.27385921361799975,Normal,,,,,
2012-04-18,5300.0,0.0,0.27350006920136904,Normal,,,,,
2012-04-19,5332.39990234375,0.0,0.25952932317130273,Normal,,,,,
2012-04-20,5290.85009765625,0.0,0.3458936035483483,Elevated,,,,,
2012-04-23,5200.60009765625,0.0,0.37455514862566247,Elevated,,,,,
2012-04-24,5222.64990234375,0.0,0.41228488285762294,Elevated,,,,,
2012-04-25,5202.0,0.0,0.4685810557873781,Elevated,,,,,
2012-04-26,5189.0,0.0,0.71861589351259,Severe,,,,,
2012-04-27,5190.60009765625,0.0,0.6000713387092876,Severe,,,,,
2012-04-30,5248.14990234375,0.0,0.5601201817056249,Elevated,,,,,
2012-05-02,5239.14990234375,0.0,0.5927904221818848,Elevated,,,,,
2012-05-03,5188.39990234375,0.0,0.6287272999233143,Severe,,,,,
2012-05-04,5086.85009765625,0.0,0.44270316667012516,Elevated,,,,,
2012-05-07,5114.14990234375,0.0,0.6403896712358794,Severe,,,,,
2012-05-08,4999.9501953125,1.0,0.6007888447712598,Severe,,,,,
2012-05-09,4974.7998046875,1.0,0.5688970866961602,Elevated,,,,,
2012-05-10,4965.7001953125,1.0,0.6057661684643458,Severe,,,,,
2012-05-11,4928.89990234375,1.0,0.5556202387915437,Elevated,,,,,
2012-05-14,4907.7998046875,1.0,0.4426857863741311,Elevated,,,,,
2012-05-15,4942.7998046875,1.0,0.4580795451827855,Elevated,,,,,
2012-05-16,4858.25,1.0,0.5222753402298601,Elevated,,,,,
2012-05-17,4870.2001953125,1.0,0.49540027618336907,Elevated,,,,,
2012-05-18,4891.4501953125,1.0,0.4258190948884672,Elevated,,,,,
2012-05-22,4860.5,1.0,0.4761064765414387,Elevated,,,,,
2012-05-23,4835.64990234375,1.0,0.4052846564429342,Elevated,,,,,
2012-05-24,4921.39990234375,1.0,0.524459406285824,Elevated,,,,,
2012-05-25,4920.39990234375,0.0,0.45859643955420487,Elevated,,,,,
2012-05-28,4985.64990234375,0.0,0.5841029590991205,Elevated,,,,,
2012-05-29,4990.10009765625,0.0,0.542550793847302,Elevated,,,,,
2012-05-30,4950.75,0.0,0.46348709020421547,Elevated,,,,,
2012-05-31,4924.25,0.0,0.5119223060859376,Elevated,,,,,
2012-06-01,4841.60009765625,0.0,0.614431130206186,Severe,,,,,
2012-06-04,4848.14990234375,0.0,0.44376483063397354,Elevated,,,,,
2012-06-05,4863.2998046875,0.0,0.3888814327501452,Elevated,,,,,
2012-06-06,4997.10009765625,0.0,0.3155699768742749,Elevated,,,,,
2012-06-07,5049.64990234375,0.0,0.24445353524172628,Normal,,,,,
2012-06-08,5068.35009765625,0.0,0.18323979041481409,Normal,,,,,
2012-06-11,5054.10009765625,0.0,0.27303066613014787,Normal,,,,,
2012-06-12,5115.89990234375,0.0,0.20488128575267145,Normal,,,,,
2012-06-13,5121.4501953125,0.0,0.22400983402225283,Normal,,,,,
2012-06-14,5054.75,0.0,0.3739824846948684,Elevated,,,,,
2012-06-15,5139.0498046875,0.0,0.2513898036337855,Normal,,,,,
2012-06-18,5064.25,0.0,0.3893895055474374,Elevated,,,,,
2012-06-19,5103.85009765625,0.0,0.3431668824601678,Elevated,,,,,
2012-06-20,5120.5498046875,0.0,0.3038873735986582,Elevated,,,,,
2012-06-21,5165.0,0.0,0.233586180297823,Normal,,,,,
2012-06-22,5146.0498046875,0.0,0.30934661450797335,Elevated,,,,,
2012-06-25,5114.64990234375,0.0,0.33518308340954894,Elevated,,,,,
2012-06-26,5120.7998046875,0.0,0.31615004086448895,Elevated,,,,,
2012-06-27,5141.89990234375,0.0,0.28005183072347334,Normal,,,,,
2012-06-28,5149.14990234375,0.0,0.3661900896686947,Elevated,,,,,
2012-06-29,5278.89990234375,0.0,0.3286184189733621,Elevated,,,,,
2012-07-02,5278.60009765625,1.0,0.2853718118397232,Normal,,,,,
2012-07-03,5287.9501953125,1.0,0.28339291206753964,Normal,,,,,
2012-07-04,5302.5498046875,1.0,0.23091852107648717,Normal,,,,,
2012-07-05,5327.2998046875,2.0,0.13828564537552282,Normal,,,,,
2012-07-06,5316.9501953125,2.0,0.23828762417518712,Normal,,,,,
2012-07-09,5275.14990234375,2.0,0.43251914092506594,Elevated,,,,,
2012-07-10,5345.35009765625,2.0,0.12094753442563767,Normal,,,,,
2012-07-11,5306.2998046875,2.0,0.2050901506023727,Normal,,,,,
2012-07-12,5235.25,2.0,0.33630850189862577,Elevated,,,,,
2012-07-13,5227.25,2.0,0.28055894928917846,Normal,,,,,
2012-07-16,5197.25,2.0,0.3418558896270289,Elevated,,,,,
2012-07-17,5192.85009765625,2.0,0.30163407737963943,Elevated,,,,,
2012-07-18,5216.2998046875,2.0,0.2299312936160014,Normal,,,,,
2012-07-19,5242.7001953125,2.0,0.2973619270353963,Normal,,,,,
2012-07-20,5205.10009765625,2.0,0.34696645042291785,Elevated,,,,,
2012-07-23,5117.9501953125,0.0,0.40100540856208555,Elevated,,,,,
2012-07-24,5128.2001953125,0.0,0.3713470160757906,Elevated,,,,,
2012-07-25,5109.60009765625,0.0,0.35252833288209956,Elevated,,,,,
2012-07-26,5043.0,0.0,0.5421451899748814,Elevated,,,,,
2012-07-27,5099.85009765625,0.0,0.3713497218089807,Elevated,,,,,
2012-07-30,5199.7998046875,0.0,0.3094315580194021,Elevated,,,,,
2012-07-31,5229.0,2.0,0.17386952744017495,Normal,,,,,
2012-08-01,5240.5,2.0,0.21229078631612022,Normal,,,,,
2012-08-02,5227.75,2.0,0.23292528819240182,Normal,,,,,
2012-08-03,5215.7001953125,2.0,0.2549663355047306,Normal,,,,,
2012-08-06,5282.5498046875,2.0,0.2724093357891091,Normal,,,,,
2012-08-07,5336.7001953125,2.0,0.09941899317493481,Normal,,,,,
2012-08-08,5338.0,2.0,0.0860731921090235,Normal,,,,,
2012-08-09,5322.9501953125,2.0,0.11406276594479976,Normal,,,,,
2012-08-10,5320.39990234375,2.0,0.08872940655226272,Normal,,,,,
2012-08-13,5347.89990234375,2.0,0.06248987138394448,Normal,,,,,
2012-08-14,5380.35009765625,2.0,0.08727333847355516,Normal,,,,,
2012-08-16,5362.9501953125,2.0,0.17451496888945736,Normal,,,,,
2012-08-17,5366.2998046875,2.0,0.08516739467522749,Normal,,,,,
2012-08-21,5421.0,2.0,0.11766315613493716,Normal,,,,,
2012-08-22,5412.85009765625,2.0,0.13176028621930572,Normal,,,,,
2012-08-23,5415.35009765625,2.0,0.1504728402357167,Normal,,,,,
2012-08-24,5386.7001953125,2.0,0.12189324351533967,Normal,,,,,
2012-08-27,5350.25,2.0,0.15327739621940534,Normal,,,,,
2012-08-29,5287.7998046875,2.0,0.2916177936304174,Normal,,,,,
2012-08-30,5315.0498046875,2.0,0.08034033385591358,Normal,,,,,
2012-08-31,5258.5,2.0,0.13411187631416974,Normal,,,,,
2012-09-03,5253.75,2.0,0.05006783379250645,Normal,,,,,
2012-09-04,5274.0,2.0,0.03862849748501582,Normal,,,,,
2012-09-05,5225.7001953125,2.0,0.12293769820027496,Normal,,,,,
2012-09-06,5238.39990234375,2.0,0.0669642467212935,Normal,,,,,
2012-09-07,5342.10009765625,2.0,0.19203123088076254,Normal,,,,,
2012-09-10,5363.4501953125,2.0,0.13007690533555194,Normal,,,,,
2012-09-11,5390.0,2.0,0.07120153800540384,Normal,,,,,
2012-09-12,5431.0,2.0,0.056747855877229324,Normal,,,,,
2012-09-13,5435.35009765625,2.0,0.10274487062580963,Normal,,,,,
2012-09-14,5577.64990234375,1.0,0.16777525465665086,Normal,,,,,
2012-09-17,5610.0,1.0,0.15165718064071357,Normal,,,,,
2012-09-18,5600.0498046875,2.0,0.07186138845610848,Normal,,,,,
2012-09-20,5554.25,2.0,0.14033662136908406,Normal,,,,,
2012-09-21,5691.14990234375,1.0,0.18550006834282737,Normal,,,,,
2012-09-24,5669.60009765625,1.0,0.23104888683666513,Normal,,,,,
2012-09-25,5673.89990234375,2.0,0.12067864103171094,Normal,,,,,
2012-09-26,5663.4501953125,2.0,0.11911406228637914,Normal,,,,,
2012-09-27,5649.5,2.0,0.11278439360624472,Normal,,,,,
2012-09-28,5703.2998046875,2.0,0.09503449324205776,Normal,,,,,
2012-10-01,5718.7998046875,2.0,0.12342410428393975,Normal,,,,,
2012-10-03,5731.25,2.0,0.083836454452574,Normal,,,,,
2012-10-04,5787.60009765625,2.0,0.1501918416276103,Normal,,,,,
2012-10-05,5746.9501953125,2.0,0.1287163278348299,Normal,,,,,
2012-10-08,5676.0,2.0,0.2087837727223095,Normal,,,,,
2012-10-09,5704.60009765625,2.0,0.14209613185125103,Normal,,,,,
2012-10-10,5652.14990234375,2.0,0.23593919012820244,Normal,,,,,
2012-10-11,5708.0498046875,2.0,0.1667312053948537,Normal,,,,,
2012-10-12,5676.0498046875,2.0,0.18330095813386343,Normal,,,,,
2012-10-15,5687.25,2.0,0.15792770005831008,Normal,,,,,
2012-10-16,5648.0,2.0,0.20887988881665834,Normal,,,,,
2012-10-17,5660.25,2.0,0.17988239304172976,Normal,,,,,
2012-10-18,5718.7001953125,2.0,0.24276140938911023,Normal,,,,,
2012-10-19,5684.25,2.0,0.2646759296485062,Normal,,,,,
2012-10-22,5717.14990234375,2.0,0.1381279398395989,Normal,,,,,
2012-10-23,5691.39990234375,2.0,0.13948999864914888,Normal,,,,,
2012-10-25,5705.2998046875,2.0,0.09629766846226025,Normal,,,,,
2012-10-29,5665.60009765625,2.0,0.19820325646765785,Normal,,,,,
2012-10-30,5597.89990234375,2.0,0.3215633231442255,Elevated,,,,,
2012-10-31,5619.7001953125,2.0,0.11132540197169163,Normal,,,,,
2012-11-01,5645.0498046875,2.0,0.1005573966555511,Normal,,,,,
2012-11-02,5697.7001953125,2.0,0.19281509742252684,Normal,,,,,
2012-11-05,5704.2001953125,2.0,0.15272947180241395,Normal,,,,,
2012-11-06,5724.39990234375,2.0,0.17394960415858482,Normal,,,,,
2012-11-07,5760.10009765625,2.0,0.12767510968335016,Normal,,,,,
2012-11-08,5738.75,2.0,0.0692717109322654,Normal,,,,,
2012-11-09,5686.25,2.0,0.09737904929302378,Normal,,,,,
2012-11-12,5683.7001953125,2.0,0.04642078457230295,Normal,,,,,
2012-11-15,5631.0,2.0,0.09920276218901641,Normal,,,,,
2012-11-16,5574.0498046875,2.0,0.19708730978200634,Normal,,,,,
2012-11-19,5571.39990234375,2.0,0.12564809426537693,Normal,,,,,
2012-11-20,5571.5498046875,2.0,0.07911823624280723,Normal,,,,,
2012-11-21,5614.7998046875,2.0,0.053491293916800145,Normal,,,,,
2012-11-22,5627.75,2.0,0.036942005860840885,Normal,,,,,
2012-11-23,5626.60009765625,2.0,0.05349674907883583,Normal,,,,,
2012-11-26,5635.89990234375,2.0,0.0720009661628676,Normal,,,,,
2012-11-27,5727.4501953125,2.0,0.12661457540801618,Normal,,,,,
2012-11-29,5825.0,2.0,0.10976174333065171,Normal,,,,,
2012-11-30,5879.85009765625,2.0,0.09323747016181462,Normal,,,,,
2012-12-03,5870.9501953125,2.0,0.1120783399721724,Normal,,,,,
2012-12-04,5889.25,2.0,0.11735083984190794,Normal,,,,,
2012-12-05,5900.5,2.0,0.11245183768413142,Normal,,,,,
2012-12-06,5930.89990234375,2.0,0.11643749380358236,Normal,,,,,
2012-12-07,5907.39990234375,2.0,0.10524175772426815,Normal,,,,,
2012-12-10,5908.89990234375,2.0,0.108812568632459,Normal,,,,,
2012-12-11,5898.7998046875,2.0,0.0683980329301828,Normal,,,,,
2012-12-12,5888.0,2.0,0.058580558300630414,Normal,,,,,
2012-12-13,5851.5,2.0,0.12857539765725426,Normal,,,,,
2012-12-14,5879.60009765625,2.0,0.025037591895599377,Normal,,,,,
2012-12-17,5857.89990234375,2.0,0.041683345581169436,Normal,,,,,
2012-12-18,5896.7998046875,2.0,0.08055287914542637,Normal,,,,,
2012-12-19,5929.60009765625,2.0,0.02560474101829775,Normal,,,,,
2012-12-20,5916.39990234375,2.0,0.06650462702713304,Normal,,,,,
2012-12-21,5847.7001953125,2.0,0.1739402939308648,Normal,,,,,
2012-12-24,5855.75,2.0,0.1435768530156429,Normal,,,,,
2012-12-26,5905.60009765625,2.0,0.10393339684709144,Normal,,,,,
2012-12-27,5870.10009765625,2.0,0.07679342659900248,Normal,,,,,
2012-12-28,5908.35009765625,2.0,0.053984103954371726,Normal,,,,,
2012-12-31,5905.10009765625,2.0,0.09020830284548781,Normal,,,,,
2013-01-02,5993.25,2.0,0.10448329449474088,Normal,,,,,
2013-01-03,6009.5,2.0,0.03750045537922778,Normal,,,,,
2013-01-04,6016.14990234375,2.0,0.09976861782718303,Normal,,,,,
2013-01-07,5988.39990234375,2.0,0.042538343340891155,Normal,,,,,
2013-01-08,6001.7001953125,2.0,0.07270291134526184,Normal,,,,,
2013-01-09,5971.5,2.0,0.030032298770714262,Normal,,,,,
2013-01-10,5968.64990234375,2.0,0.05299009926940364,Normal,,,,,
2013-01-11,5951.2998046875,2.0,0.04486528260648734,Normal,,,,,
2013-01-14,6024.0498046875,2.0,0.0842480633755169,Normal,,,,,
2013-01-15,6056.60009765625,2.0,0.0677369551315327,Normal,,,,,
2013-01-16,6001.85009765625,2.0,0.093048759619677,Normal,,,,,
2013-01-17,6039.2001953125,2.0,0.12900176850700829,Normal,,,,,
2013-01-18,6064.39990234375,2.0,0.08549034794127305,Normal,,,,,
2013-01-21,6082.2998046875,2.0,0.07782128087042371,Normal,,,,,
2013-01-22,6048.5,2.0,0.021180831016683152,Normal,,,,,
2013-01-23,6054.2998046875,2.0,0.019653772846894915,Normal,,,,,
2013-01-24,6019.35009765625,2.0,0.04509575146934181,Normal,,,,,
2013-01-25,6074.64990234375,2.0,0.043933338967526464,Normal,,,,,
2013-01-28,6074.7998046875,2.0,0.03969197311439674,Normal,,,,,
2013-01-29,6049.89990234375,2.0,0.031213926531083843,Normal,,,,,
2013-01-30,6055.75,2.0,0.029802113000473262,Normal,,,,,
2013-01-31,6034.75,2.0,0.034189799272308405,Normal,,,,,
2013-02-01,5998.89990234375,2.0,0.032751380730155225,Normal,,,,,
2013-02-04,5987.25,2.0,0.061229150131006084,Normal,,,,,
2013-02-05,5956.89990234375,2.0,0.06247910784127598,Normal,,,,,
2013-02-06,5959.2001953125,2.0,0.06406088958217651,Normal,,,,,
2013-02-07,5938.7998046875,2.0,0.05238214452453263,Normal,,,,,
2013-02-08,5903.5,2.0,0.047546903835350686,Normal,,,,,
2013-02-11,5897.85009765625,2.0,0.06903196835436716,Normal,,,,,
2013-02-12,5922.5,2.0,0.04324730654925115,Normal,,,,,
2013-02-13,5932.9501953125,2.0,0.058092572443109385,Normal,,,,,
2013-02-14,5896.9501953125,2.0,0.07943407277665634,Normal,,,,,
2013-02-15,5887.39990234375,2.0,0.08387351413809636,Normal,,,,,
2013-02-18,5898.2001953125,2.0,0.0666924883491281,Normal,,,,,
2013-02-19,5939.7001953125,2.0,0.07965968302533968,Normal,,,,,
2013-02-20,5943.0498046875,2.0,0.08722839538560116,Normal,,,,,
2013-02-21,5852.25,2.0,0.0934617293297979,Normal,,,,,
2013-02-22,5850.2998046875,0.0,0.10903218641480938,Normal,,,,,
2013-02-25,5854.75,0.0,0.07441346564520712,Normal,,,,,
2013-02-26,5761.35009765625,0.0,0.14831490590906257,Normal,,,,,
2013-02-27,5796.89990234375,0.0,0.10171240769746276,Normal,,,,,
2013-02-28,5693.0498046875,0.0,0.18565728247441166,Normal,,,,,
2013-03-01,5719.7001953125,0.0,0.2111423932900318,Normal,,,,,
2013-03-04,5698.5,0.0,0.18842380128052486,Normal,,,,,
2013-03-05,5784.25,0.0,0.21841507200590857,Normal,,,,,
2013-03-06,5818.60009765625,0.0,0.2762534836844333,Normal,,,,,
2013-03-07,5863.2998046875,0.0,0.3087966452417474,Elevated,,,,,
2013-03-08,5945.7001953125,0.0,0.43530805094683145,Elevated,,,,,
2013-03-11,5942.35009765625,0.0,0.5939742324753818,Elevated,,,,,
2013-03-12,5914.10009765625,0.0,0.4045904961983156,Elevated,,,,,
2013-03-13,5851.2001953125,0.0,0.3836212062023855,Elevated,,,,,
2013-03-14,5908.9501953125,0.0,0.3385731488933547,Elevated,,,,,
2013-03-15,5872.60009765625,0.0,0.428825275213714,Elevated,,,,,
2013-03-18,5835.25,0.0,0.4736262759021892,Elevated,,,,,
2013-03-19,5745.9501953125,0.0,0.5134485741305214,Elevated,,,,,
2013-03-20,5694.39990234375,0.0,0.5362593331463531,Elevated,,,,,
2013-03-21,5658.75,0.0,0.43782038877995383,Elevated,,,,,
2013-03-22,5651.35009765625,0.0,0.41898500301091723,Elevated,,,,,
2013-03-25,5633.85009765625,0.0,0.40364571373195324,Elevated,,,,,
2013-03-26,5641.60009765625,0.0,0.26878033860692624,Normal,,,,,
2013-03-28,5682.5498046875,0.0,0.23861624236165058,Normal,,,,,
2013-04-01,5704.39990234375,0.0,0.1779623409326253,Normal,,,,,
2013-04-02,5748.10009765625,0.0,0.22094513123545018,Normal,,,,,
2013-04-03,5672.89990234375,0.0,0.30754125984964736,Elevated,,,,,
2013-04-04,5574.75,0.0,0.3915827815745468,Elevated,,,,,
2013-04-05,5553.25,0.0,0.3889563108763516,Elevated,,,,,
2013-04-08,5542.9501953125,0.0,0.3205705590512858,Elevated,,,,,
2013-04-09,5495.10009765625,0.0,0.35684301847594896,Elevated,,,,,
2013-04-10,5558.7001953125,0.0,0.33709789686502944,Elevated,,,,,
2013-04-11,5594.0,0.0,0.22326625679958248,Normal,,,,,
2013-04-12,5528.5498046875,0.0,0.3260937080576862,Elevated,,,,,
2013-04-15,5568.39990234375,0.0,0.31741742364763964,Elevated,,,,,
2013-04-16,5688.9501953125,0.0,0.31404686729204273,Elevated,,,,,
2013-04-17,5688.7001953125,0.0,0.30326836022453874,Elevated,,,,,
2013-04-18,5783.10009765625,0.0,0.1556878887855537,Normal,,,,,
2013-04-22,5834.39990234375,0.0,0.21023594774104573,Normal,,,,,
2013-04-23,5836.89990234375,0.0,0.17864613031602555,Normal,,,,,
2013-04-25,5916.2998046875,0.0,0.26415209149002505,Normal,,,,,
2013-04-26,5871.4501953125,0.0,0.2459682106140132,Normal,,,,,
2013-04-29,5904.10009765625,0.0,0.3203292506875406,Elevated,,,,,
2013-04-30,5930.2001953125,0.0,0.31133907019561363,Elevated,,,,,
2013-05-02,5999.35009765625,0.0,0.2036327932160741,Normal,,,,,
2013-05-03,5944.0,0.0,0.3644562653497731,Elevated,,,,,
2013-05-06,5971.0498046875,2.0,0.25472038191669044,Normal,,,,,
2013-05-07,6043.5498046875,2.0,0.20538308493926627,Normal,,,,,
2013-05-08,6069.2998046875,2.0,0.17801246263488957,Normal,,,,,
2013-05-09,6050.14990234375,2.0,0.16629848156347496,Normal,,,,,
2013-05-10,6094.75,2.0,0.22112679674275154,Normal,,,,,
2013-05-13,5980.4501953125,2.0,0.39020551424833394,Elevated,,,,,
2013-05-14,5995.39990234375,2.0,0.26892383810139825,Normal,,,,,
2013-05-15,6146.75,2.0,0.1815320302284125,Normal,,,,,
2013-05-16,6169.89990234375,2.0,0.16745654403685062,Normal,,,,,
2013-05-17,6187.2998046875,2.0,0.15696816684891887,Normal,,,,,
2013-05-20,6156.89990234375,2.0,0.16174582999636533,Normal,,,,,
2013-05-21,6114.10009765625,2.0,0.2006412755931972,Normal,,,,,
2013-05-22,6094.5,2.0,0.26576298024385464,Normal,,,,,
2013-05-23,5967.0498046875,0.0,0.49680801958143517,Elevated,,,,,
2013-05-24,5983.5498046875,0.0,0.44949031776856346,Elevated,,,,,
2013-05-27,6083.14990234375,0.0,0.38693273141255985,Elevated,,,,,
2013-05-28,6111.25,0.0,0.6283662262288057,Severe,,,,,
2013-05-29,6104.2998046875,0.0,0.6691244298797249,Severe,,,,,
2013-05-30,6124.0498046875,0.0,0.5664061211970043,Elevated,,,,,
2013-05-31,5985.9501953125,0.0,0.3966360293448697,Elevated,,,,,
2013-06-03,5939.2998046875,0.0,0.45530187049071374,Elevated,,,,,
2013-06-04,5919.4501953125,0.0,0.5814675694264055,Elevated,,,,,
2013-06-05,5923.85009765625,0.0,0.5679471058811513,Elevated,,,,,
2013-06-06,5921.39990234375,0.0,0.5638256282164182,Elevated,,,,,
2013-06-07,5881.0,0.0,0.5078235131042333,Elevated,,,,,
2013-06-10,5878.0,0.0,0.6681100032012658,Severe,,,,,
2013-06-11,5788.7998046875,0.0,0.6017931505473871,Severe,,,,,
2013-06-12,5760.2001953125,0.0,0.43593314062495536,Elevated,,,,,
2013-06-13,5699.10009765625,0.0,0.6987712414681906,Severe,,,,,
2013-06-14,5808.39990234375,0.0,0.7272443202839775,Severe,,,,,
2013-06-17,5850.0498046875,0.0,0.757731238838933,Severe,,,,,
2013-06-18,5813.60009765625,0.0,0.7183754852626789,Severe,,,,,
2013-06-19,5822.25,0.0,0.6639430746035089,Severe,,,,,
2013-06-20,5655.89990234375,0.0,0.7416928705830174,Severe,,,,,
2013-06-21,5667.64990234375,0.0,0.792146169628993,Severe,,,,,
2013-06-24,5590.25,0.0,0.7213876952551347,Severe,,,,,
2013-06-25,5609.10009765625,0.0,0.7456923897247429,Severe,,,,,
2013-06-26,5588.7001953125,0.0,0.8184553486856672,Severe,,,,,
2013-06-27,5682.35009765625,1.0,0.7705632709391828,Severe,,,,,
2013-06-28,5842.2001953125,1.0,0.2854773058107454,Normal,,,,,
2013-07-01,5898.85009765625,0.0,0.18759456129174132,Normal,,,,,
2013-07-02,5857.5498046875,0.0,0.23839004887969129,Normal,,,,,
2013-07-03,5770.89990234375,0.0,0.33556441225966666,Elevated,,,,,
2013-07-04,5836.9501953125,0.0,0.25859622030679186,Normal,,,,,
2013-07-05,5867.89990234375,0.0,0.3248246436866255,Elevated,,,,,
2013-07-08,5811.5498046875,0.0,0.38608144460925026,Elevated,,,,,
2013-07-09,5859.0,0.0,0.3303527433059105,Elevated,,,,,
2013-07-10,5816.7001953125,0.0,0.29093188056097946,Normal,,,,,
2013-07-11,5935.10009765625,0.0,0.24074103065521096,Normal,,,,,
2013-07-12,6009.0,0.0,0.28153174850222756,Normal,,,,,
2013-07-15,6030.7998046875,0.0,0.28002683026262504,Normal,,,,,
2013-07-16,5955.25,0.0,0.3514250476077481,Elevated,,,,,
2013-07-17,5973.2998046875,0.0,0.3083936274980167,Elevated,,,,,
2013-07-18,6038.0498046875,0.0,0.5930294114270085,Elevated,,,,,
2013-07-19,6029.2001953125,0.0,0.7128369452693358,Severe,,,,,
2013-07-22,6031.7998046875,0.0,0.6845430470319843,Severe,,,,,
2013-07-23,6077.7998046875,0.0,0.6239970383007036,Severe,,,,,
2013-07-24,5990.5,0.0,0.6370252412131486,Severe,,,,,
2013-07-25,5907.5,0.0,0.6864601695259459,Severe,,,,,
2013-07-26,5886.2001953125,0.0,0.7479443016878996,Severe,,,,,
2013-07-29,5831.64990234375,0.0,0.7606060373713872,Severe,,,,,
2013-07-30,5755.0498046875,0.0,0.6534416000526722,Severe,,,,,
2013-07-31,5742.0,1.0,0.7653344962962159,Severe,,,,,
2013-08-01,5727.85009765625,0.0,0.7645695190187506,Severe,,,,,
2013-08-02,5677.89990234375,0.0,0.7549828959635893,Severe,,,,,
2013-08-05,5685.39990234375,0.0,0.7363458437292583,Severe,,,,,
2013-08-06,5542.25,0.0,0.8239432549298449,Severe,,,,,
2013-08-07,5519.10009765625,0.0,0.8412643588583967,Severe,,,,,
2013-08-08,5565.64990234375,0.0,0.7466557594990462,Severe,,,,,
2013-08-12,5612.39990234375,0.0,0.6895429975606807,Severe,,,,,
2013-08-13,5699.2998046875,0.0,0.7556805754799956,Severe,,,,,
2013-08-14,5742.2998046875,0.0,0.6588294717584374,Severe,,,,,
2013-08-16,5507.85009765625,1.0,0.9444973854211599,Severe,,,,,
2013-08-19,5414.75,1.0,0.9720656651420779,Severe,,,,,
2013-08-20,5401.4501953125,1.0,0.9706130382987399,Severe,,,,,
2013-08-21,5302.5498046875,1.0,0.9755152473944293,Severe,,,,,
2013-08-22,5408.4501953125,1.0,0.9614076001610968,Severe,,,,,
2013-08-23,5471.75,1.0,0.873332390585861,Severe,,,,,
2013-08-26,5476.5,1.0,0.8382600879677589,Severe,,,,,
2013-08-27,5287.4501953125,1.0,0.9779041127135888,Severe,,,,,
2013-08-28,5285.0,1.0,0.953145331529718,Severe,,,,,
2013-08-29,5409.0498046875,1.0,0.8932477191807757,Severe,,,,,
2013-08-30,5471.7998046875,1.0,0.8664161861657472,Severe,,,,,
2013-09-02,5550.75,1.0,0.7805960478006068,Severe,,,,,
2013-09-03,5341.4501953125,1.0,0.8956904329608646,Severe,,,,,
2013-09-04,5448.10009765625,1.0,0.8789405541219432,Severe,,,,,
2013-09-05,5592.9501953125,1.0,0.7918672077265738,Severe,,,,,
2013-09-06,5680.39990234375,1.0,0.7551512489579361,Severe,,,,,
2013-09-10,5896.75,1.0,0.7201117322391297,Severe,,,,,
2013-09-11,5913.14990234375,1.0,0.6976731356960442,Severe,,,,,
2013-09-12,5850.7001953125,1.0,0.791166285368484,Severe,,,,,
2013-09-13,5850.60009765625,1.0,0.7969916980022123,Severe,,,,,
2013-09-16,5840.5498046875,1.0,0.79650548785736,Severe,,,,,
2013-09-17,5850.2001953125,1.0,0.7842545383231689,Severe,,,,,
2013-09-18,5899.4501953125,1.0,0.7721592883920644,Severe,,,,,
2013-09-19,6115.5498046875,1.0,0.6351454941461565,Severe,,,,,
2013-09-20,6012.10009765625,1.0,0.6123036146238092,Severe,,,,,
2013-09-23,5889.75,1.0,0.6205018559439915,Severe,,,,,
2013-09-24,5892.4501953125,1.0,0.6406383579666739,Severe,,,,,
2013-09-25,5873.85009765625,1.0,0.6493568731736303,Severe,,,,,
2013-09-26,5882.25,1.0,0.623663385688319,Severe,,,,,
2013-09-27,5833.2001953125,1.0,0.6452648956797019,Severe,,,,,
2013-09-30,5735.2998046875,1.0,0.7032049836369874,Severe,,,,,
2013-10-01,5780.0498046875,1.0,0.6449719695219016,Severe,,,,,
2013-10-03,5909.7001953125,1.0,0.6280571722120156,Severe,,,,,
2013-10-04,5907.2998046875,0.0,0.6528335219148748,Severe,,,,,
2013-10-07,5906.14990234375,0.0,0.6120135393096322,Severe,,,,,
2013-10-08,5928.39990234375,0.0,0.5750195012817438,Elevated,,,,,
2013-10-09,6007.4501953125,0.0,0.48806427205696723,Elevated,,,,,
2013-10-10,6020.9501953125,0.0,0.48226394718391197,Elevated,,,,,
2013-10-11,6096.2001953125,0.0,0.33236285991678743,Elevated,,,,,
2013-10-14,6112.7001953125,0.0,0.3395000574485059,Elevated,,,,,
2013-10-15,6089.0498046875,0.0,0.4112167175990362,Elevated,,,,,
2013-10-17,6045.85009765625,0.0,0.48970875745835046,Elevated,,,,,
2013-10-18,6189.35009765625,0.0,0.281231259867268,Normal,,,,,
2013-10-21,6204.9501953125,0.0,0.3206210329346578,Elevated,,,,,
2013-10-22,6202.7998046875,0.0,0.338404738145437,Elevated,,,,,
2013-10-23,6178.35009765625,2.0,0.21640507398622996,Normal,,,,,
2013-10-24,6164.35009765625,2.0,0.18626654069757279,Normal,,,,,
2013-10-25,6144.89990234375,2.0,0.22766136248055296,Normal,,,,,
2013-10-28,6101.10009765625,2.0,0.3111144213469253,Elevated,,,,,
2013-10-29,6220.89990234375,2.0,0.1944048061524628,Normal,,,,,
2013-10-30,6251.7001953125,2.0,0.1315154667391835,Normal,,,,,
2013-10-31,6299.14990234375,2.0,0.20842411217301549,Normal,,,,,
2013-11-01,6307.2001953125,2.0,0.37604077375349554,Elevated,,,,,
2013-11-05,6253.14990234375,2.0,0.1957048522971516,Normal,,,,,
2013-11-06,6215.14990234375,2.0,0.30077281911901266,Elevated,,,,,
2013-11-07,6187.25,2.0,0.3090333088002848,Elevated,,,,,
2013-11-08,6140.75,2.0,0.5512593707549215,Elevated,,,,,
2013-11-11,6078.7998046875,0.0,0.7740947859686194,Severe,,,,,
2013-11-12,6018.0498046875,0.0,0.7682541455600876,Severe,,,,,
2013-11-13,5989.60009765625,0.0,0.6456873217670354,Severe,,,,,
2013-11-14,6056.14990234375,0.0,0.5780089474944314,Elevated,,,,,
2013-11-18,6189.0,0.0,0.3035862374248742,Elevated,,,,,
2013-11-19,6203.35009765625,0.0,0.26207863881158106,Normal,,,,,
2013-11-20,6122.89990234375,0.0,0.3392916737888853,Elevated,,,,,
2013-11-21,5999.0498046875,0.0,0.4730872082014798,Elevated,,,,,
2013-11-22,5995.4501953125,0.0,0.4643721354135755,Elevated,,,,,
2013-11-25,6115.35009765625,0.0,0.34113301369138244,Elevated,,,,,
2013-11-26,6059.10009765625,0.0,0.39725939768962887,Elevated,,,,,
2013-11-27,6057.10009765625,0.0,0.35428502346790836,Elevated,,,,,
2013-11-28,6091.85009765625,0.0,0.38986857614372833,Elevated,,,,,
2013-11-29,6176.10009765625,0.0,0.32027843012207186,Elevated,,,,,
2013-12-02,6217.85009765625,0.0,0.33685847481049147,Elevated,,,,,
2013-12-03,6201.85009765625,0.0,0.3155948416244129,Elevated,,,,,
2013-12-04,6160.9501953125,0.0,0.35263669289519733,Elevated,,,,,
2013-12-05,6241.10009765625,0.0,0.21583737000257203,Normal,,,,,
2013-12-06,6259.89990234375,0.0,0.2172842098900407,Normal,,,,,
2013-12-09,6363.89990234375,0.0,0.15260669011022435,Normal,,,,,
2013-12-10,6332.85009765625,0.0,0.23816989060412022,Normal,,,,,
2013-12-11,6307.89990234375,0.0,0.17984642700687253,Normal,,,,,
2013-12-12,6237.0498046875,0.0,0.29642852542448817,Normal,,,,,
2013-12-13,6168.39990234375,0.0,0.39696699283693326,Elevated,,,,,
2013-12-16,6154.7001953125,0.0,0.4477968773990245,Elevated,,,,,
2013-12-17,6139.0498046875,0.0,0.4649031410748513,Elevated,,,,,
2013-12-18,6217.14990234375,0.0,0.3679789837569916,Elevated,,,,,
2013-12-19,6166.64990234375,0.0,0.3387582144229736,Elevated,,,,,
2013-12-20,6274.25,0.0,0.29640307341372224,Normal,,,,,
2013-12-23,6284.5,2.0,0.12712544852895116,Normal,,,,,
2013-12-24,6268.39990234375,2.0,0.15068346458035614,Normal,,,,,
2013-12-26,6278.89990234375,2.0,0.1452858322919682,Normal,,,,,
2013-12-27,6313.7998046875,2.0,0.08030587456726725,Normal,,,,,
2013-12-30,6291.10009765625,2.0,0.2490346085610224,Normal,,,,,
2013-12-31,6304.0,2.0,0.14815627947074436,Normal,,,,,
2014-01-02,6221.14990234375,2.0,0.24245264747084075,Normal,,,,,
2014-01-03,6211.14990234375,2.0,0.13440387918084915,Normal,,,,,
2014-01-06,6191.4501953125,2.0,0.16966107068986983,Normal,,,,,
2014-01-07,6162.25,2.0,0.2616877860393359,Normal,,,,,
2014-01-08,6174.60009765625,2.0,0.14916690540478553,Normal,,,,,
2014-01-09,6168.35009765625,2.0,0.11509954996813603,Normal,,,,,
2014-01-10,6171.4501953125,2.0,0.1740878061643143,Normal,,,,,
2014-01-13,6272.75,2.0,0.15420431192514156,Normal,,,,,
2014-01-14,6241.85009765625,2.0,0.15157045908862762,Normal,,,,,
2014-01-15,6320.89990234375,2.0,0.09615451404797419,Normal,,,,,
2014-01-16,6318.89990234375,2.0,0.12940856574442028,Normal,,,,,
2014-01-17,6261.64990234375,2.0,0.2552802811755955,Normal,,,,,
2014-01-20,6303.9501953125,2.0,0.1437042283402027,Normal,,,,,
2014-01-21,6313.7998046875,2.0,0.12060162740093806,Normal,,,,,
2014-01-22,6338.9501953125,2.0,0.36769440743657655,Elevated,,,,,
2014-01-23,6345.64990234375,2.0,0.38772533311782226,Elevated,,,,,
2014-01-24,6266.75,2.0,0.22523828712344598,Normal,,,,,
2014-01-27,6135.85009765625,1.0,0.39121097240815345,Elevated,,,,,
2014-01-28,6126.25,1.0,0.4144061583827371,Elevated,,,,,
2014-01-29,6120.25,1.0,0.4402482255027099,Elevated,,,,,
2014-01-30,6073.7001953125,0.0,0.41831161176306614,Elevated,,,,,
2014-01-31,6089.5,0.0,0.23690861780833894,Normal,,,,,
2014-02-03,6001.7998046875,0.0,0.34397357315676047,Elevated,,,,,
2014-02-04,6000.89990234375,0.0,0.3445710680124458,Elevated,,,,,
2014-02-05,6022.39990234375,0.0,0.26513503441951525,Normal,,,,,
2014-02-06,6036.2998046875,0.0,0.23370976751032868,Normal,,,,,
2014-02-07,6063.2001953125,0.0,0.21424987613254484,Normal,,,,,
2014-02-10,6053.4501953125,0.0,0.22953055645601073,Normal,,,,,
2014-02-11,6062.7001953125,0.0,0.2151001925694879,Normal,,,,,
2014-02-12,6084.0,0.0,0.17771897732451664,Normal,,,,,
2014-02-13,6001.10009765625,0.0,0.2728741634602777,Normal,,,,,
2014-02-14,6048.35009765625,0.0,0.2570165152813289,Normal,,,,,
2014-02-18,6127.10009765625,0.0,0.22597446327448154,Normal,,,,,
2014-02-19,6152.75,0.0,0.26366708882022566,Normal,,,,,
2014-02-20,6091.4501953125,0.0,0.3486795281192424,Elevated,,,,,
2014-02-21,6155.4501953125,0.0,0.22881914336065257,Normal,,,,,
2014-02-24,6186.10009765625,0.0,0.2994232863242657,Normal,,,,,
2014-02-25,6200.0498046875,2.0,0.11338381106943109,Normal,,,,,
2014-02-26,6238.7998046875,2.0,0.1497839401449591,Normal,,,,,
2014-02-28,6276.9501953125,2.0,0.15661808204350106,Normal,,,,,
2014-03-03,6221.4501953125,2.0,0.2778784417430831,Normal,,,,,
2014-03-04,6297.9501953125,2.0,0.13362278939517394,Normal,,,,,
2014-03-05,6328.64990234375,2.0,0.06872407187105053,Normal,,,,,
2014-03-06,6401.14990234375,2.0,0.09612711218600238,Normal,,,,,
2014-03-07,6526.64990234375,1.0,0.19424593020034206,Normal,,,,,
2014-03-10,6537.25,2.0,0.11747529715070183,Normal,,,,,
2014-03-11,6511.89990234375,2.0,0.1224234996655315,Normal,,,,,
2014-03-12,6516.89990234375,2.0,0.1206041093248443,Normal,,,,,
2014-03-13,6493.10009765625,2.0,0.07444908363325589,Normal,,,,,
2014-03-14,6504.2001953125,2.0,0.09203990566866624,Normal,,,,,
2014-03-18,6516.64990234375,2.0,0.11730623091325164,Normal,,,,,
2014-03-19,6524.0498046875,2.0,0.07282241809771996,Normal,,,,,
2014-03-20,6483.10009765625,2.0,0.10394304612192029,Normal,,,,,
2014-03-21,6493.2001953125,2.0,0.0868625737932506,Normal,,,,,
2014-03-24,6583.5,2.0,0.09778204702989694,Normal,,,,,
2014-03-25,6589.75,2.0,0.04554120257971248,Normal,,,,,
2014-03-26,6601.39990234375,2.0,0.04476999303769376,Normal,,,,,
2014-03-27,6641.75,2.0,0.060762514810404095,Normal,,,,,
2014-03-28,6695.89990234375,2.0,0.08022820226316504,Normal,,,,,
2014-03-31,6704.2001953125,2.0,0.12109702270283272,Normal,,,,,
2014-04-01,6721.0498046875,2.0,0.12260037892399595,Normal,,,,,
2014-04-02,6752.5498046875,2.0,0.08337798374516318,Normal,,,,,
2014-04-03,6736.10009765625,2.0,0.03786163994754163,Normal,,,,,
2014-04-04,6694.35009765625,2.0,0.029135919334253687,Normal,,,,,
2014-04-07,6695.0498046875,2.0,0.1605974909000325,Normal,,,,,
2014-04-09,6796.2001953125,2.0,0.06571072153752827,Normal,,,,,
2014-04-10,6796.39990234375,2.0,0.05261954404946659,Normal,,,,,
2014-04-11,6776.2998046875,2.0,0.049553495801559995,Normal,,,,,
2014-04-15,6733.10009765625,2.0,0.08846654621203609,Normal,,,,,
2014-04-16,6675.2998046875,2.0,0.07850003649085627,Normal,,,,,
2014-04-17,6779.39990234375,2.0,0.07572862778071378,Normal,,,,,
2014-04-21,6817.64990234375,2.0,0.10251383730889292,Normal,,,,,
2014-04-22,6815.35009765625,2.0,0.06039497154430452,Normal,,,,,
2014-04-23,6840.7998046875,2.0,0.07493840771521686,Normal,,,,,
2014-04-25,6782.75,2.0,0.10138329816697929,Normal,,,,,
2014-04-28,6761.25,2.0,0.09543480143831122,Normal,,,,,
2014-04-29,6715.25,2.0,0.17072278648412872,Normal,,,,,
2014-04-30,6696.39990234375,2.0,0.17307562991336634,Normal,,,,,
2014-05-02,6694.7998046875,2.0,0.14038622580286186,Normal,,,,,
2014-05-05,6699.35009765625,2.0,0.08619671549970373,Normal,,,,,
2014-05-06,6715.2998046875,2.0,0.09999932675153765,Normal,,,,,
2014-05-07,6652.5498046875,2.0,0.20333748224654305,Normal,,,,,
2014-05-08,6659.85009765625,2.0,0.15724957181193658,Normal,,,,,
2014-05-09,6858.7998046875,1.0,0.26279942062895967,Normal,,,,,
2014-05-12,7014.25,1.0,0.19642051574054334,Normal,,,,,
2014-05-13,7108.75,1.0,0.19316015973713582,Normal,,,,,
2014-05-14,7108.75,1.0,0.21207999549766002,Normal,,,,,
2014-05-15,7123.14990234375,1.0,0.21834356765708612,Normal,,,,,
2014-05-16,7203.0,1.0,0.1895620917187756,Normal,,,,,
2014-05-19,7263.5498046875,1.0,0.21868816525910112,Normal,,,,,
2014-05-20,7275.5,2.0,0.2497529940488148,Normal,,,,,
2014-05-21,7252.89990234375,2.0,0.2432901705008991,Normal,,,,,
2014-05-22,7276.39990234375,2.0,0.2322537387102284,Normal,,,,,
2014-05-23,7367.10009765625,2.0,0.18492716666122186,Normal,,,,,
2014-05-26,7359.0498046875,2.0,0.23418552521081915,Normal,,,,,
2014-05-27,7318.0,2.0,0.20980787114377375,Normal,,,,,
2014-05-28,7329.64990234375,2.0,0.19874219733741266,Normal,,,,,
2014-05-29,7235.64990234375,2.0,0.23257200759693375,Normal,,,,,
2014-05-30,7229.9501953125,2.0,0.22297844351014767,Normal,,,,,
2014-06-02,7362.5,2.0,0.17986009275223158,Normal,,,,,
2014-06-03,7415.85009765625,2.0,0.1461997414633407,Normal,,,,,
2014-06-04,7402.25,2.0,0.1553380443743703,Normal,,,,,
2014-06-05,7474.10009765625,2.0,0.18084907312178203,Normal,,,,,
2014-06-06,7583.39990234375,2.0,0.19220671680247825,Normal,,,,,
2014-06-09,7654.60009765625,2.0,0.230628349254662,Normal,,,,,
2014-06-10,7656.39990234375,2.0,0.21325742552477223,Normal,,,,,
2014-06-11,7626.85009765625,2.0,0.25142345921455733,Normal,,,,,
2014-06-12,7649.89990234375,2.0,0.24204285170882853,Normal,,,,,
2014-06-13,7542.10009765625,2.0,0.15091362353166743,Normal,,,,,
2014-06-16,7533.5498046875,2.0,0.15023334826962592,Normal,,,,,
2014-06-17,7631.7001953125,2.0,0.14167967003185336,Normal,,,,,
2014-06-18,7558.2001953125,2.0,0.13391907333854136,Normal,,,,,
2014-06-19,7540.7001953125,2.0,0.16184912594051937,Normal,,,,,
2014-06-20,7511.4501953125,2.0,0.1426422442177523,Normal,,,,,
2014-06-23,7493.35009765625,2.0,0.10729994768974514,Normal,,,,,
2014-06-24,7580.2001953125,2.0,0.11613183566958388,Normal,,,,,
2014-06-25,7569.25,2.0,0.1648421385730304,Normal,,,,,
2014-06-26,7493.2001953125,2.0,0.18420797717136414,Normal,,,,,
2014-06-27,7508.7998046875,2.0,0.1218525869809231,Normal,,,,,
2014-06-30,7611.35009765625,2.0,0.0987349168391073,Normal,,,,,
2014-07-01,7634.7001953125,2.0,0.10705783140904054,Normal,,,,,
2014-07-02,7725.14990234375,2.0,0.07165986792991454,Normal,,,,,
2014-07-03,7714.7998046875,2.0,0.17650184928809548,Normal,,,,,
2014-07-04,7751.60009765625,2.0,0.18577660779956498,Normal,,,,,
2014-07-07,7787.14990234375,2.0,0.20332393580797006,Normal,,,,,
2014-07-08,7623.2001953125,2.0,0.2070726409249049,Normal,,,,,
2014-07-09,7585.0,2.0,0.18078460286721745,Normal,,,,,
2014-07-10,7567.75,2.0,0.1885841403830658,Normal,,,,,
2014-07-11,7459.60009765625,0.0,0.383063165863447,Elevated,,,,,
2014-07-14,7454.14990234375,0.0,0.3277384038081321,Elevated,,,,,
2014-07-15,7526.64990234375,0.0,0.23091365592361413,Normal,,,,,
2014-07-16,7624.39990234375,0.0,0.3054220937577727,Elevated,,,,,
2014-07-17,7640.4501953125,2.0,0.23944123190650937,Normal,,,,,
2014-07-18,7663.89990234375,2.0,0.2664623564781299,Normal,,,,,
2014-07-21,7684.2001953125,2.0,0.24794584118842422,Normal,,,,,
2014-07-22,7767.85009765625,2.0,0.23399511446767068,Normal,,,,,
2014-07-23,7795.75,2.0,0.1441174522436515,Normal,,,,,
2014-07-24,7830.60009765625,2.0,0.21585466932740097,Normal,,,,,
2014-07-25,7790.4501953125,2.0,0.15625083351560579,Normal,,,,,
2014-07-28,7748.7001953125,2.0,0.18923161439954397,Normal,,,,,
2014-07-30,7791.39990234375,2.0,0.14594495290107273,Normal,,,,,
2014-07-31,7721.2998046875,2.0,0.24968094102070537,Normal,,,,,
2014-08-01,7602.60009765625,2.0,0.26344502104776335,Normal,,,,,
2014-08-04,7683.64990234375,2.0,0.18644243347095518,Normal,,,,,
2014-08-05,7746.5498046875,2.0,0.1741566977767817,Normal,,,,,
2014-08-06,7672.0498046875,2.0,0.18379357901636809,Normal,,,,,
2014-08-07,7649.25,2.0,0.10194769014453281,Normal,,,,,
2014-08-08,7568.5498046875,2.0,0.17722965045711983,Normal,,,,,
2014-08-11,7625.9501953125,2.0,0.07188094443075511,Normal,,,,,
2014-08-12,7727.0498046875,2.0,0.10855282896557712,Normal,,,,,
2014-08-13,7739.5498046875,2.0,0.1332817313688403,Normal,,,,,
2014-08-14,7791.7001953125,2.0,0.08446383276953175,Normal,,,,,
2014-08-18,7874.25,2.0,0.15998881815015642,Normal,,,,,
2014-08-19,7897.5,2.0,0.13726501938983446,Normal,,,,,
2014-08-20,7875.2998046875,2.0,0.11664252496841061,Normal,,,,,
2014-08-21,7891.10009765625,2.0,0.13091313188269074,Normal,,,,,
2014-08-22,7913.2001953125,2.0,0.09194047274026293,Normal,,,,,
2014-08-25,7906.2998046875,2.0,0.08006520606713835,Normal,,,,,
2014-08-26,7904.75,2.0,0.08049708312888755,Normal,,,,,
2014-08-27,7936.0498046875,2.0,0.06347035175788278,Normal,,,,,
2014-08-28,7954.35009765625,2.0,0.06881715898501191,Normal,,,,,
2014-09-01,8027.7001953125,2.0,0.07258274914058097,Normal,,,,,
2014-09-02,8083.0498046875,2.0,0.17212436289436506,Normal,,,,,
2014-09-03,8114.60009765625,2.0,0.1661577407849163,Normal,,,,,
2014-09-04,8095.9501953125,2.0,0.14406597634995802,Normal,,,,,
2014-09-05,8086.85009765625,2.0,0.09967554955162158,Normal,,,,,
2014-09-08,8173.89990234375,2.0,0.08997387214839764,Normal,,,,,
2014-09-09,8152.9501953125,2.0,0.09444684975570167,Normal,,,,,
2014-09-10,8094.10009765625,2.0,0.08410145912839492,Normal,,,,,
2014-09-11,8085.7001953125,2.0,0.09811351343022538,Normal,,,,,
2014-09-12,8105.5,2.0,0.0863296457805709,Normal,,,,,
2014-09-15,8042.0,2.0,0.10110265758126513,Normal,,,,,
2014-09-16,7932.89990234375,2.0,0.10538078232468179,Normal,,,,,
2014-09-17,7975.5,2.0,0.03542820691118765,Normal,,,,,
2014-09-18,8114.75,2.0,0.15117729551060902,Normal,,,,,
2014-09-19,8121.4501953125,2.0,0.13890226848406598,Normal,,,,,
2014-09-22,8146.2998046875,2.0,0.08532101702574268,Normal,,,,,
2014-09-23,8017.5498046875,2.0,0.18278361542407923,Normal,,,,,
2014-09-24,8002.39990234375,2.0,0.143303995939907,Normal,,,,,
2014-09-25,7911.85009765625,2.0,0.24593056172928446,Normal,,,,,
2014-09-26,7968.85009765625,2.0,0.16788233242189754,Normal,,,,,
2014-09-29,7958.89990234375,2.0,0.1662099408142806,Normal,,,,,
2014-09-30,7964.7998046875,2.0,0.2021235814464046,Normal,,,,,
2014-10-01,7945.5498046875,2.0,0.2231759120552918,Normal,,,,,
2014-10-07,7852.39990234375,0.0,0.3716779568189515,Elevated,,,,,
2014-10-08,7842.7001953125,0.0,0.3204300690822879,Elevated,,,,,
2014-10-09,7960.5498046875,0.0,0.2748925788149771,Normal,,,,,
2014-10-10,7859.9501953125,0.0,0.39455753793561066,Elevated,,,,,
2014-10-13,7884.25,0.0,0.34115613949070217,Elevated,,,,,
2014-10-14,7864.0,0.0,0.3442553488360465,Elevated,,,,,
2014-10-16,7748.2001953125,0.0,0.4297878302697356,Elevated,,,,,
2014-10-17,7779.7001953125,0.0,0.4205489984211723,Elevated,,,,,
2014-10-20,7879.39990234375,0.0,0.2912663702739763,Normal,,,,,
2014-10-21,7927.75,0.0,0.26501944760026885,Normal,,,,,
2014-10-22,7995.89990234375,2.0,0.21165617628981465,Normal,,,,,
2014-10-27,7991.7001953125,2.0,0.3039539014670965,Elevated,,,,,
2014-10-28,8027.60009765625,2.0,0.2625145517422959,Normal,,,,,
2014-10-29,8090.4501953125,2.0,0.19544209045408428,Normal,,,,,
2014-10-30,8169.2001953125,2.0,0.17458123768410225,Normal,,,,,
2014-10-31,8322.2001953125,2.0,0.06987724287902772,Normal,,,,,
2014-11-03,8324.150390625,2.0,0.06749325958961805,Normal,,,,,
2014-11-05,8338.2998046875,2.0,0.059926442714848926,Normal,,,,,
2014-11-07,8337.0,2.0,0.13456439794365416,Normal,,,,,
2014-11-10,8344.25,2.0,0.04661237028112923,Normal,,,,,
2014-11-11,8362.650390625,2.0,0.06310724476817037,Normal,,,,,
2014-11-12,8383.2998046875,2.0,0.04720668947539572,Normal,,,,,
2014-11-13,8357.849609375,2.0,0.07290498374259526,Normal,,,,,
2014-11-14,8389.900390625,2.0,0.12307857171446686,Normal,,,,,
2014-11-17,8430.75,2.0,0.0563532094327469,Normal,,,,,
2014-11-18,8425.900390625,2.0,0.06013108624801904,Normal,,,,,
2014-11-19,8382.2998046875,2.0,0.07272942991504565,Normal,,,,,
2014-11-20,8401.900390625,2.0,0.07327417929161484,Normal,,,,,
2014-11-21,8477.349609375,2.0,0.025083281569836028,Normal,,,,,
2014-11-24,8530.150390625,2.0,0.05986019616138372,Normal,,,,,
2014-11-25,8463.099609375,2.0,0.05317557561774007,Normal,,,,,
2014-11-26,8475.75,2.0,0.05751442594924395,Normal,,,,,
2014-11-27,8494.2001953125,2.0,0.0398097993618146,Normal,,,,,
2014-11-28,8588.25,2.0,0.06341978193308258,Normal,,,,,
2014-12-01,8555.900390625,2.0,0.09718602197632635,Normal,,,,,
2014-12-02,8524.7001953125,2.0,0.4886318236636759,Elevated,,,,,
2014-12-03,8537.650390625,2.0,0.42676110371692344,Elevated,,,,,
2014-12-04,8564.400390625,2.0,0.39071499460584813,Elevated,,,,,
2014-12-05,8538.2998046875,2.0,0.4207878013930586,Elevated,,,,,
2014-12-08,8438.25,2.0,0.08041408338806098,Normal,,,,,
2014-12-09,8340.7001953125,2.0,0.12072256392490922,Normal,,,,,
2014-12-10,8355.650390625,2.0,0.05701710810860229,Normal,,,,,
2014-12-11,8292.900390625,2.0,0.1580467964219644,Normal,,,,,
2014-12-12,8224.099609375,0.0,0.27130487101505324,Normal,,,,,
2014-12-15,8219.599609375,0.0,0.16659802896121956,Normal,,,,,
2014-12-16,8067.60009765625,0.0,0.4239316143080059,Elevated,,,,,
2014-12-17,8029.7998046875,0.0,0.3823487012281864,Elevated,,,,,
2014-12-18,8159.2998046875,0.0,0.2834149067896086,Normal,,,,,
2014-12-19,8225.2001953125,0.0,0.33959649673077263,Elevated,,,,,
2014-12-22,8324.0,0.0,0.34186114635138987,Elevated,,,,,
2014-12-23,8267.0,0.0,0.5497123190463227,Elevated,,,,,
2014-12-24,8174.10009765625,0.0,0.38523763009900636,Elevated,,,,,
2014-12-26,8200.7001953125,0.0,0.2546158087180423,Normal,,,,,
2014-12-29,8246.2998046875,0.0,0.356388454975927,Elevated,,,,,
2014-12-30,8248.25,0.0,0.296910921445986,Normal,,,,,
2014-12-31,8282.7001953125,0.0,0.6102614585374873,Severe,,,,,
2015-01-02,8395.4501953125,0.0,0.5428708356509898,Elevated,,,,,
2015-01-05,8378.400390625,0.0,0.6033025304664822,Severe,,,,,
2015-01-06,8127.35009765625,0.0,0.46104127561562086,Elevated,,,,,
2015-01-07,8102.10009765625,0.0,0.5263265944475045,Elevated,,,,,
2015-01-08,8234.599609375,0.0,0.34174095465816146,Elevated,,,,,
2015-01-09,8284.5,0.0,0.3204358092571079,Elevated,,,,,
2015-01-12,8323.0,0.0,0.352543094047596,Elevated,,,,,
2015-01-13,8299.400390625,0.0,0.263245852678504,Normal,,,,,
2015-01-14,8277.5498046875,0.0,0.2524765914161214,Normal,,,,,
2015-01-15,8494.150390625,0.0,0.25479045902571906,Normal,,,,,
2015-01-16,8513.7998046875,0.0,0.16399981326484656,Normal,,,,,
2015-01-19,8550.7001953125,0.0,0.15436379823839697,Normal,,,,,
2015-01-20,8695.599609375,0.0,0.14632255453269347,Normal,,,,,
2015-01-21,8729.5,0.0,0.12278262313085238,Normal,,,,,
2015-01-22,8761.400390625,0.0,0.21111872162033182,Normal,,,,,
2015-01-23,8835.599609375,0.0,0.19978008891488958,Normal,,,,,
2015-01-27,8910.5,0.0,0.20411342251849285,Normal,,,,,
2015-01-28,8914.2998046875,0.0,0.28832671005828375,Normal,,,,,
2015-01-29,8952.349609375,0.0,0.2611101513407011,Normal,,,,,
2015-01-30,8808.900390625,0.0,0.4202869876893843,Elevated,,,,,
2015-02-02,8797.400390625,0.0,0.3416957853025223,Elevated,,,,,
2015-02-03,8756.5498046875,0.0,0.4377835951444559,Elevated,,,,,
2015-02-04,8723.7001953125,0.0,0.34972820349279815,Elevated,,,,,
2015-02-05,8711.7001953125,0.0,0.3760962235744057,Elevated,,,,,
2015-02-06,8661.0498046875,0.0,0.38688551909070923,Elevated,,,,,
2015-02-09,8526.349609375,0.0,0.44821495646965426,Elevated,,,,,
2015-02-10,8565.5498046875,0.0,0.3142186274831197,Elevated,,,,,
2015-02-11,8627.400390625,0.0,0.2925942759771686,Normal,,,,,
2015-02-12,8711.5498046875,0.0,0.31908834439520567,Elevated,,,,,
2015-02-13,8805.5,2.0,0.15867464104970053,Normal,,,,,
2015-02-16,8809.349609375,2.0,0.191810871824142,Normal,,,,,
2015-02-18,8869.099609375,2.0,0.18166069472136964,Normal,,,,,
2015-02-19,8895.2998046875,2.0,0.14799929477952156,Normal,,,,,
2015-02-20,8833.599609375,2.0,0.1936098195498058,Normal,,,,,
2015-02-23,8754.9501953125,2.0,0.26738567300809307,Normal,,,,,
2015-02-24,8762.099609375,2.0,0.16587258496937227,Normal,,,,,
2015-02-25,8767.25,2.0,0.1664644656416768,Normal,,,,,
2015-02-26,8683.849609375,2.0,0.3788274268958288,Elevated,,,,,
2015-02-27,8844.599609375,2.0,0.22899346074475024,Normal,,,,,
2015-03-02,8956.75,2.0,0.07393681390538996,Normal,,,,,
2015-03-03,8996.25,2.0,0.08447227152093201,Normal,,,,,
2015-03-04,8922.650390625,2.0,0.12271500673072101,Normal,,,,,
2015-03-05,8937.75,2.0,0.10659108126297669,Normal,,,,,
2015-03-09,8756.75,0.0,0.3643662655403993,Elevated,,,,,
2015-03-10,8712.0498046875,0.0,0.4328188080752895,Elevated,,,,,
2015-03-11,8699.9501953125,0.0,0.346846250076478,Elevated,,,,,
2015-03-12,8776.0,0.0,0.27738503846388146,Normal,,,,,
2015-03-13,8647.75,0.0,0.43223305056574435,Elevated,,,,,
2015-03-16,8633.150390625,0.0,0.4082604659417861,Elevated,,,,,
2015-03-17,8723.2998046875,0.0,0.29699432446396457,Normal,,,,,
2015-03-18,8685.900390625,0.0,0.30518143029438816,Elevated,,,,,
2015-03-19,8634.650390625,0.0,0.3363672153911057,Elevated,,,,,
2015-03-20,8570.900390625,0.0,0.3628754614885492,Elevated,,,,,
2015-03-23,8550.900390625,0.0,0.26865268095658107,Normal,,,,,
2015-03-24,8542.9501953125,0.0,0.29386355244411677,Normal,,,,,
2015-03-25,8530.7998046875,0.0,0.2709959388019224,Normal,,,,,
2015-03-26,8342.150390625,0.0,0.429590392792147,Elevated,,,,,
2015-03-27,8341.400390625,0.0,0.49226063772834516,Elevated,,,,,
2015-03-30,8492.2998046875,0.0,0.4055334145824057,Elevated,,,,,
2015-03-31,8491.0,0.0,0.32436797195638234,Elevated,,,,,
2015-04-01,8586.25,0.0,0.32786705830192714,Elevated,,,,,
2015-04-06,8659.900390625,0.0,0.31367475235337616,Elevated,,,,,
2015-04-07,8660.2998046875,0.0,0.2509969699206977,Normal,,,,,
2015-04-08,8714.400390625,0.0,0.35615217302675845,Elevated,,,,,
2015-04-09,8778.2998046875,0.0,0.6160068429667295,Severe,,,,,
2015-04-10,8780.349609375,0.0,0.6573926732010398,Severe,,,,,
2015-04-13,8834.0,0.0,0.6413195074003737,Severe,,,,,
2015-04-16,8706.7001953125,0.0,0.5708992236310152,Elevated,,,,,
2015-04-17,8606.0,0.0,0.32334563958520085,Elevated,,,,,
2015-04-20,8448.099609375,0.0,0.37743750987200286,Elevated,,,,,
2015-04-21,8377.75,0.0,0.43830517651194706,Elevated,,,,,
2015-04-22,8429.7001953125,0.0,0.43184504247098693,Elevated,,,,,
2015-04-23,8398.2998046875,0.0,0.6057100544022935,Severe,,,,,
2015-04-24,8305.25,0.0,0.6632208580335806,Severe,,,,,
2015-04-27,8213.7998046875,0.0,0.7194634654540346,Severe,,,,,
2015-04-28,8285.599609375,0.0,0.6395220033414334,Severe,,,,,
2015-04-29,8239.75,0.0,0.6553981865420342,Severe,,,,,
2015-04-30,8181.5,0.0,0.6853500343681894,Severe,,,,,
2015-05-04,8331.9501953125,0.0,0.6306492171737781,Severe,,,,,
2015-05-05,8324.7998046875,0.0,0.6120917571341239,Severe,,,,,
2015-05-06,8097.0,0.0,0.43676526166839913,Elevated,,,,,
2015-05-07,8057.2998046875,0.0,0.5269028509023438,Elevated,,,,,
2015-05-08,8191.5,0.0,0.44147800575876517,Elevated,,,,,
2015-05-11,8325.25,0.0,0.39065791142603645,Elevated,,,,,
2015-05-12,8126.9501953125,0.0,0.49335041872313345,Elevated,,,,,
2015-05-13,8235.4501953125,0.0,0.38531668580068973,Elevated,,,,,
2015-05-14,8224.2001953125,0.0,0.38472925153236526,Elevated,,,,,
2015-05-15,8262.349609375,0.0,0.3725505304089293,Elevated,,,,,
2015-05-18,8373.650390625,0.0,0.2686668346327936,Normal,,,,,
2015-05-19,8365.650390625,0.0,0.2286733872721697,Normal,,,,,
2015-05-20,8423.25,0.0,0.17624214861094706,Normal,,,,,
2015-05-21,8421.0,0.0,0.18204374261556114,Normal,,,,,
2015-05-22,8458.9501953125,0.0,0.14492867139312773,Normal,,,,,
2015-05-25,8370.25,0.0,0.3002111414268948,Elevated,,,,,
2015-05-26,8339.349609375,0.0,0.29520705158251537,Normal,,,,,
2015-05-27,8334.599609375,0.0,0.33402574127450824,Elevated,,,,,
2015-05-28,8319.0,0.0,0.36518383749818056,Elevated,,,,,
2015-05-29,8433.650390625,0.0,0.5008079267182177,Elevated,,,,,
2015-06-01,8433.400390625,0.0,0.4456522969167589,Elevated,,,,,
2015-06-02,8236.4501953125,0.0,0.3783127652198003,Elevated,,,,,
2015-06-03,8135.10009765625,0.0,0.36877573568461847,Elevated,,,,,
2015-06-04,8130.64990234375,0.0,0.40843579456432894,Elevated,,,,,
2015-06-05,8114.7001953125,0.0,0.46282759961668085,Elevated,,,,,
2015-06-08,8044.14990234375,0.0,0.44664148438879514,Elevated,,,,,
2015-06-09,8022.39990234375,0.0,0.19875053122647518,Normal,,,,,
2015-06-10,8124.4501953125,0.0,0.22362011674482307,Normal,,,,,
2015-06-11,7965.35009765625,0.0,0.39639896488740745,Elevated,,,,,
2015-06-12,7982.89990234375,0.0,0.3977292419347278,Elevated,,,,,
2015-06-15,8013.89990234375,0.0,0.3082889698046808,Elevated,,,,,
2015-06-16,8047.2998046875,0.0,0.31502374728921617,Elevated,,,,,
2015-06-17,8091.5498046875,0.0,0.27186912858256695,Normal,,,,,
2015-06-18,8174.60009765625,0.0,0.3040625349821219,Elevated,,,,,
2015-06-19,8224.9501953125,0.0,0.23214024356890847,Normal,,,,,
2015-06-22,8353.099609375,0.0,0.21979871450401534,Normal,,,,,
2015-06-23,8381.5498046875,0.0,0.1859305637478903,Normal,,,,,
2015-06-24,8360.849609375,0.0,0.21614036025538508,Normal,,,,,
2015-06-25,8398.0,0.0,0.20611420910824832,Normal,,,,,
2015-06-26,8381.099609375,0.0,0.20823909613917052,Normal,,,,,
2015-06-29,8318.400390625,0.0,0.34440592657385777,Elevated,,,,,
2015-06-30,8368.5,0.0,0.283228906164511,Normal,,,,,
2015-07-01,8453.0498046875,0.0,0.18866845486118572,Normal,,,,,
2015-07-02,8444.900390625,0.0,0.16240127275647528,Normal,,,,,
2015-07-03,8484.900390625,0.0,0.195711872460396,Normal,,,,,
2015-07-06,8522.150390625,0.0,0.18613117632300608,Normal,,,,,
2015-07-07,8510.7998046875,0.0,0.15716618241651958,Normal,,,,,
2015-07-08,8363.0498046875,0.0,0.2707183738951527,Normal,,,,,
2015-07-09,8328.5498046875,0.0,0.17868202021782742,Normal,,,,,
2015-07-10,8360.5498046875,2.0,0.1928973929071888,Normal,,,,,
2015-07-13,8459.650390625,2.0,0.16446000821346807,Normal,,,,,
2015-07-14,8454.099609375,2.0,0.14468292906770608,Normal,,,,,
2015-07-15,8523.7998046875,2.0,0.05902910421946566,Normal,,,,,
2015-07-16,8608.0498046875,2.0,0.10969169529844615,Normal,,,,,
2015-07-17,8609.849609375,2.0,0.10132222248685947,Normal,,,,,
2015-07-20,8603.4501953125,2.0,0.12158138892531464,Normal,,,,,
2015-07-21,8529.4501953125,2.0,0.12016711004979641,Normal,,,,,
2015-07-22,8633.5,2.0,0.05811972161686816,Normal,,,,,
2015-07-23,8589.7998046875,2.0,0.09167704418053915,Normal,,,,,
2015-07-24,8521.5498046875,2.0,0.20545580368454355,Normal,,,,,
2015-07-27,8361.0,2.0,0.3191811500616689,Elevated,,,,,
2015-07-28,8337.0,2.0,0.2576849855302141,Normal,,,,,
2015-07-29,8375.0498046875,2.0,0.18857930415984467,Normal,,,,,
2015-07-30,8421.7998046875,2.0,0.1073851633131177,Normal,,,,,
2015-07-31,8532.849609375,2.0,0.27871756788484797,Normal,,,,,
2015-08-03,8543.0498046875,2.0,0.26034722958659345,Normal,,,,,
2015-08-04,8516.900390625,2.0,0.2538788863665994,Normal,,,,,
2015-08-05,8567.9501953125,2.0,0.12693901474879182,Normal,,,,,
2015-08-06,8588.650390625,2.0,0.09610863766543236,Normal,,,,,
2015-08-07,8564.599609375,2.0,0.11480163227454118,Normal,,,,,
2015-08-10,8525.599609375,2.0,0.5286018478401261,Elevated,,,,,
2015-08-11,8462.349609375,2.0,0.6265589912988873,Severe,,,,,
2015-08-12,8349.4501953125,2.0,0.7095453014557068,Severe,,,,,
2015-08-13,8355.849609375,2.0,0.5882027549542861,Elevated,,,,,
2015-08-14,8518.5498046875,2.0,0.5810663540857393,Elevated,,,,,
2015-08-17,8477.2998046875,2.0,0.6754011475357619,Severe,,,,,
2015-08-18,8466.5498046875,2.0,0.5974304096784436,Elevated,,,,,
2015-08-19,8495.150390625,2.0,0.5368018057060125,Elevated,,,,,
2015-08-20,8372.75,2.0,0.6373409012062529,Severe,,,,,
2015-08-21,8299.9501953125,2.0,0.726221609741352,Severe,,,,,
2015-08-24,7809.0,1.0,0.9180464166668663,Severe,,,,,
2015-08-25,7880.7001953125,1.0,0.8801201415408149,Severe,,,,,
2015-08-26,7791.85009765625,1.0,0.9174090700564841,Severe,,,,,
2015-08-27,7948.9501953125,1.0,0.8109737972010772,Severe,,,,,
2015-08-28,8001.9501953125,1.0,0.7781170953882446,Severe,,,,,
2015-08-31,7971.2998046875,1.0,0.7031950593303086,Severe,,,,,
2015-09-01,7785.85009765625,1.0,0.8641802255095893,Severe,,,,,
2015-09-02,7717.0,1.0,0.901356063534357,Severe,,,,,
2015-09-03,7823.0,1.0,0.8072384860278713,Severe,,,,,
2015-09-04,7655.0498046875,1.0,0.850962255356004,Severe,,,,,
2015-09-07,7558.7998046875,1.0,0.8559912207408042,Severe,,,,,
2015-09-08,7688.25,1.0,0.7709884727453601,Severe,,,,,
2015-09-09,7818.60009765625,1.0,0.5753397512903429,Elevated,,,,,
2015-09-10,7788.10009765625,1.0,0.654952381955906,Severe,,,,,
2015-09-11,7789.2998046875,1.0,0.6261601144304624,Severe,,,,,
2015-09-14,7872.25,1.0,0.49676992499598305,Elevated,,,,,
2015-09-15,7829.10009765625,1.0,0.559025028335122,Elevated,,,,,
2015-09-16,7899.14990234375,1.0,0.4652422441957792,Elevated,,,,,
2015-09-18,7981.89990234375,1.0,0.342574306034291,Elevated,,,,,
2015-09-21,7977.10009765625,1.0,0.2613372630222685,Normal,,,,,
2015-09-22,7812.0,1.0,0.41186698187475573,Elevated,,,,,
2015-09-23,7845.9501953125,0.0,0.2884882625647285,Normal,,,,,
2015-09-24,7868.5,0.0,0.24968117858238117,Normal,,,,,
2015-09-28,7795.7001953125,0.0,0.40768294671025196,Elevated,,,,,
2015-09-29,7843.2998046875,0.0,0.3277420908950552,Elevated,,,,,
2015-09-30,7948.89990234375,0.0,0.17550705880763506,Normal,,,,,
2015-10-01,7950.89990234375,0.0,0.1376500221011427,Normal,,,,,
2015-10-05,8119.2998046875,0.0,0.11755024648595641,Normal,,,,,
2015-10-06,8152.89990234375,0.0,0.08446256121373262,Normal,,,,,
2015-10-07,8177.39990234375,0.0,0.08693482937956318,Normal,,,,,
2015-10-08,8129.35009765625,0.0,0.12501693373986286,Normal,,,,,
2015-10-09,8189.7001953125,0.0,0.10092729697852648,Normal,,,,,
2015-10-12,8143.60009765625,0.0,0.1342647153912589,Normal,,,,,
2015-10-13,8131.7001953125,0.0,0.1146621151354511,Normal,,,,,
2015-10-14,8107.89990234375,0.0,0.15492503514762176,Normal,,,,,
2015-10-15,8179.5,0.0,0.11268629178945354,Normal,,,,,
2015-10-16,8238.150390625,0.0,0.11610054744596371,Normal,,,,,
2015-10-19,8275.0498046875,0.0,0.1555934359950163,Normal,,,,,
2015-10-20,8261.650390625,0.0,0.13958211916185317,Normal,,,,,
2015-10-21,8251.7001953125,0.0,0.13940805534505357,Normal,,,,,
2015-10-23,8295.4501953125,0.0,0.17644025379671543,Normal,,,,,
2015-10-26,8260.5498046875,0.0,0.23559203274875212,Normal,,,,,
2015-10-27,8232.900390625,0.0,0.4647577062783166,Elevated,,,,,
2015-10-28,8171.2001953125,0.0,0.4839221112393495,Elevated,,,,,
2015-10-29,8111.75,0.0,0.2704991144351661,Normal,,,,,
2015-10-30,8065.7998046875,0.0,0.2331816682786674,Normal,,,,,
2015-11-02,8050.7998046875,0.0,0.18516033612942803,Normal,,,,,
2015-11-03,8060.7001953125,0.0,0.11483174244868108,Normal,,,,,
2015-11-04,8040.2001953125,0.0,0.08877257239368656,Normal,,,,,
2015-11-05,7955.4501953125,0.0,0.1245935566475774,Normal,,,,,
2015-11-06,7954.2998046875,0.0,0.11029187139533926,Normal,,,,,
2015-11-09,7915.2001953125,0.0,0.1401262373216443,Normal,,,,,
2015-11-10,7783.35009765625,0.0,0.2561161908036722,Normal,,,,,
2015-11-13,7762.25,0.0,0.21164463332393058,Normal,,,,,
2015-11-16,7806.60009765625,0.0,0.14984874803404857,Normal,,,,,
2015-11-17,7837.5498046875,0.0,0.14603827971647199,Normal,,,,,
2015-11-18,7731.7998046875,0.0,0.16943599529667094,Normal,,,,,
2015-11-19,7842.75,0.0,0.19142456561988208,Normal,,,,,
2015-11-20,7856.5498046875,0.0,0.14351571736315705,Normal,,,,,
2015-11-23,7849.25,0.0,0.15892706175719437,Normal,,,,,
2015-11-24,7831.60009765625,0.0,0.15215245407532482,Normal,,,,,
2015-11-26,7883.7998046875,0.0,0.17849099179539746,Normal,,,,,
2015-11-27,7942.7001953125,0.0,0.24689008734298568,Normal,,,,,
2015-11-30,7935.25,0.0,0.23267594366164693,Normal,,,,,
2015-12-01,7954.89990234375,0.0,0.19181729427144742,Normal,,,,,
2015-12-02,7931.35009765625,0.0,0.18681149453143264,Normal,,,,,
2015-12-03,7864.14990234375,0.0,0.32303698804620007,Elevated,,,,,
2015-12-04,7781.89990234375,0.0,0.26204602001643296,Normal,,,,,
2015-12-07,7765.39990234375,0.0,0.26112002026924186,Normal,,,,,
2015-12-08,7701.7001953125,0.0,0.28144882322844994,Normal,,,,,
2015-12-09,7612.5,0.0,0.3233252168023868,Elevated,,,,,
2015-12-10,7683.2998046875,0.0,0.2697013402513519,Normal,,,,,
2015-12-11,7610.4501953125,0.0,0.18118068710544968,Normal,,,,,
2015-12-14,7650.0498046875,0.0,0.2392401572283493,Normal,,,,,
2015-12-15,7700.89990234375,0.0,0.20192873159365302,Normal,,,,,
2015-12-16,7750.89990234375,0.0,0.21201044912691555,Normal,,,,,
2015-12-17,7844.35009765625,0.0,0.21644777787617372,Normal,,,,,
2015-12-18,7761.9501953125,0.0,0.19020031515673547,Normal,,,,,
2015-12-21,7834.4501953125,0.0,0.16937494848914295,Normal,,,,,
2015-12-22,7786.10009765625,0.0,0.21751334091177757,Normal,,,,,
2015-12-23,7865.9501953125,0.0,0.2488097664189036,Normal,,,,,
2015-12-24,7861.0498046875,0.0,0.32203688719528323,Elevated,,,,,
2015-12-28,7925.14990234375,0.0,0.5608431787760702,Elevated,,,,,
2015-12-29,7928.9501953125,0.0,0.5289168281009986,Elevated,,,,,
2015-12-30,7896.25,0.0,0.3147930402318143,Elevated,,,,,
2015-12-31,7946.35009765625,0.0,0.551039049923768,Elevated,,,,,
2016-01-04,7791.2998046875,0.0,0.6295486707166794,Severe,,,,,
2016-01-05,7784.64990234375,0.0,0.6208158060248626,Severe,,,,,
2016-01-06,7741.0,0.0,0.6176966724283862,Severe,,,,,
2016-01-07,7568.2998046875,0.0,0.449522829616271,Elevated,,,,,
2016-01-08,7601.35009765625,0.0,0.42541739534201395,Elevated,,,,,
2016-01-11,7563.85009765625,0.0,0.4082559208317826,Elevated,,,,,
2016-01-12,7510.2998046875,0.0,0.4243092744231035,Elevated,,,,,
2016-01-13,7562.39990234375,0.0,0.3695268942066484,Elevated,,,,,
2016-01-14,7536.7998046875,0.0,0.5095603387013518,Elevated,,,,,
2016-01-15,7437.7998046875,0.0,0.42536064807635426,Elevated,,,,,
2016-01-18,7351.0,0.0,0.4051277518826555,Elevated,,,,,
2016-01-19,7435.10009765625,0.0,0.37023165657663043,Elevated,,,,,
2016-01-20,7309.2998046875,0.0,0.5302849345555507,Elevated,,,,,
2016-01-21,7276.7998046875,0.0,0.5521467644050366,Elevated,,,,,
2016-01-22,7422.4501953125,0.0,0.5996079298472567,Elevated,,,,,
2016-01-25,7436.14990234375,0.0,0.5886735748682294,Elevated,,,,,
2016-01-27,7437.75,0.0,0.5921067319155696,Elevated,,,,,
2016-01-28,7424.64990234375,0.0,0.6602306596203339,Severe,,,,,
2016-01-29,7563.5498046875,0.0,0.6556290875905673,Severe,,,,,
2016-02-01,7555.9501953125,0.0,0.5994046846379927,Elevated,,,,,
2016-02-02,7455.5498046875,0.0,0.759029310439976,Severe,,,,,
2016-02-03,7361.7998046875,0.0,0.8052325102821992,Severe,,,,,
2016-02-04,7404.0,0.0,0.7283862936149974,Severe,,,,,
2016-02-05,7489.10009765625,0.0,0.6053619202070487,Severe,,,,,
2016-02-08,7387.25,0.0,0.7046965868070716,Severe,,,,,
2016-02-09,7298.2001953125,0.0,0.769478562859436,Severe,,,,,
2016-02-10,7215.7001953125,0.0,0.8124180134231545,Severe,,,,,
2016-02-11,6976.35009765625,1.0,0.9245885021135026,Severe,,,,,
2016-02-12,6980.9501953125,1.0,0.9238206553519106,Severe,,,,,
2016-02-15,7162.9501953125,1.0,0.7374914900521101,Severe,,,,,
2016-02-16,7048.25,1.0,0.8739403928671734,Severe,,,,,
2016-02-17,7108.4501953125,1.0,0.8697579323880232,Severe,,,,,
2016-02-18,7191.75,1.0,0.7870013185060898,Severe,,,,,
2016-02-19,7210.75,1.0,0.7888340947135556,Severe,,,,,
2016-02-22,7234.5498046875,1.0,0.7351118377393168,Severe,,,,,
2016-02-23,7109.5498046875,1.0,0.8004392669728857,Severe,,,,,
2016-02-24,7018.7001953125,1.0,0.8774636218201006,Severe,,,,,
2016-02-25,6970.60009765625,1.0,0.7413348577457478,Severe,,,,,
2016-02-26,7029.75,1.0,0.7891912788167865,Severe,,,,,
2016-02-29,6987.0498046875,1.0,0.7944558268987838,Severe,,,,,
2016-03-01,7222.2998046875,1.0,0.531674274450054,Elevated,,,,,
2016-03-02,7368.85009765625,1.0,0.2240185382075458,Normal,,,,,
2016-03-03,7475.60009765625,1.0,0.16149854475043285,Normal,,,,,
2016-03-04,7485.35009765625,0.0,0.15171589576875102,Normal,,,,,
2016-03-08,7485.2998046875,0.0,0.14347729403802714,Normal,,,,,
2016-03-09,7531.7998046875,0.0,0.0923233450670833,Normal,,,,,
2016-03-10,7486.14990234375,0.0,0.16355953038144824,Normal,,,,,
2016-03-11,7510.2001953125,0.0,0.1347468519813671,Normal,,,,,
2016-03-14,7538.75,0.0,0.14393557072593302,Normal,,,,,
2016-03-15,7460.60009765625,0.0,0.18333444714234384,Normal,,,,,
2016-03-16,7498.75,0.0,0.10731059987186793,Normal,,,,,
2016-03-17,7512.5498046875,0.0,0.11913586645566454,Normal,,,,,
2016-03-18,7604.35009765625,0.0,0.0809180630919044,Normal,,,,,
2016-03-21,7704.25,0.0,0.11348638184172978,Normal,,,,,
2016-03-22,7714.89990234375,0.0,0.10854285126496738,Normal,,,,,
2016-03-23,7716.5,0.0,0.1256242705049497,Normal,,,,,
2016-03-28,7615.10009765625,0.0,0.2137316155424368,Normal,,,,,
2016-03-29,7597.0,0.0,0.21335641025800442,Normal,,,,,
2016-03-30,7735.2001953125,0.0,0.1877376545317061,Normal,,,,,
2016-03-31,7738.39990234375,2.0,0.19943760485961673,Normal,,,,,
2016-04-01,7713.0498046875,2.0,0.18085752686675236,Normal,,,,,
2016-04-04,7758.7998046875,2.0,0.12801169104999047,Normal,,,,,
2016-04-05,7603.2001953125,2.0,0.2696907267869031,Normal,,,,,
2016-04-06,7614.35009765625,2.0,0.16180147023528169,Normal,,,,,
2016-04-07,7546.4501953125,2.0,0.27541648934214863,Normal,,,,,
2016-04-08,7555.2001953125,2.0,0.1887760291218339,Normal,,,,,
2016-04-11,7671.39990234375,2.0,0.1887943174606649,Normal,,,,,
2016-04-12,7708.9501953125,2.0,0.12123889085564053,Normal,,,,,
2016-04-13,7850.4501953125,2.0,0.08750053546689567,Normal,,,,,
2016-04-18,7914.7001953125,2.0,0.14585893557391694,Normal,,,,,
2016-04-20,7914.75,2.0,0.12306163487662579,Normal,,,,,
2016-04-21,7912.0498046875,2.0,0.11224197054055765,Normal,,,,,
2016-04-22,7899.2998046875,2.0,0.12136212814431593,Normal,,,,,
2016-04-25,7855.0498046875,2.0,0.11966556381251044,Normal,,,,,
2016-04-26,7962.64990234375,2.0,0.11974711361622827,Normal,,,,,
2016-04-27,7979.89990234375,2.0,0.1340560504374628,Normal,,,,,
2016-04-28,7847.25,2.0,0.185867411892309,Normal,,,,,
2016-04-29,7849.7998046875,2.0,0.1389047647553642,Normal,,,,,
2016-05-02,7805.89990234375,2.0,0.1794353301901198,Normal,,,,,
2016-05-03,7747.0,2.0,0.3085531806572506,Elevated,,,,,
2016-05-04,7706.5498046875,2.0,0.32772306341227797,Elevated,,,,,
2016-05-05,7735.5,2.0,0.20752577895199098,Normal,,,,,
2016-05-06,7733.4501953125,2.0,0.180124350656983,Normal,,,,,
2016-05-09,7866.0498046875,2.0,0.1446019855495016,Normal,,,,,
2016-05-10,7887.7998046875,2.0,0.14728811437555867,Normal,,,,,
2016-05-11,7848.85009765625,2.0,0.16844504477670186,Normal,,,,,
2016-05-12,7900.39990234375,2.0,0.10792224738001532,Normal,,,,,
2016-05-13,7814.89990234375,2.0,0.18713751587271216,Normal,,,,,
2016-05-16,7860.75,2.0,0.1636450616892364,Normal,,,,,
2016-05-17,7890.75,2.0,0.1760459682262028,Normal,,,,,
2016-05-18,7870.14990234375,2.0,0.22968961134253807,Normal,,,,,
2016-05-19,7783.39990234375,2.0,0.27737697260557004,Normal,,,,,
2016-05-20,7749.7001953125,2.0,0.22428708045608303,Normal,,,,,
2016-05-23,7731.0498046875,2.0,0.16951590800907188,Normal,,,,,
2016-05-24,7748.85009765625,2.0,0.16922096052672392,Normal,,,,,
2016-05-25,7934.89990234375,2.0,0.1408969126569965,Normal,,,,,
2016-05-26,8069.64990234375,2.0,0.11659251797059826,Normal,,,,,
2016-05-27,8156.64990234375,2.0,0.2575694168442548,Normal,,,,,
2016-05-30,8178.5,2.0,0.16505854852568455,Normal,,,,,
2016-05-31,8160.10009765625,2.0,0.19851464935988616,Normal,,,,,
2016-06-01,8179.9501953125,2.0,0.14551332437327694,Normal,,,,,
2016-06-02,8218.9501953125,2.0,0.15403251689786857,Normal,,,,,
2016-06-03,8220.7998046875,2.0,0.14511237999578896,Normal,,,,,
2016-06-06,8201.0498046875,2.0,0.11983533323999612,Normal,,,,,
2016-06-07,8266.4501953125,2.0,0.062184083864417775,Normal,,,,,
2016-06-08,8273.0498046875,2.0,0.08865018234831835,Normal,,,,,
2016-06-09,8203.599609375,2.0,0.16052080185978201,Normal,,,,,
2016-06-10,8170.0498046875,2.0,0.2123763009213379,Normal,,,,,
2016-06-13,8110.60009765625,2.0,0.239033868238615,Normal,,,,,
2016-06-14,8108.85009765625,2.0,0.19448710744720107,Normal,,,,,
2016-06-15,8206.599609375,2.0,0.09272164087084972,Normal,,,,,
2016-06-16,8140.75,2.0,0.20594821874753208,Normal,,,,,
2016-06-17,8170.2001953125,2.0,0.13512482548681645,Normal,,,,,
2016-06-20,8238.5,2.0,0.09048514799913494,Normal,,,,,
2016-06-21,8219.900390625,2.0,0.0765701115266908,Normal,,,,,
2016-06-22,8203.7001953125,2.0,0.08572508822094566,Normal,,,,,
2016-06-23,8270.4501953125,2.0,0.061035038209918645,Normal,,,,,
2016-06-24,8088.60009765625,2.0,0.2679774695340509,Normal,,,,,
2016-06-27,8094.7001953125,2.0,0.22380447330333975,Normal,,,,,
2016-06-28,8127.85009765625,2.0,0.18212761070136632,Normal,,,,,
2016-06-29,8204.0,2.0,0.17485936376467415,Normal,,,,,
2016-06-30,8287.75,2.0,0.12374729851517685,Normal,,,,,
2016-07-01,8328.349609375,2.0,0.14464428139024377,Normal,,,,,
2016-07-04,8370.7001953125,2.0,0.1304010031301157,Normal,,,,,
2016-07-05,8335.9501953125,2.0,0.15156398162024767,Normal,,,,,
2016-07-07,8337.900390625,2.0,0.11938102503807187,Normal,,,,,
2016-07-08,8323.2001953125,2.0,0.06852698615783619,Normal,,,,,
2016-07-11,8467.900390625,2.0,0.06025869024969411,Normal,,,,,
2016-07-12,8521.0498046875,2.0,0.062079626327791536,Normal,,,,,
2016-07-13,8519.5,2.0,0.08457975706244135,Normal,,,,,
2016-07-14,8565.0,2.0,0.05510476628562632,Normal,,,,,
2016-07-15,8541.400390625,2.0,0.08023745953317095,Normal,,,,,
2016-07-18,8508.7001953125,2.0,0.08553064282522183,Normal,,,,,
2016-07-19,8528.5498046875,2.0,0.06670268128089583,Normal,,,,,
2016-07-20,8565.849609375,2.0,0.07336008640872932,Normal,,,,,
2016-07-21,8510.099609375,2.0,0.11472018431566706,Normal,,,,,
2016-07-22,8541.2001953125,2.0,0.085648875529549,Normal,,,,,
2016-07-25,8635.650390625,2.0,0.06247010957595531,Normal,,,,,
2016-07-26,8590.650390625,2.0,0.049024672211805675,Normal,,,,,
2016-07-27,8615.7998046875,2.0,0.06515415045922685,Normal,,,,,
2016-07-28,8666.2998046875,2.0,0.10358057238605482,Normal,,,,,
2016-07-29,8638.5,2.0,0.06557915426907492,Normal,,,,,
2016-08-01,8636.5498046875,2.0,0.0608699849004248,Normal,,,,,
2016-08-02,8622.900390625,2.0,0.05417132329520147,Normal,,,,,
2016-08-03,8544.849609375,2.0,0.07215157580505989,Normal,,,,,
2016-08-04,8551.099609375,2.0,0.09113944470876467,Normal,,,,,
2016-08-05,8683.150390625,2.0,0.09740091005762362,Normal,,,,,
2016-08-08,8711.349609375,2.0,0.05284623873701681,Normal,,,,,
2016-08-09,8678.25,2.0,0.046947482158044104,Normal,,,,,
2016-08-10,8575.2998046875,2.0,0.1144491004844338,Normal,,,,,
2016-08-11,8592.150390625,2.0,0.055128439981159065,Normal,,,,,
2016-08-16,8642.5498046875,2.0,0.07734836435949982,Normal,,,,,
2016-08-17,8624.0498046875,2.0,0.09799040738677518,Normal,,,,,
2016-08-18,8673.25,2.0,0.10898518413505785,Normal,,,,,
2016-08-19,8666.900390625,2.0,0.12435693043698266,Normal,,,,,
2016-08-22,8629.150390625,2.0,0.07328482612407429,Normal,,,,,
2016-08-23,8632.599609375,2.0,0.056354911997801696,Normal,,,,,
2016-08-24,8650.2998046875,2.0,0.09412900118979213,Normal,,,,,
2016-08-25,8592.2001953125,2.0,0.0598620618614743,Normal,,,,,
2016-08-26,8572.5498046875,2.0,0.05867002111947687,Normal,,,,,
2016-08-29,8607.4501953125,2.0,0.061497978644483135,Normal,,,,,
2016-08-30,8744.349609375,2.0,0.08820725526655596,Normal,,,,,
2016-08-31,8786.2001953125,2.0,0.09312107113028936,Normal,,,,,
2016-09-01,8774.650390625,2.0,0.13101120556735604,Normal,,,,,
2016-09-02,8809.650390625,2.0,0.10535727271695353,Normal,,,,,
2016-09-06,8943.0,2.0,0.13302404512113986,Normal,,,,,
2016-09-07,8917.9501953125,2.0,0.13865352470532893,Normal,,,,,
2016-09-08,8952.5,2.0,0.10457613785523025,Normal,,,,,
2016-09-09,8866.7001953125,2.0,0.13337933798591828,Normal,,,,,
2016-09-12,8715.599609375,2.0,0.2371888854527424,Normal,,,,,
2016-09-14,8726.599609375,2.0,0.1550559614837435,Normal,,,,,
2016-09-15,8742.5498046875,2.0,0.16727604050715597,Normal,,,,,
2016-09-16,8779.849609375,2.0,0.162183253648659,Normal,,,,,
2016-09-19,8808.400390625,2.0,0.18065441975097773,Normal,,,,,
2016-09-20,8775.900390625,2.0,0.15852118548219987,Normal,,,,,
2016-09-21,8777.150390625,2.0,0.17746655202598668,Normal,,,,,
2016-09-22,8867.4501953125,2.0,0.20109570261363502,Normal,,,,,
2016-09-23,8831.5498046875,2.0,0.2263881641878754,Normal,,,,,
2016-09-26,8723.0498046875,2.0,0.27729062574311675,Normal,,,,,
2016-09-27,8706.400390625,2.0,0.21022732107514228,Normal,,,,,
2016-09-28,8745.150390625,2.0,0.2055325373641827,Normal,,,,,
2016-09-29,8591.25,1.0,0.4614454781008888,Elevated,,,,,
2016-09-30,8611.150390625,0.0,0.4030921026501113,Elevated,,,,,
2016-10-03,8738.099609375,0.0,0.28025071362234516,Normal,,,,,
2016-10-04,8769.150390625,0.0,0.2941151640730549,Normal,,,,,
2016-10-05,8743.9501953125,0.0,0.3266378803421913,Elevated,,,,,
2016-10-06,8709.5498046875,0.0,0.32372405473944815,Elevated,,,,,
2016-10-07,8697.599609375,0.0,0.2947749252751874,Normal,,,,,
2016-10-10,8708.7998046875,0.0,0.29805735569191427,Normal,,,,,
2016-10-13,8573.349609375,0.0,0.39834299444503574,Elevated,,,,,
2016-10-14,8583.400390625,0.0,0.307655446129076,Elevated,,,,,
2016-10-17,8520.400390625,0.0,0.4359669687837488,Elevated,,,,,
2016-10-18,8677.900390625,0.0,0.2653221743252831,Normal,,,,,
2016-10-19,8659.099609375,0.0,0.3092230032626425,Elevated,,,,,
2016-10-20,8699.400390625,0.0,0.2592946538445088,Normal,,,,,
2016-10-21,8693.0498046875,0.0,0.27757996214705916,Normal,,,,,
2016-10-24,8708.9501953125,0.0,0.31882042635487984,Elevated,,,,,
2016-10-25,8691.2998046875,0.0,0.38423242218684955,Elevated,,,,,
2016-10-26,8615.25,0.0,0.467418708277321,Elevated,,,,,
2016-10-27,8615.25,0.0,0.4106162759945824,Elevated,,,,,
2016-10-28,8638.0,0.0,0.629511263826675,Severe,,,,,
2016-11-01,8626.25,0.0,0.5742027652660232,Elevated,,,,,
2016-11-02,8514.0,0.0,0.6476357380990563,Severe,,,,,
2016-11-03,8484.9501953125,0.0,0.48125325232670996,Elevated,,,,,
2016-11-04,8433.75,0.0,0.4961550902758687,Elevated,,,,,
2016-11-07,8497.0498046875,0.0,0.5612484729113311,Elevated,,,,,
2016-11-08,8543.5498046875,0.0,0.5149773317079198,Elevated,,,,,
2016-11-09,8432.0,0.0,0.5966733446189902,Elevated,,,,,
2016-11-10,8525.75,0.0,0.5056829354316567,Elevated,,,,,
2016-11-11,8296.2998046875,0.0,0.4184040074951105,Elevated,,,,,
2016-11-15,8108.4501953125,0.0,0.5602715807035534,Elevated,,,,,
2016-11-16,8111.60009765625,0.0,0.5788048887873525,Elevated,,,,,
2016-11-17,8079.9501953125,0.0,0.5209046126890149,Elevated,,,,,
2016-11-18,8074.10009765625,0.0,0.5143384052691848,Elevated,,,,,
2016-11-21,7929.10009765625,0.0,0.594933727400255,Elevated,,,,,
2016-11-22,8002.2998046875,0.0,0.5417824624375457,Elevated,,,,,
2016-11-23,8033.2998046875,0.0,0.5398859498976017,Elevated,,,,,
2016-11-24,7965.5,0.0,0.5849902227279735,Elevated,,,,,
2016-11-25,8114.2998046875,0.0,0.49261381272912397,Elevated,,,,,
2016-11-28,8126.89990234375,0.0,0.3971311987867815,Elevated,,,,,
2016-11-29,8142.14990234375,0.0,0.3416809129842287,Elevated,,,,,
2016-11-30,8224.5,0.0,0.3259706442910046,Elevated,,,,,
2016-12-01,8192.900390625,0.0,0.35702272021312,Elevated,,,,,
2016-12-02,8086.7998046875,0.0,0.4249921322641798,Elevated,,,,,
2016-12-05,8128.75,0.0,0.37148149371964473,Elevated,,,,,
2016-12-06,8143.14990234375,0.0,0.3257268039070819,Elevated,,,,,
2016-12-07,8102.0498046875,0.0,0.34830678578107865,Elevated,,,,,
2016-12-08,8246.849609375,0.0,0.3859845217210522,Elevated,,,,,
2016-12-09,8261.75,0.0,0.27488035029504587,Normal,,,,,
2016-12-12,8170.7998046875,0.0,0.4313586488181624,Elevated,,,,,
2016-12-13,8221.7998046875,0.0,0.21921912488286627,Normal,,,,,
2016-12-14,8182.4501953125,0.0,0.25086455353083514,Normal,,,,,
2016-12-15,8153.60009765625,0.0,0.32737359821146506,Elevated,,,,,
2016-12-16,8139.4501953125,0.0,0.2784456724726483,Normal,,,,,
2016-12-19,8104.35009765625,0.0,0.19822979386351974,Normal,,,,,
2016-12-20,8082.39990234375,0.0,0.18119577180166654,Normal,,,,,
2016-12-21,8061.2998046875,0.0,0.18816618479747058,Normal,,,,,
2016-12-22,7979.10009765625,0.0,0.23631203323628994,Normal,,,,,
2016-12-23,7985.75,0.0,0.10989948253089685,Normal,,,,,
2016-12-26,7908.25,0.0,0.16345227427581344,Normal,,,,,
2016-12-27,8032.85009765625,0.0,0.2287012209347479,Normal,,,,,
2016-12-28,8034.85009765625,0.0,0.27003474016673185,Normal,,,,,
2016-12-29,8103.60009765625,0.0,0.2394929110201487,Normal,,,,,
2016-12-30,8185.7998046875,0.0,0.20014743456737527,Normal,,,,,
2017-01-02,8179.5,0.0,0.1692134977386218,Normal,,,,,
2017-01-03,8192.25,0.0,0.21106111512450973,Normal,,,,,
2017-01-04,8190.5,0.0,0.1571711419492074,Normal,,,,,
2017-01-05,8273.7998046875,0.0,0.11674801344871046,Normal,,,,,
2017-01-06,8243.7998046875,0.0,0.11156801824643178,Normal,,,,,
2017-01-09,8236.0498046875,0.0,0.10453807077759461,Normal,,,,,
2017-01-10,8288.599609375,0.0,0.06298274427491124,Normal,,,,,
2017-01-11,8380.650390625,0.0,0.13717724403964873,Normal,,,,,
2017-01-12,8407.2001953125,0.0,0.08546563064445754,Normal,,,,,
2017-01-13,8400.349609375,2.0,0.11109526581810662,Normal,,,,,
2017-01-16,8412.7998046875,2.0,0.13280027772569258,Normal,,,,,
2017-01-17,8398.0,2.0,0.10799030124001444,Normal,,,,,
2017-01-18,8417.0,2.0,0.07362100993750488,Normal,,,,,
2017-01-19,8435.099609375,2.0,0.06573785169609306,Normal,,,,,
2017-01-20,8349.349609375,2.0,0.12825566406153255,Normal,,,,,
2017-01-23,8391.5,2.0,0.10006833838426006,Normal,,,,,
2017-01-24,8475.7998046875,2.0,0.09896582643489119,Normal,,,,,
2017-01-25,8602.75,2.0,0.10469547150611742,Normal,,,,,
2017-01-27,8641.25,2.0,0.08646613779318837,Normal,,,,,
2017-01-30,8632.75,2.0,0.11978200207245472,Normal,,,,,
2017-01-31,8561.2998046875,2.0,0.12458403690414067,Normal,,,,,
2017-02-01,8716.400390625,2.0,0.1202879628193025,Normal,,,,,
2017-02-02,8734.25,2.0,0.09848072726717748,Normal,,,,,
2017-02-03,8740.9501953125,2.0,0.05057651058322485,Normal,,,,,
2017-02-06,8801.0498046875,2.0,0.07448049704766174,Normal,,,,,
2017-02-07,8768.2998046875,2.0,0.09500029181356011,Normal,,,,,
2017-02-08,8769.0498046875,2.0,0.07488696000317385,Normal,,,,,
2017-02-09,8778.400390625,2.0,0.07029507841058827,Normal,,,,,
2017-02-10,8793.5498046875,2.0,0.04873112443774588,Normal,,,,,
2017-02-13,8805.0498046875,2.0,0.09151973929194682,Normal,,,,,
2017-02-14,8792.2998046875,2.0,0.0980736644227002,Normal,,,,,
2017-02-15,8724.7001953125,2.0,0.11930921101489395,Normal,,,,,
2017-02-16,8778.0,2.0,0.09143804720846578,Normal,,,,,
2017-02-17,8821.7001953125,2.0,0.07139838834402354,Normal,,,,,
2017-02-20,8879.2001953125,2.0,0.06011812166585942,Normal,,,,,
2017-02-21,8907.849609375,2.0,0.10097668546584133,Normal,,,,,
2017-02-22,8926.900390625,2.0,0.11057386588955338,Normal,,,,,
2017-02-23,8939.5,2.0,0.07244552309182914,Normal,,,,,
2017-02-27,8896.7001953125,2.0,0.03493650491653667,Normal,,,,,
2017-02-28,8879.599609375,2.0,0.03297618959256334,Normal,,,,,
2017-03-01,8945.7998046875,2.0,0.01822943574911229,Normal,,,,,
2017-03-02,8899.75,2.0,0.11810076438477754,Normal,,,,,
2017-03-03,8897.5498046875,2.0,0.08410501646511737,Normal,,,,,
2017-03-06,8963.4501953125,2.0,0.05402423786993459,Normal,,,,,
2017-03-07,8946.900390625,2.0,0.05724238707058972,Normal,,,,,
2017-03-08,8924.2998046875,2.0,0.03804408637202619,Normal,,,,,
2017-03-09,8927.0,2.0,0.026806934575522988,Normal,,,,,
2017-03-10,8934.5498046875,2.0,0.03800377219260646,Normal,,,,,
2017-03-14,9087.0,2.0,0.1076981823208219,Normal,,,,,
2017-03-15,9084.7998046875,2.0,0.03527015413808709,Normal,,,,,
2017-03-16,9153.7001953125,2.0,0.15370303511944963,Normal,,,,,
2017-03-17,9160.0498046875,2.0,0.11454916887837757,Normal,,,,,
2017-03-20,9126.849609375,2.0,0.08035445987332267,Normal,,,,,
2017-03-21,9121.5,2.0,0.02196241658413028,Normal,,,,,
2017-03-22,9030.4501953125,2.0,0.06026071179572192,Normal,,,,,
2017-03-23,9086.2998046875,2.0,0.040780467510037825,Normal,,,,,
2017-03-24,9108.0,2.0,0.031583538033507844,Normal,,,,,
2017-03-27,9045.2001953125,2.0,0.045677348261278665,Normal,,,,,
2017-03-28,9100.7998046875,2.0,0.037306119791422655,Normal,,,,,
2017-03-29,9143.7998046875,2.0,0.019331168228726756,Normal,,,,,
2017-03-30,9173.75,2.0,0.0280664233870964,Normal,,,,,
2017-03-31,9173.75,2.0,0.014261643192176508,Normal,,,,,
2017-04-03,9237.849609375,2.0,0.08047924104551454,Normal,,,,,
2017-04-05,9265.150390625,2.0,0.039316746024985916,Normal,,,,,
2017-04-06,9261.9501953125,2.0,0.021792581187957044,Normal,,,,,
2017-04-07,9198.2998046875,2.0,0.024326276413487138,Normal,,,,,
2017-04-10,9181.4501953125,2.0,0.020294523269429387,Normal,,,,,
2017-04-11,9237.0,2.0,0.04263973539517819,Normal,,,,,
2017-04-12,9203.4501953125,2.0,0.035494996179141806,Normal,,,,,
2017-04-13,9150.7998046875,2.0,0.03579407032615402,Normal,,,,,
2017-04-17,9139.2998046875,2.0,0.034689900701008754,Normal,,,,,
2017-04-18,9105.150390625,2.0,0.03473991236642379,Normal,,,,,
2017-04-19,9103.5,2.0,0.035064772069544746,Normal,,,,,
2017-04-20,9136.400390625,2.0,0.03349439221854775,Normal,,,,,
2017-04-21,9119.400390625,2.0,0.056794655697323566,Normal,,,,,
2017-04-24,9217.9501953125,2.0,0.034672638001531,Normal,,,,,
2017-04-25,9306.599609375,2.0,0.047853568328769844,Normal,,,,,
2017-04-26,9351.849609375,2.0,0.05791383432682272,Normal,,,,,
2017-04-27,9342.150390625,2.0,0.04985141254326208,Normal,,,,,
2017-04-28,9304.0498046875,2.0,0.020191263398288136,Normal,,,,,
2017-05-02,9313.7998046875,2.0,0.009567729800994594,Normal,,,,,
2017-05-03,9311.9501953125,2.0,0.008139403499276198,Normal,,,,,
2017-05-04,9359.900390625,2.0,0.037282472214669966,Normal,,,,,
2017-05-05,9285.2998046875,2.0,0.015565239008252525,Normal,,,,,
2017-05-08,9314.0498046875,2.0,0.004145056779393649,Normal,,,,,
2017-05-09,9316.849609375,2.0,0.012114414508126312,Normal,,,,,
2017-05-10,9407.2998046875,2.0,0.009798172416681421,Normal,,,,,
2017-05-11,9422.400390625,2.0,0.008489735168106022,Normal,,,,,
2017-05-12,9400.900390625,2.0,0.011270089138838407,Normal,,,,,
2017-05-15,9445.400390625,2.0,0.009541715967309669,Normal,,,,,
2017-05-16,9512.25,2.0,0.024195045285546442,Normal,,,,,
2017-05-17,9525.75,2.0,0.03232228263474462,Normal,,,,,
2017-05-18,9429.4501953125,2.0,0.07499384129296259,Normal,,,,,
2017-05-19,9427.900390625,2.0,0.03328572876169128,Normal,,,,,
2017-05-22,9438.25,2.0,0.015517767675045589,Normal,,,,,
2017-05-23,9386.150390625,2.0,0.03510783148315077,Normal,,,,,
2017-05-24,9360.5498046875,2.0,0.034106820380215244,Normal,,,,,
2017-05-25,9509.75,2.0,0.08274863195041107,Normal,,,,,
2017-05-26,9595.099609375,2.0,0.04534062589444388,Normal,,,,,
2017-05-29,9604.900390625,2.0,0.05287077327817896,Normal,,,,,
2017-05-30,9624.5498046875,2.0,0.04796513445894707,Normal,,,,,
2017-05-31,9621.25,2.0,0.05731423258575163,Normal,,,,,
2017-06-01,9616.099609375,2.0,0.0077896930739769395,Normal,,,,,
2017-06-02,9653.5,2.0,0.006057127582952132,Normal,,,,,
2017-06-05,9675.099609375,2.0,0.00423773601703687,Normal,,,,,
2017-06-06,9637.150390625,2.0,0.004776457500878403,Normal,,,,,
2017-06-07,9663.900390625,2.0,0.006853484747174622,Normal,,,,,
2017-06-08,9647.25,2.0,0.029078326087285084,Normal,,,,,
2017-06-09,9668.25,2.0,0.004878746876042674,Normal,,,,,
2017-06-12,9616.400390625,2.0,0.011930638766088792,Normal,,,,,
2017-06-13,9606.900390625,2.0,0.0040361301305958655,Normal,,,,,
2017-06-14,9618.150390625,2.0,0.00698870377113016,Normal,,,,,
2017-06-15,9578.0498046875,2.0,0.052487816611567456,Normal,,,,,
2017-06-16,9588.0498046875,2.0,0.02578131952559777,Normal,,,,,
2017-06-19,9657.5498046875,2.0,0.009416279720187526,Normal,,,,,
2017-06-20,9653.5,2.0,0.0031354279003243746,Normal,,,,,
2017-06-21,9633.599609375,2.0,0.007659164127717559,Normal,,,,,
2017-06-22,9630.0,2.0,0.012935236111635568,Normal,,,,,
2017-06-23,9574.9501953125,2.0,0.03782889549655721,Normal,,,,,
2017-06-27,9511.400390625,2.0,0.05394938040486423,Normal,,,,,
2017-06-28,9491.25,2.0,0.042759713093022074,Normal,,,,,
2017-06-29,9504.099609375,2.0,0.03122161358966029,Normal,,,,,
2017-06-30,9520.900390625,2.0,0.02801297463118765,Normal,,,,,
2017-07-03,9615.0,2.0,0.0812500698385257,Normal,,,,,
2017-07-04,9613.2998046875,2.0,0.010583173548202493,Normal,,,,,
2017-07-05,9637.599609375,2.0,0.011928925695834066,Normal,,,,,
2017-07-06,9674.5498046875,2.0,0.016891003635685707,Normal,,,,,
2017-07-07,9665.7998046875,2.0,0.016144504366280045,Normal,,,,,
2017-07-10,9771.0498046875,2.0,0.020628873735766495,Normal,,,,,
2017-07-11,9786.0498046875,2.0,0.02963768715615118,Normal,,,,,
2017-07-12,9816.099609375,2.0,0.030282084444096902,Normal,,,,,
2017-07-13,9891.7001953125,2.0,0.05075168494148229,Normal,,,,,
2017-07-14,9886.349609375,2.0,0.08227680465945932,Normal,,,,,
2017-07-17,9915.9501953125,2.0,0.03715147758383583,Normal,,,,,
2017-07-18,9827.150390625,2.0,0.030086334557533796,Normal,,,,,
2017-07-19,9899.599609375,2.0,0.007866869976721457,Normal,,,,,
2017-07-20,9873.2998046875,2.0,0.01444397084497044,Normal,,,,,
2017-07-21,9915.25,2.0,0.011691719689386225,Normal,,,,,
2017-07-24,9966.400390625,2.0,0.018893293961105905,Normal,,,,,
2017-07-25,9964.5498046875,2.0,0.10073095380230407,Normal,,,,,
2017-07-26,10020.650390625,2.0,0.1538379396643189,Normal,,,,,
2017-07-27,10020.5498046875,2.0,0.08028472268097683,Normal,,,,,
2017-07-28,10014.5,2.0,0.06559301407085841,Normal,,,,,
2017-07-31,10077.099609375,2.0,0.09688736630670983,Normal,,,,,
2017-08-01,10114.650390625,2.0,0.10539413345356706,Normal,,,,,
2017-08-02,10081.5,2.0,0.030190092813549323,Normal,,,,,
2017-08-03,10013.650390625,2.0,0.02136856503501321,Normal,,,,,
2017-08-04,10066.400390625,2.0,0.01471782062236797,Normal,,,,,
2017-08-07,10057.400390625,2.0,0.03742813149939319,Normal,,,,,
2017-08-08,9978.5498046875,2.0,0.029515691101301807,Normal,,,,,
2017-08-09,9908.0498046875,2.0,0.01912643776273151,Normal,,,,,
2017-08-10,9820.25,2.0,0.025835160512778538,Normal,,,,,
2017-08-11,9710.7998046875,2.0,0.1311514655633281,Normal,,,,,
2017-08-14,9794.150390625,2.0,0.03858731537698167,Normal,,,,,
2017-08-16,9897.2998046875,2.0,0.03885434427049797,Normal,,,,,
2017-08-17,9904.150390625,2.0,0.02125643515367998,Normal,,,,,
2017-08-18,9837.400390625,2.0,0.022034772295467048,Normal,,,,,
2017-08-21,9754.349609375,2.0,0.06516894787379422,Normal,,,,,
2017-08-22,9765.5498046875,2.0,0.03543999272329946,Normal,,,,,
2017-08-23,9852.5,2.0,0.05815726312039225,Normal,,,,,
2017-08-24,9857.0498046875,2.0,0.03275408292730418,Normal,,,,,
2017-08-28,9912.7998046875,2.0,0.07440266511053668,Normal,,,,,
2017-08-29,9796.0498046875,2.0,0.176910017139759,Normal,,,,,
2017-08-30,9884.400390625,2.0,0.11479511969267431,Normal,,,,,
2017-08-31,9917.900390625,2.0,0.1410387043746092,Normal,,,,,
2017-09-01,9974.400390625,2.0,0.1382261838765216,Normal,,,,,
2017-09-04,9912.849609375,2.0,0.2034522369394149,Normal,,,,,
2017-09-05,9952.2001953125,2.0,0.1400470170608359,Normal,,,,,
2017-09-06,9916.2001953125,2.0,0.16306326348335726,Normal,,,,,
2017-09-07,9929.900390625,2.0,0.14591627322066325,Normal,,,,,
2017-09-08,9934.7998046875,2.0,0.12892609733144084,Normal,,,,,
2017-09-11,10006.0498046875,2.0,0.06610570503636662,Normal,,,,,
2017-09-12,10093.0498046875,2.0,0.03478425275774692,Normal,,,,,
2017-09-13,10079.2998046875,2.0,0.04213684061077702,Normal,,,,,
2017-09-14,10086.599609375,2.0,0.012742155110587903,Normal,,,,,
2017-09-15,10085.400390625,2.0,0.02332020191968951,Normal,,,,,
2017-09-18,10153.099609375,2.0,0.028702520242148196,Normal,,,,,
2017-09-19,10147.5498046875,2.0,0.025814699505255015,Normal,,,,,
2017-09-20,10141.150390625,2.0,0.017856050265593764,Normal,,,,,
2017-09-21,10121.900390625,2.0,0.054344945322172496,Normal,,,,,
2017-09-22,9964.400390625,2.0,0.08593005162248536,Normal,,,,,
2017-09-25,9872.599609375,2.0,0.10726019326605979,Normal,,,,,
2017-09-26,9871.5,2.0,0.06640900339903069,Normal,,,,,
2017-09-27,9735.75,2.0,0.1947425651293209,Normal,,,,,
2017-09-28,9768.9501953125,2.0,0.08995978865342584,Normal,,,,,
2017-09-29,9788.599609375,2.0,0.0646328104264859,Normal,,,,,
2017-10-03,9859.5,2.0,0.0797231805893384,Normal,,,,,
2017-10-04,9914.900390625,2.0,0.07114291234851257,Normal,,,,,
2017-10-05,9888.7001953125,2.0,0.06426070948829335,Normal,,,,,
2017-10-06,9979.7001953125,2.0,0.08797566734258652,Normal,,,,,
2017-10-09,9988.75,2.0,0.10008891073573675,Normal,,,,,
2017-10-10,10016.9501953125,2.0,0.07322822692013714,Normal,,,,,
2017-10-11,9984.7998046875,2.0,0.07168971927037086,Normal,,,,,
2017-10-12,10096.400390625,2.0,0.12237863366280193,Normal,,,,,
2017-10-13,10167.4501953125,2.0,0.09592828979041725,Normal,,,,,
2017-10-16,10230.849609375,2.0,0.100158241763917,Normal,,,,,
2017-10-17,10234.4501953125,2.0,0.10911470488649515,Normal,,,,,
2017-10-18,10210.849609375,2.0,0.13091623024877586,Normal,,,,,
2017-10-19,10146.5498046875,2.0,0.16419791272015177,Normal,,,,,
2017-10-23,10184.849609375,2.0,0.1579640947746656,Normal,,,,,
2017-10-24,10207.7001953125,2.0,0.05555174025591152,Normal,,,,,
2017-10-25,10295.349609375,2.0,0.01972199326923594,Normal,,,,,
2017-10-26,10343.7998046875,2.0,0.009003230075256486,Normal,,,,,
2017-10-27,10323.0498046875,2.0,0.12158754860089342,Normal,,,,,
2017-10-30,10363.650390625,2.0,0.12959231555274905,Normal,,,,,
2017-10-31,10335.2998046875,2.0,0.05525410277766305,Normal,,,,,
2017-11-01,10440.5,2.0,0.06582720936931667,Normal,,,,,
2017-11-02,10423.7998046875,2.0,0.062292738017240924,Normal,,,,,
2017-11-03,10452.5,2.0,0.041339617502605855,Normal,,,,,
2017-11-06,10451.7998046875,2.0,0.08237836544203135,Normal,,,,,
2017-11-07,10350.150390625,2.0,0.05587244490077669,Normal,,,,,
2017-11-08,10303.150390625,2.0,0.036659088830349414,Normal,,,,,
2017-11-09,10308.9501953125,2.0,0.027178288516718285,Normal,,,,,
2017-11-10,10321.75,2.0,0.046828753114096316,Normal,,,,,
2017-11-13,10224.9501953125,2.0,0.031295343119332075,Normal,,,,,
2017-11-14,10186.599609375,2.0,0.023969584222726565,Normal,,,,,
2017-11-15,10118.0498046875,2.0,0.04190941021755414,Normal,,,,,
2017-11-16,10214.75,2.0,0.03418940452118512,Normal,,,,,
2017-11-17,10283.599609375,2.0,0.054199923756453904,Normal,,,,,
2017-11-20,10298.75,2.0,0.05040481047144316,Normal,,,,,
2017-11-21,10326.900390625,2.0,0.031129166763637323,Normal,,,,,
2017-11-22,10342.2998046875,2.0,0.06065798018613006,Normal,,,,,
2017-11-23,10348.75,2.0,0.02627535417704755,Normal,,,,,
2017-11-24,10389.7001953125,2.0,0.023325872586806806,Normal,,,,,
2017-11-27,10399.5498046875,2.0,0.01357499047423958,Normal,,,,,
2017-11-28,10370.25,2.0,0.01115537756345861,Normal,,,,,
2017-11-29,10361.2998046875,2.0,0.016046810855610667,Normal,,,,,
2017-11-30,10226.5498046875,2.0,0.06844837288541095,Normal,,,,,
2017-12-01,10121.7998046875,2.0,0.10119199891277615,Normal,,,,,
2017-12-04,10127.75,2.0,0.0597141819167337,Normal,,,,,
2017-12-05,10118.25,2.0,0.04911676811780717,Normal,,,,,
2017-12-06,10044.099609375,2.0,0.06014390797992723,Normal,,,,,
2017-12-07,10166.7001953125,2.0,0.059850109306964716,Normal,,,,,
2017-12-08,10265.650390625,2.0,0.08312408818869697,Normal,,,,,
2017-12-11,10322.25,2.0,0.09029865932575044,Normal,,,,,
2017-12-12,10240.150390625,2.0,0.12695896478665128,Normal,,,,,
2017-12-13,10192.9501953125,2.0,0.10519328227793374,Normal,,,,,
2017-12-14,10252.099609375,2.0,0.08976038749892519,Normal,,,,,
2017-12-15,10333.25,2.0,0.08637112968428598,Normal,,,,,
2017-12-18,10388.75,2.0,0.1236703825992326,Normal,,,,,
2017-12-19,10463.2001953125,2.0,0.07521071106448923,Normal,,,,,
2017-12-20,10444.2001953125,2.0,0.10225293972610215,Normal,,,,,
2017-12-21,10440.2998046875,2.0,0.06164677656923935,Normal,,,,,
2017-12-22,10493.0,2.0,0.05955761828936649,Normal,,,,,
2017-12-26,10531.5,2.0,0.060184852861936006,Normal,,,,,
2017-12-27,10490.75,2.0,0.057144150765976,Normal,,,,,
2017-12-28,10477.900390625,2.0,0.05644576871700981,Normal,,,,,
2017-12-29,10530.7001953125,2.0,0.03350215575423781,Normal,,,,,
2018-01-02,10442.2001953125,2.0,0.03405782494050372,Normal,,,,,
2018-01-03,10443.2001953125,2.0,0.0315340378337399,Normal,,,,,
2018-01-04,10504.7998046875,2.0,0.01032996064480951,Normal,,,,,
2018-01-05,10558.849609375,2.0,0.02450357006403254,Normal,,,,,
2018-01-08,10623.599609375,2.0,0.016160578038172807,Normal,,,,,
2018-01-09,10637.0,2.0,0.027289353473325843,Normal,,,,,
2018-01-10,10632.2001953125,2.0,0.02078282958246612,Normal,,,,,
2018-01-11,10651.2001953125,2.0,0.015135197901300291,Normal,,,,,
2018-01-12,10681.25,2.0,0.02426198445336193,Normal,,,,,
2018-01-15,10741.5498046875,2.0,0.021527465185350588,Normal,,,,,
2018-01-16,10700.4501953125,2.0,0.027112785064424334,Normal,,,,,
2018-01-17,10788.5498046875,2.0,0.028560355119035773,Normal,,,,,
2018-01-18,10817.0,2.0,0.031792420999888306,Normal,,,,,
2018-01-19,10894.7001953125,2.0,0.046144856377508606,Normal,,,,,
2018-01-22,10966.2001953125,2.0,0.13050252994944206,Normal,,,,,
2018-01-23,11083.7001953125,2.0,0.49427783548623194,Elevated,,,,,
2018-01-24,11086.0,2.0,0.4938466302599126,Elevated,,,,,
2018-01-25,11069.650390625,2.0,0.5029674214210069,Elevated,,,,,
2018-01-29,11130.400390625,2.0,0.39627311181485925,Elevated,,,,,
2018-01-30,11049.650390625,2.0,0.3906038817893315,Elevated,,,,,
2018-01-31,11027.7001953125,2.0,0.444584503532147,Elevated,,,,,
2018-02-01,11016.900390625,2.0,0.48618350841829444,Elevated,,,,,
2018-02-02,10760.599609375,2.0,0.2991812871362992,Normal,,,,,
2018-02-05,10666.5498046875,2.0,0.3890831548247958,Elevated,,,,,
2018-02-06,10498.25,1.0,0.5787127075462424,Elevated,,,,,
2018-02-07,10476.7001953125,0.0,0.465988246196257,Elevated,,,,,
2018-02-08,10576.849609375,0.0,0.3635168966940132,Elevated,,,,,
2018-02-09,10454.9501953125,0.0,0.41072117516299295,Elevated,,,,,
2018-02-12,10539.75,0.0,0.29044004092739356,Normal,,,,,
2018-02-14,10500.900390625,0.0,0.29854414008893426,Normal,,,,,
2018-02-15,10545.5,0.0,0.26544050110430606,Normal,,,,,
2018-02-16,10452.2998046875,0.0,0.351107094681895,Elevated,,,,,
2018-02-19,10378.400390625,0.0,0.4258369019975894,Elevated,,,,,
2018-02-20,10360.400390625,0.0,0.33241652209805933,Elevated,,,,,
2018-02-21,10397.4501953125,0.0,0.29275199486015996,Normal,,,,,
2018-02-22,10382.7001953125,0.0,0.24179730888390075,Normal,,,,,
2018-02-23,10491.0498046875,0.0,0.2816622945668126,Normal,,,,,
2018-02-26,10582.599609375,0.0,0.27827114256101426,Normal,,,,,
2018-02-27,10554.2998046875,0.0,0.2888428433989887,Normal,,,,,
2018-02-28,10492.849609375,0.0,0.33366632193397366,Elevated,,,,,
2018-03-01,10458.349609375,0.0,0.3965270751712178,Elevated,,,,,
2018-03-05,10358.849609375,0.0,0.3799725126291687,Elevated,,,,,
2018-03-06,10249.25,0.0,0.3210993965628869,Elevated,,,,,
2018-03-07,10154.2001953125,0.0,0.34069244635879203,Elevated,,,,,
2018-03-08,10242.650390625,0.0,0.24551547866929416,Normal,,,,,
2018-03-09,10226.849609375,0.0,0.23435812852842258,Normal,,,,,
2018-03-12,10421.400390625,0.0,0.26740808974200647,Normal,,,,,
2018-03-13,10426.849609375,0.0,0.20897688391723787,Normal,,,,,
2018-03-14,10410.900390625,0.0,0.1790589181016652,Normal,,,,,
2018-03-15,10360.150390625,0.0,0.20987038247792128,Normal,,,,,
2018-03-16,10195.150390625,0.0,0.31419176705279833,Elevated,,,,,
2018-03-19,10094.25,0.0,0.28827797910643205,Normal,,,,,
2018-03-20,10124.349609375,0.0,0.24841553414556417,Normal,,,,,
2018-03-21,10155.25,0.0,0.199903840805714,Normal,,,,,
2018-03-22,10114.75,0.0,0.23481214809754344,Normal,,,,,
2018-03-23,9998.0498046875,0.0,0.29349335294446216,Normal,,,,,
2018-03-26,10130.650390625,0.0,0.2291142237001538,Normal,,,,,
2018-03-27,10184.150390625,0.0,0.33554628445470036,Elevated,,,,,
2018-03-28,10113.7001953125,0.0,0.34164403559081735,Elevated,,,,,
2018-04-02,10211.7998046875,0.0,0.2577552825686339,Normal,,,,,
2018-04-03,10245.0,0.0,0.2545533479064815,Normal,,,,,
2018-04-04,10128.400390625,0.0,0.39211308904833236,Elevated,,,,,
2018-04-05,10325.150390625,0.0,0.1920916112462044,Normal,,,,,
2018-04-06,10331.599609375,0.0,0.17607495696982048,Normal,,,,,
2018-04-09,10379.349609375,0.0,0.17206236480054712,Normal,,,,,
2018-04-10,10402.25,0.0,0.15292675021937358,Normal,,,,,
2018-04-11,10417.150390625,0.0,0.15445571834329194,Normal,,,,,
2018-04-12,10458.650390625,0.0,0.17479076970618976,Normal,,,,,
2018-04-13,10480.599609375,0.0,0.13873074136779528,Normal,,,,,
2018-04-16,10528.349609375,0.0,0.14693027246468396,Normal,,,,,
2018-04-17,10548.7001953125,0.0,0.15267355513605146,Normal,,,,,
2018-04-18,10526.2001953125,0.0,0.0837832643940777,Normal,,,,,
2018-04-19,10565.2998046875,0.0,0.08583678600576296,Normal,,,,,
2018-04-20,10564.0498046875,0.0,0.101456232239973,Normal,,,,,
2018-04-23,10584.7001953125,0.0,0.08406180956641153,Normal,,,,,
2018-04-24,10614.349609375,0.0,0.08695160322201277,Normal,,,,,
2018-04-25,10570.5498046875,0.0,0.0564423749343313,Normal,,,,,
2018-04-26,10617.7998046875,0.0,0.06398747226932007,Normal,,,,,
2018-04-27,10692.2998046875,0.0,0.07707156757445772,Normal,,,,,
2018-04-30,10739.349609375,2.0,0.07697569305461231,Normal,,,,,
2018-05-02,10718.0498046875,2.0,0.057333571815425956,Normal,,,,,
2018-05-03,10679.650390625,2.0,0.07462316611017053,Normal,,,,,
2018-05-04,10618.25,2.0,0.15810721258756413,Normal,,,,,
2018-05-07,10715.5,2.0,0.12751652182307704,Normal,,,,,
2018-05-08,10717.7998046875,2.0,0.10775824275279171,Normal,,,,,
2018-05-09,10741.7001953125,2.0,0.1030765058417969,Normal,,,,,
2018-05-10,10716.5498046875,2.0,0.09568147538930542,Normal,,,,,
2018-05-11,10806.5,2.0,0.07053994385166008,Normal,,,,,
2018-05-14,10806.599609375,2.0,0.03918791085615023,Normal,,,,,
2018-05-15,10801.849609375,2.0,0.1546440403343251,Normal,,,,,
2018-05-16,10741.099609375,2.0,0.07822199643009223,Normal,,,,,
2018-05-17,10682.7001953125,2.0,0.10293913374057437,Normal,,,,,
2018-05-18,10596.400390625,2.0,0.09729415891236132,Normal,,,,,
2018-05-21,10516.7001953125,2.0,0.08955745222822462,Normal,,,,,
2018-05-22,10536.7001953125,2.0,0.07428515298560982,Normal,,,,,
2018-05-23,10430.349609375,2.0,0.11368750274287918,Normal,,,,,
2018-05-24,10513.849609375,2.0,0.08710031253640707,Normal,,,,,
2018-05-25,10605.150390625,2.0,0.07013402530706457,Normal,,,,,
2018-05-28,10688.650390625,2.0,0.0818648601633027,Normal,,,,,
2018-05-29,10633.2998046875,2.0,0.08310641008288011,Normal,,,,,
2018-05-30,10614.349609375,2.0,0.10163738734387553,Normal,,,,,
2018-05-31,10736.150390625,2.0,0.0921163887085497,Normal,,,,,
2018-06-01,10696.2001953125,2.0,0.07728710303594263,Normal,,,,,
2018-06-04,10628.5,2.0,0.08331107162721577,Normal,,,,,
2018-06-05,10593.150390625,2.0,0.09775657998383057,Normal,,,,,
2018-06-06,10684.650390625,2.0,0.12450837050326187,Normal,,,,,
2018-06-07,10768.349609375,2.0,0.19648872915903703,Normal,,,,,
2018-06-08,10767.650390625,2.0,0.14659495533725547,Normal,,,,,
2018-06-11,10786.9501953125,2.0,0.15355274820556702,Normal,,,,,
2018-06-12,10842.849609375,2.0,0.10559648417874083,Normal,,,,,
2018-06-13,10856.7001953125,2.0,0.06958575940309454,Normal,,,,,
2018-06-14,10808.0498046875,2.0,0.0948784224401009,Normal,,,,,
2018-06-15,10817.7001953125,2.0,0.12707665172737276,Normal,,,,,
2018-06-18,10799.849609375,2.0,0.010032220938325578,Normal,,,,,
2018-06-19,10710.4501953125,2.0,0.07150197845887804,Normal,,,,,
2018-06-20,10772.0498046875,2.0,0.10625155954802051,Normal,,,,,
2018-06-21,10741.099609375,2.0,0.07381562396242711,Normal,,,,,
2018-06-22,10821.849609375,2.0,0.08555900307660956,Normal,,,,,
2018-06-25,10762.4501953125,2.0,0.07596264799816438,Normal,,,,,
2018-06-26,10769.150390625,2.0,0.046191393571652146,Normal,,,,,
2018-06-27,10671.400390625,2.0,0.030303055587580903,Normal,,,,,
2018-06-28,10589.099609375,2.0,0.06454665300966468,Normal,,,,,
2018-06-29,10714.2998046875,2.0,0.06181622954670681,Normal,,,,,
2018-07-02,10657.2998046875,2.0,0.028903088624906474,Normal,,,,,
2018-07-03,10699.900390625,2.0,0.030385466407596394,Normal,,,,,
2018-07-04,10769.900390625,2.0,0.03174158062841884,Normal,,,,,
2018-07-05,10749.75,2.0,0.02907223524333896,Normal,,,,,
2018-07-06,10772.650390625,2.0,0.015869613363657192,Normal,,,,,
2018-07-09,10852.900390625,2.0,0.02409711166393156,Normal,,,,,
2018-07-10,10947.25,2.0,0.0638870647918763,Normal,,,,,
2018-07-11,10948.2998046875,2.0,0.04558011811581638,Normal,,,,,
2018-07-12,11023.2001953125,2.0,0.06061949304042709,Normal,,,,,
2018-07-13,11018.900390625,2.0,0.05055311818490958,Normal,,,,,
2018-07-16,10936.849609375,2.0,0.04546169533237124,Normal,,,,,
2018-07-17,11008.0498046875,2.0,0.022859617310756898,Normal,,,,,
2018-07-18,10980.4501953125,2.0,0.03334330159664529,Normal,,,,,
2018-07-19,10957.099609375,2.0,0.02140823172092139,Normal,,,,,
2018-07-20,11010.2001953125,2.0,0.011503455607718111,Normal,,,,,
2018-07-23,11084.75,2.0,0.010460234312433208,Normal,,,,,
2018-07-24,11134.2998046875,2.0,0.018178114870429207,Normal,,,,,
2018-07-25,11132.0,2.0,0.009956955269885466,Normal,,,,,
2018-07-26,11167.2998046875,2.0,0.05011732722857871,Normal,,,,,
2018-07-27,11278.349609375,2.0,0.0839116252875368,Normal,,,,,
2018-07-30,11319.5498046875,2.0,0.12111001284745254,Normal,,,,,
2018-07-31,11356.5,2.0,0.10944425906974234,Normal,,,,,
2018-08-01,11346.2001953125,2.0,0.09863745962547546,Normal,,,,,
2018-08-02,11244.7001953125,2.0,0.048384499805478605,Normal,,,,,
2018-08-03,11360.7998046875,2.0,0.033764277254247604,Normal,,,,,
2018-08-06,11387.099609375,2.0,0.01593523488138669,Normal,,,,,
2018-08-07,11389.4501953125,2.0,0.012688962117229849,Normal,,,,,
2018-08-08,11450.0,2.0,0.011630721629284625,Normal,,,,,
2018-08-09,11470.7001953125,2.0,0.01439699324789706,Normal,,,,,
2018-08-10,11429.5,2.0,0.012806917103706366,Normal,,,,,
2018-08-13,11355.75,2.0,0.07864747785432559,Normal,,,,,
2018-08-14,11435.099609375,2.0,0.057444451960072716,Normal,,,,,
2018-08-16,11385.0498046875,2.0,0.08890579071509136,Normal,,,,,
2018-08-17,11470.75,2.0,0.03808263523703989,Normal,,,,,
2018-08-20,11551.75,2.0,0.0349563621981103,Normal,,,,,
2018-08-21,11570.900390625,2.0,0.035272828943337706,Normal,,,,,
2018-08-23,11582.75,2.0,0.02539048383873299,Normal,,,,,
2018-08-24,11557.099609375,2.0,0.04243734592517213,Normal,,,,,
2018-08-27,11691.9501953125,2.0,0.03225544511742443,Normal,,,,,
2018-08-28,11738.5,2.0,0.04107096444388885,Normal,,,,,
2018-08-29,11691.900390625,2.0,0.051301622151511767,Normal,,,,,
2018-08-30,11676.7998046875,2.0,0.04913573973236567,Normal,,,,,
2018-08-31,11680.5,2.0,0.04904907825549115,Normal,,,,,
2018-09-03,11582.349609375,2.0,0.07129538369917764,Normal,,,,,
2018-09-04,11520.2998046875,2.0,0.0687002134371311,Normal,,,,,
2018-09-05,11476.9501953125,2.0,0.06131021357487767,Normal,,,,,
2018-09-06,11536.900390625,2.0,0.07097920124332621,Normal,,,,,
2018-09-07,11589.099609375,2.0,0.2889075973205115,Normal,,,,,
2018-09-10,11438.099609375,2.0,0.08862326725949682,Normal,,,,,
2018-09-11,11287.5,2.0,0.20288818387097035,Normal,,,,,
2018-09-12,11369.900390625,0.0,0.19697138414214405,Normal,,,,,
2018-09-14,11515.2001953125,0.0,0.5141588726372219,Elevated,,,,,
2018-09-17,11377.75,0.0,0.3668679800001546,Elevated,,,,,
2018-09-18,11278.900390625,0.0,0.6378616858678143,Severe,,,,,
2018-09-19,11234.349609375,0.0,0.5977667036140769,Elevated,,,,,
2018-09-21,11143.099609375,1.0,0.7099297546425466,Severe,,,,,
2018-09-24,10967.400390625,1.0,0.7099925240298003,Severe,,,,,
2018-09-25,11067.4501953125,1.0,0.6978197968856169,Severe,,,,,
2018-09-26,11053.7998046875,0.0,0.714680902487908,Severe,,,,,
2018-09-27,10977.5498046875,0.0,0.6919292299886912,Severe,,,,,
2018-09-28,10930.4501953125,0.0,0.6187654314260328,Severe,,,,,
2018-10-01,11008.2998046875,0.0,0.6101772606324498,Severe,,,,,
2018-10-03,10858.25,0.0,0.6219770021949211,Severe,,,,,
2018-10-04,10599.25,0.0,0.7337738105250671,Severe,,,,,
2018-10-05,10316.4501953125,1.0,0.9338746084083972,Severe,,,,,
2018-10-08,10348.0498046875,1.0,0.9331790630895366,Severe,,,,,
2018-10-09,10301.0498046875,1.0,0.9418114924785091,Severe,,,,,
2018-10-10,10460.099609375,1.0,0.8246183631175537,Severe,,,,,
2018-10-11,10234.650390625,1.0,0.8427841057073736,Severe,,,,,
2018-10-12,10472.5,1.0,0.6962753895927599,Severe,,,,,
2018-10-15,10512.5,1.0,0.6743074315813854,Severe,,,,,
2018-10-16,10584.75,1.0,0.7644491789006476,Severe,,,,,
2018-10-17,10453.0498046875,1.0,0.8163924229974922,Severe,,,,,
2018-10-19,10303.5498046875,1.0,0.8952373395680004,Severe,,,,,
2018-10-22,10245.25,1.0,0.8557741520658795,Severe,,,,,
2018-10-23,10146.7998046875,1.0,0.8131717601934976,Severe,,,,,
2018-10-24,10224.75,1.0,0.5486640253768099,Elevated,,,,,
2018-10-25,10124.900390625,1.0,0.5918901353241958,Elevated,,,,,
2018-10-26,10030.0,1.0,0.6409877130499849,Severe,,,,,
2018-10-29,10250.849609375,1.0,0.4955998951860166,Elevated,,,,,
2018-10-30,10198.400390625,1.0,0.5574930966483388,Elevated,,,,,
2018-10-31,10386.599609375,1.0,0.5452817302252039,Elevated,,,,,
2018-11-01,10380.4501953125,1.0,0.5242933085584613,Elevated,,,,,
2018-11-02,10553.0,1.0,0.38504305933603805,Elevated,,,,,
2018-11-05,10524.0,1.0,0.3689790153808935,Elevated,,,,,
2018-11-06,10530.0,0.0,0.2952603535061983,Normal,,,,,
2018-11-07,10598.400390625,0.0,0.272245332545749,Normal,,,,,
2018-11-09,10585.2001953125,0.0,0.2901825167750179,Normal,,,,,
2018-11-12,10482.2001953125,0.0,0.3320236719596202,Elevated,,,,,
2018-11-13,10582.5,0.0,0.3249754300281996,Elevated,,,,,
2018-11-14,10576.2998046875,0.0,0.3191839955481586,Elevated,,,,,
2018-11-15,10616.7001953125,0.0,0.2974329008745855,Normal,,,,,
2018-11-16,10682.2001953125,0.0,0.2556411925004504,Normal,,,,,
2018-11-19,10763.400390625,0.0,0.24215238316891996,Normal,,,,,
2018-11-20,10656.2001953125,0.0,0.2651549467809977,Normal,,,,,
2018-11-21,10600.0498046875,0.0,0.26977726411242187,Normal,,,,,
2018-11-22,10526.75,0.0,0.28206536615693806,Normal,,,,,
2018-11-26,10628.599609375,0.0,0.24777704531778205,Normal,,,,,
2018-11-27,10685.599609375,0.0,0.2591298850820456,Normal,,,,,
2018-11-28,10728.849609375,0.0,0.4007956463156971,Elevated,,,,,
2018-11-29,10858.7001953125,0.0,0.1639681656692475,Normal,,,,,
2018-11-30,10876.75,0.0,0.12163233590671885,Normal,,,,,
2018-12-03,10883.75,0.0,0.11077492748054879,Normal,,,,,
2018-12-04,10869.5,0.0,0.102207437093917,Normal,,,,,
2018-12-05,10782.900390625,0.0,0.10188238337306883,Normal,,,,,
2018-12-06,10601.150390625,0.0,0.23918184742290616,Normal,,,,,
2018-12-07,10693.7001953125,0.0,0.22384680162412837,Normal,,,,,
2018-12-10,10488.4501953125,0.0,0.3202761060511262,Elevated,,,,,
2018-12-11,10549.150390625,1.0,0.3564005940451747,Elevated,,,,,
2018-12-12,10737.599609375,0.0,0.2521808090947988,Normal,,,,,
2018-12-13,10791.5498046875,0.0,0.21339648942772896,Normal,,,,,
2018-12-14,10805.4501953125,0.0,0.18973310777566255,Normal,,,,,
2018-12-17,10888.349609375,0.0,0.2363405882135392,Normal,,,,,
2018-12-18,10908.7001953125,0.0,0.2383176250901869,Normal,,,,,
2018-12-19,10967.2998046875,0.0,0.28262519566634436,Normal,,,,,
2018-12-20,10951.7001953125,0.0,0.3366488796482756,Elevated,,,,,
2018-12-21,10754.0,0.0,0.3168398472895975,Elevated,,,,,
2018-12-24,10663.5,0.0,0.4874838153103837,Elevated,,,,,
2018-12-26,10729.849609375,0.0,0.3793680088043089,Elevated,,,,,
2018-12-27,10779.7998046875,2.0,0.25754141060290003,Normal,,,,,
2018-12-28,10859.900390625,2.0,0.251076182985006,Normal,,,,,
2018-12-31,10862.5498046875,2.0,0.21986094940431827,Normal,,,,,
2019-01-02,10792.5,2.0,0.3285023619718986,Elevated,,,,,
2019-01-03,10672.25,2.0,0.4111399504592623,Elevated,,,,,
2019-01-04,10727.349609375,2.0,0.1774749957915391,Normal,,,,,
2019-01-07,10771.7998046875,2.0,0.18185613827105623,Normal,,,,,
2019-01-08,10802.150390625,2.0,0.16792755183327246,Normal,,,,,
2019-01-09,10855.150390625,2.0,0.19267359430682507,Normal,,,,,
2019-01-10,10821.599609375,2.0,0.1497609212128305,Normal,,,,,
2019-01-11,10794.9501953125,2.0,0.0914569194099819,Normal,,,,,
2019-01-14,10737.599609375,2.0,0.1111259817763914,Normal,,,,,
2019-01-15,10886.7998046875,2.0,0.13419217736989436,Normal,,,,,
2019-01-16,10890.2998046875,2.0,0.14014572180489954,Normal,,,,,
2019-01-17,10905.2001953125,2.0,0.08521292693196916,Normal,,,,,
2019-01-18,10906.9501953125,2.0,0.12490961996859201,Normal,,,,,
2019-01-21,10961.849609375,2.0,0.1266679346362133,Normal,,,,,
2019-01-22,10922.75,2.0,0.03395831158278149,Normal,,,,,
2019-01-23,10831.5,2.0,0.03669222747026291,Normal,,,,,
2019-01-24,10849.7998046875,2.0,0.02936492550212642,Normal,,,,,
2019-01-25,10780.5498046875,2.0,0.04982790479079108,Normal,,,,,
2019-01-28,10661.5498046875,2.0,0.09638793436866443,Normal,,,,,
2019-01-29,10652.2001953125,2.0,0.0492395029478601,Normal,,,,,
2019-01-30,10651.7998046875,2.0,0.055848178319566885,Normal,,,,,
2019-01-31,10830.9501953125,2.0,0.11830385680524216,Normal,,,,,
2019-02-01,10893.650390625,2.0,0.07833566070425603,Normal,,,,,
2019-02-04,10912.25,2.0,0.0753065389477986,Normal,,,,,
2019-02-05,10934.349609375,2.0,0.12426508413736398,Normal,,,,,
2019-02-06,11062.4501953125,2.0,0.0955021775384119,Normal,,,,,
2019-02-07,11069.400390625,2.0,0.08093324292779018,Normal,,,,,
2019-02-08,10943.599609375,2.0,0.2298853639474675,Normal,,,,,
2019-02-11,10888.7998046875,2.0,0.16926389985111723,Normal,,,,,
2019-02-12,10831.400390625,2.0,0.12725556932266777,Normal,,,,,
2019-02-14,10746.0498046875,2.0,0.29744593810582104,Normal,,,,,
2019-02-15,10724.400390625,2.0,0.19181759706788104,Normal,,,,,
2019-02-18,10640.9501953125,2.0,0.32794199421111214,Elevated,,,,,
2019-02-19,10604.349609375,2.0,0.269935169488956,Normal,,,,,
2019-02-20,10735.4501953125,2.0,0.1565409031507202,Normal,,,,,
2019-02-21,10789.849609375,2.0,0.13313562017512745,Normal,,,,,
2019-02-22,10791.650390625,2.0,0.1548441457109097,Normal,,,,,
2019-02-25,10880.099609375,2.0,0.19618964047267123,Normal,,,,,
2019-02-26,10835.2998046875,2.0,0.20628531220569027,Normal,,,,,
2019-02-27,10806.650390625,2.0,0.19945678058755348,Normal,,,,,
2019-02-28,10792.5,2.0,0.14737964584798544,Normal,,,,,
2019-03-01,10863.5,2.0,0.10974298076282779,Normal,,,,,
2019-03-05,10987.4501953125,2.0,0.07351646511109532,Normal,,,,,
2019-03-06,11053.0,2.0,0.10351759648616272,Normal,,,,,
2019-03-07,11058.2001953125,2.0,0.13582913609808978,Normal,,,,,
2019-03-08,11035.400390625,2.0,0.10604327123664824,Normal,,,,,
2019-03-11,11168.0498046875,2.0,0.11343638021725008,Normal,,,,,
2019-03-12,11301.2001953125,2.0,0.09873257821681226,Normal,,,,,
2019-03-13,11341.7001953125,2.0,0.10608637589980457,Normal,,,,,
2019-03-14,11343.25,2.0,0.09492383224168055,Normal,,,,,
2019-03-15,11426.849609375,2.0,0.09979884011883249,Normal,,,,,
2019-03-18,11462.2001953125,2.0,0.10870878128963087,Normal,,,,,
2019-03-19,11532.400390625,2.0,0.13589897037477044,Normal,,,,,
2019-03-20,11521.0498046875,2.0,0.14173445701375997,Normal,,,,,
2019-03-22,11456.900390625,2.0,0.07384633013743087,Normal,,,,,
2019-03-25,11354.25,2.0,0.06069669194032738,Normal,,,,,
2019-03-26,11483.25,2.0,0.036650333260782875,Normal,,,,,
2019-03-27,11445.0498046875,2.0,0.04412990556746486,Normal,,,,,
2019-03-28,11570.0,2.0,0.05331679715097772,Normal,,,,,
2019-04-01,11669.150390625,2.0,0.08831230459279606,Normal,,,,,
2019-04-02,11713.2001953125,2.0,0.12281607786439107,Normal,,,,,
2019-04-03,11643.9501953125,2.0,0.05873089523307984,Normal,,,,,
2019-04-04,11598.0,2.0,0.07171923233225057,Normal,,,,,
2019-04-05,11665.9501953125,2.0,0.038876927582799176,Normal,,,,,
2019-04-08,11604.5,2.0,0.09960531024376566,Normal,,,,,
2019-04-09,11671.9501953125,2.0,0.08011778164810308,Normal,,,,,
2019-04-10,11584.2998046875,2.0,0.09917097348192222,Normal,,,,,
2019-04-11,11596.7001953125,2.0,0.09838102101785211,Normal,,,,,
2019-04-12,11643.4501953125,2.0,0.036500413948798716,Normal,,,,,
2019-04-15,11690.349609375,2.0,0.048503923868088696,Normal,,,,,
2019-04-16,11787.150390625,2.0,0.051349944829723014,Normal,,,,,
2019-04-18,11752.7998046875,2.0,0.08319047115823769,Normal,,,,,
2019-04-22,11594.4501953125,2.0,0.22524456289705397,Normal,,,,,
2019-04-23,11575.9501953125,2.0,0.19661585266526369,Normal,,,,,
2019-04-24,11726.150390625,2.0,0.17733651431178296,Normal,,,,,
2019-04-25,11641.7998046875,2.0,0.16578353000100432,Normal,,,,,
2019-04-26,11754.650390625,2.0,0.4228567816396343,Elevated,,,,,
2019-04-30,11748.150390625,2.0,0.3993756406390117,Elevated,,,,,
2019-05-02,11724.75,2.0,0.17129589773417922,Normal,,,,,
2019-05-03,11712.25,2.0,0.10782836911692133,Normal,,,,,
2019-05-06,11598.25,2.0,0.43619648743963935,Elevated,,,,,
2019-05-07,11497.900390625,2.0,0.5300540667270562,Elevated,,,,,
2019-05-08,11359.4501953125,2.0,0.6287041909313323,Severe,,,,,
2019-05-09,11301.7998046875,0.0,0.6507163265215122,Severe,,,,,
2019-05-10,11278.900390625,0.0,0.6301753402318634,Severe,,,,,
2019-05-13,11148.2001953125,0.0,0.604162597842736,Severe,,,,,
2019-05-14,11222.0498046875,0.0,0.6070743638859087,Severe,,,,,
2019-05-15,11157.0,0.0,0.5959504827432159,Elevated,,,,,
2019-05-16,11257.099609375,0.0,0.5500245645903842,Elevated,,,,,
2019-05-17,11407.150390625,0.0,0.5425358689499017,Elevated,,,,,
2019-05-20,11828.25,0.0,0.21876699151448342,Normal,,,,,
2019-05-21,11709.099609375,0.0,0.23336883711173226,Normal,,,,,
2019-05-22,11737.900390625,0.0,0.1902127549546523,Normal,,,,,
2019-05-23,11657.0498046875,1.0,0.2884971268516064,Normal,,,,,
2019-05-24,11844.099609375,0.0,0.18818762465935848,Normal,,,,,
2019-05-27,11924.75,0.0,0.21662284563327316,Normal,,,,,
2019-05-28,11928.75,0.0,0.27279318268587377,Normal,,,,,
2019-05-29,11861.099609375,0.0,0.2586689448796393,Normal,,,,,
2019-05-30,11945.900390625,0.0,0.25492705499797885,Normal,,,,,
2019-05-31,11922.7998046875,0.0,0.36382581929553404,Elevated,,,,,
2019-06-03,12088.5498046875,0.0,0.2499021598516244,Normal,,,,,
2019-06-04,12021.650390625,0.0,0.23868175618170015,Normal,,,,,
2019-06-06,11843.75,0.0,0.31966634667380905,Elevated,,,,,
2019-06-07,11870.650390625,0.0,0.22039180601800673,Normal,,,,,
2019-06-10,11922.7001953125,0.0,0.23743811530617073,Normal,,,,,
2019-06-11,11965.599609375,0.0,0.2527527513008079,Normal,,,,,
2019-06-12,11906.2001953125,0.0,0.24771968253391624,Normal,,,,,
2019-06-13,11914.0498046875,0.0,0.2766946916984645,Normal,,,,,
2019-06-14,11823.2998046875,0.0,0.3477564369490386,Elevated,,,,,
2019-06-17,11672.150390625,0.0,0.41481851297823874,Elevated,,,,,
2019-06-18,11691.5,0.0,0.282554338902163,Normal,,,,,
2019-06-19,11691.4501953125,0.0,0.2655336626430919,Normal,,,,,
2019-06-20,11831.75,2.0,0.20135426824131694,Normal,,,,,
2019-06-21,11724.099609375,2.0,0.20743976164917236,Normal,,,,,
2019-06-24,11699.650390625,2.0,0.19663042744404982,Normal,,,,,
2019-06-25,11796.4501953125,2.0,0.1152897768764733,Normal,,,,,
2019-06-26,11847.5498046875,2.0,0.1426549927215359,Normal,,,,,
2019-06-27,11841.5498046875,2.0,0.15456766078981743,Normal,,,,,
2019-06-28,11788.849609375,2.0,0.16410747971471873,Normal,,,,,
2019-07-01,11865.599609375,2.0,0.1499898481606577,Normal,,,,,
2019-07-02,11910.2998046875,2.0,0.14559376328395426,Normal,,,,,
2019-07-03,11916.75,2.0,0.12355971724269908,Normal,,,,,
2019-07-04,11946.75,2.0,0.06755808852742114,Normal,,,,,
2019-07-05,11811.150390625,2.0,0.18252694886735146,Normal,,,,,
2019-07-08,11558.599609375,0.0,0.24432774426643766,Normal,,,,,
2019-07-09,11555.900390625,0.0,0.23867195696704818,Normal,,,,,
2019-07-10,11498.900390625,0.0,0.2508230118606605,Normal,,,,,
2019-07-11,11582.900390625,0.0,0.2548807403402542,Normal,,,,,
2019-07-12,11552.5,0.0,0.2027389098772142,Normal,,,,,
2019-07-15,11588.349609375,0.0,0.23814034714257332,Normal,,,,,
2019-07-16,11662.599609375,0.0,0.23489080345680816,Normal,,,,,
2019-07-17,11687.5,0.0,0.48736045669158495,Elevated,,,,,
2019-07-18,11596.900390625,0.0,0.43023114892096026,Elevated,,,,,
2019-07-19,11419.25,0.0,0.21541202290277323,Normal,,,,,
2019-07-22,11346.2001953125,0.0,0.18048247422370386,Normal,,,,,
2019-07-23,11331.0498046875,0.0,0.16283742958519976,Normal,,,,,
2019-07-24,11271.2998046875,0.0,0.20021015778868104,Normal,,,,,
2019-07-25,11252.150390625,0.0,0.12744749611282463,Normal,,,,,
2019-07-26,11284.2998046875,0.0,0.1026638913556969,Normal,,,,,
2019-07-29,11189.2001953125,0.0,0.17829439490375276,Normal,,,,,
2019-07-30,11085.400390625,0.0,0.1507036689615782,Normal,,,,,
2019-07-31,11118.0,0.0,0.13472559499896264,Normal,,,,,
2019-08-01,10980.0,0.0,0.2349986524401218,Normal,,,,,
2019-08-02,10997.349609375,0.0,0.14397261095136746,Normal,,,,,
2019-08-05,10862.599609375,0.0,0.14591368006976846,Normal,,,,,
2019-08-06,10948.25,1.0,0.2513654454995239,Normal,,,,,
2019-08-07,10855.5,0.0,0.17181040811417123,Normal,,,,,
2019-08-08,11032.4501953125,0.0,0.4938897938963798,Elevated,,,,,
2019-08-09,11109.650390625,0.0,0.5227619657028839,Elevated,,,,,
2019-08-13,10925.849609375,0.0,0.3199911381592198,Elevated,,,,,
2019-08-14,11029.400390625,0.0,0.30483282340813905,Elevated,,,,,
2019-08-16,11047.7998046875,0.0,0.29098391970930326,Normal,,,,,
2019-08-19,11053.900390625,0.0,0.5373681872599211,Elevated,,,,,
2019-08-20,11017.0,0.0,0.5111546068823904,Elevated,,,,,
2019-08-21,10918.7001953125,0.0,0.4606643607635947,Elevated,,,,,
2019-08-22,10741.349609375,0.0,0.2726221014953025,Normal,,,,,
2019-08-23,10829.349609375,0.0,0.298868331265624,Normal,,,,,
2019-08-26,11057.849609375,0.0,0.3340517821585694,Elevated,,,,,
2019-08-27,11105.349609375,0.0,0.3130509395847683,Elevated,,,,,
2019-08-28,11046.099609375,0.0,0.3345221709327582,Elevated,,,,,
2019-08-29,10948.2998046875,0.0,0.3730131301226336,Elevated,,,,,
2019-08-30,11023.25,0.0,0.3521885895787221,Elevated,,,,,
2019-09-03,10797.900390625,0.0,0.47155312805939326,Elevated,,,,,
2019-09-04,10844.650390625,0.0,0.5184541513162205,Elevated,,,,,
2019-09-05,10847.900390625,0.0,0.6351409067700019,Severe,,,,,
2019-09-06,10946.2001953125,0.0,0.6212351895912565,Severe,,,,,
2019-09-09,11003.0498046875,0.0,0.5631817987463333,Elevated,,,,,
2019-09-11,11035.7001953125,0.0,0.5394992219142246,Elevated,,,,,
2019-09-12,10982.7998046875,0.0,0.5913115558278178,Elevated,,,,,
2019-09-13,11075.900390625,0.0,0.48525568274694736,Elevated,,,,,
2019-09-16,11003.5,0.0,0.5796599296451665,Elevated,,,,,
2019-09-17,10817.599609375,0.0,0.6686812186061544,Severe,,,,,
2019-09-18,10840.650390625,0.0,0.6399751858637006,Severe,,,,,
2019-09-19,10704.7998046875,0.0,0.6854250317957619,Severe,,,,,
2019-09-20,11274.2001953125,1.0,0.49750259947100817,Elevated,,,,,
2019-09-23,11600.2001953125,1.0,0.30695511908229184,Elevated,,,,,
2019-09-24,11588.2001953125,0.0,0.22924930544839295,Normal,,,,,
2019-09-25,11440.2001953125,0.0,0.29328918892940753,Normal,,,,,
2019-09-26,11571.2001953125,0.0,0.21097753284139142,Normal,,,,,
2019-09-27,11512.400390625,0.0,0.26659962123608855,Normal,,,,,
2019-09-30,11474.4501953125,0.0,0.3168036132262091,Elevated,,,,,
2019-10-01,11359.900390625,0.0,0.41738820163242635,Elevated,,,,,
2019-10-03,11314.0,0.0,0.3771075469436427,Elevated,,,,,
2019-10-04,11174.75,0.0,0.4565356531878043,Elevated,,,,,
2019-10-07,11126.400390625,0.0,0.4712298942808741,Elevated,,,,,
2019-10-09,11313.2998046875,0.0,0.3483565250923808,Elevated,,,,,
2019-10-10,11234.5498046875,0.0,0.37407624243303694,Elevated,,,,,
2019-10-11,11305.0498046875,0.0,0.3591481652510321,Elevated,,,,,
2019-10-14,11341.150390625,0.0,0.3160038935781175,Elevated,,,,,
2019-10-15,11428.2998046875,0.0,0.28469785052137286,Normal,,,,,
2019-10-16,11464.0,0.0,0.30708313499901574,Elevated,,,,,
2019-10-17,11586.349609375,0.0,0.21449510667779267,Normal,,,,,
2019-10-18,11661.849609375,0.0,0.20576737889753527,Normal,,,,,
2019-10-22,11588.349609375,0.0,0.3393085487318187,Elevated,,,,,
2019-10-23,11604.099609375,2.0,0.1346632893511634,Normal,,,,,
2019-10-24,11582.599609375,2.0,0.12126173372247764,Normal,,,,,
2019-10-25,11583.900390625,2.0,0.1429550677519789,Normal,,,,,
2019-10-29,11786.849609375,2.0,0.06880949362030479,Normal,,,,,
2019-10-30,11844.099609375,2.0,0.0733341969866781,Normal,,,,,
2019-10-31,11877.4501953125,2.0,0.07000183509755961,Normal,,,,,
2019-11-01,11890.599609375,2.0,0.06685489104214706,Normal,,,,,
2019-11-04,11941.2998046875,2.0,0.05836824028477987,Normal,,,,,
2019-11-05,11917.2001953125,2.0,0.10586572947588734,Normal,,,,,
2019-11-06,11966.0498046875,2.0,0.07562580021603614,Normal,,,,,
2019-11-07,12012.0498046875,2.0,0.13847005541961457,Normal,,,,,
2019-11-08,11908.150390625,2.0,0.08292759977966596,Normal,,,,,
2019-11-11,11913.4501953125,2.0,0.08665791019884918,Normal,,,,,
2019-11-13,11840.4501953125,2.0,0.07972121035645158,Normal,,,,,
2019-11-14,11872.099609375,2.0,0.08794471354926796,Normal,,,,,
2019-11-15,11895.4501953125,2.0,0.05360289627488905,Normal,,,,,
2019-11-18,11884.5,2.0,0.03898100478053075,Normal,,,,,
2019-11-19,11940.099609375,2.0,0.07833482235204296,Normal,,,,,
2019-11-20,11999.099609375,2.0,0.04513021038537364,Normal,,,,,
2019-11-21,11968.400390625,2.0,0.04555814407317861,Normal,,,,,
2019-11-22,11914.400390625,2.0,0.033430511050562946,Normal,,,,,
2019-11-25,12073.75,2.0,0.08617482880248102,Normal,,,,,
2019-11-26,12037.7001953125,2.0,0.0728440845854571,Normal,,,,,
2019-11-27,12100.7001953125,2.0,0.04909148342384762,Normal,,,,,
2019-11-28,12151.150390625,2.0,0.05983785115603549,Normal,,,,,
2019-11-29,12056.0498046875,2.0,0.06991660666936193,Normal,,,,,
2019-12-02,12048.2001953125,2.0,0.040593656905426954,Normal,,,,,
2019-12-03,11994.2001953125,2.0,0.07414559156369153,Normal,,,,,
2019-12-04,12043.2001953125,2.0,0.12763868583742785,Normal,,,,,
2019-12-05,12018.400390625,2.0,0.1230220519827662,Normal,,,,,
2019-12-06,11921.5,2.0,0.11338974972893626,Normal,,,,,
2019-12-09,11937.5,2.0,0.0917279536612398,Normal,,,,,
2019-12-10,11856.7998046875,2.0,0.05441511741201888,Normal,,,,,
2019-12-11,11910.150390625,2.0,0.07900757320678764,Normal,,,,,
2019-12-12,11971.7998046875,2.0,0.08513883485735045,Normal,,,,,
2019-12-13,12086.7001953125,2.0,0.07455917585968592,Normal,,,,,
2019-12-16,12053.9501953125,2.0,0.05484113272653358,Normal,,,,,
2019-12-17,12165.0,2.0,0.21638547308998457,Normal,,,,,
2019-12-18,12221.650390625,2.0,0.20375129124005814,Normal,,,,,
2019-12-19,12259.7001953125,2.0,0.23378801066214472,Normal,,,,,
2019-12-20,12271.7998046875,2.0,0.06820680159504772,Normal,,,,,
2019-12-23,12262.75,2.0,0.06746647038100619,Normal,,,,,
2019-12-24,12214.5498046875,2.0,0.04236963977468491,Normal,,,,,
2019-12-26,12126.5498046875,2.0,0.08269858917147767,Normal,,,,,
2019-12-27,12245.7998046875,2.0,0.05272016513952835,Normal,,,,,
2019-12-30,12255.849609375,2.0,0.03415314292837735,Normal,,,,,
2019-12-31,12168.4501953125,2.0,0.05603323294987641,Normal,,,,,
2020-01-01,12182.5,2.0,0.012371993997982828,Normal,,,,,
2020-01-02,12282.2001953125,2.0,0.014433942114782574,Normal,,,,,
2020-01-03,12226.650390625,2.0,0.06648239124504021,Normal,,,,,
2020-01-06,11993.0498046875,2.0,0.23813096869462644,Normal,,,,,
2020-01-07,12052.9501953125,2.0,0.1915418061967598,Normal,,,,,
2020-01-08,12025.349609375,2.0,0.12374494238604024,Normal,,,,,
2020-01-09,12215.900390625,2.0,0.2009301533169431,Normal,,,,,
2020-01-10,12256.7998046875,2.0,0.17088457216315484,Normal,,,,,
2020-01-13,12329.5498046875,2.0,0.12054669942082201,Normal,,,,,
2020-01-14,12362.2998046875,2.0,0.10126015711590018,Normal,,,,,
2020-01-15,12343.2998046875,2.0,0.14846527729997674,Normal,,,,,
2020-01-16,12355.5,2.0,0.07897015859808082,Normal,,,,,
2020-01-17,12352.349609375,2.0,0.08399164093887873,Normal,,,,,
2020-01-20,12224.5498046875,2.0,0.320674442497752,Elevated,,,,,
2020-01-21,12169.849609375,2.0,0.5883213052792712,Elevated,,,,,
2020-01-22,12106.900390625,2.0,0.6742673889516511,Severe,,,,,
2020-01-23,12180.349609375,2.0,0.5495000387623064,Elevated,,,,,
2020-01-24,12248.25,2.0,0.4537910777383108,Elevated,,,,,
2020-01-27,12119.0,2.0,0.6790982025623703,Severe,,,,,
2020-01-28,12055.7998046875,2.0,0.6949702151511892,Severe,,,,,
2020-01-29,12129.5,2.0,0.6086398192192256,Severe,,,,,
2020-01-30,12035.7998046875,2.0,0.7284263636249162,Severe,,,,,
2020-01-31,11962.099609375,2.0,0.7352312656248469,Severe,,,,,
2020-02-03,11707.900390625,1.0,0.4811322414761442,Elevated,,,,,
2020-02-04,11979.650390625,0.0,0.3835607596303727,Elevated,,,,,
2020-02-05,12089.150390625,0.0,0.4100411526724122,Elevated,,,,,
2020-02-06,12137.9501953125,2.0,0.2706275054427739,Normal,,,,,
2020-02-07,12098.349609375,2.0,0.33024591924718827,Elevated,,,,,
2020-02-10,12031.5,2.0,0.4827287003845868,Elevated,,,,,
2020-02-11,12107.900390625,2.0,0.3748816405226784,Elevated,,,,,
2020-02-12,12201.2001953125,2.0,0.36436386494156936,Elevated,,,,,
2020-02-13,12174.650390625,2.0,0.6721950152009475,Severe,,,,,
2020-02-14,12113.4501953125,2.0,0.779936008841754,Severe,,,,,
2020-02-17,12045.7998046875,2.0,0.7571955156658113,Severe,,,,,
2020-02-18,11992.5,2.0,0.7545760140878186,Severe,,,,,
2020-02-19,12125.900390625,2.0,0.650901673777946,Severe,,,,,
2020-02-20,12080.849609375,2.0,0.7386126427235439,Severe,,,,,
2020-02-24,11829.400390625,1.0,0.685579704143477,Severe,,,,,
2020-02-25,11797.900390625,0.0,0.6986705622656979,Severe,,,,,
2020-02-26,11678.5,0.0,0.7881664618778589,Severe,,,,,
2020-02-27,11633.2998046875,0.0,0.7519357620015259,Severe,,,,,
2020-02-28,11201.75,1.0,0.864278550189892,Severe,,,,,
2020-03-02,11132.75,1.0,0.9180430940606922,Severe,,,,,
2020-03-03,11303.2998046875,1.0,0.8394829558874203,Severe,,,,,
2020-03-04,11251.0,1.0,0.8752532649056235,Severe,,,,,
2020-03-05,11269.0,1.0,0.8547785124836619,Severe,,,,,
2020-03-06,10989.4501953125,1.0,0.9467929059484732,Severe,,,,,
2020-03-09,10451.4501953125,1.0,0.9848353758482473,Severe,,,,,
2020-03-11,10458.400390625,1.0,0.9873053592172967,Severe,,,,,
2020-03-12,9590.150390625,1.0,0.9842304542820522,Severe,,,,,
2020-03-13,9955.2001953125,1.0,0.9918985201250169,Severe,,,,,
2020-03-16,9197.400390625,1.0,0.990370084490293,Severe,,,,,
2020-03-17,8967.0498046875,1.0,0.9916538189433881,Severe,,,,,
2020-03-18,8468.7998046875,1.0,0.990332216758259,Severe,,,,,
2020-03-19,8263.4501953125,1.0,0.9919547688001719,Severe,,,,,
2020-03-20,8745.4501953125,1.0,0.9912032403434217,Severe,,,,,
2020-03-23,7610.25,1.0,0.9935199045848596,Severe,,,,,
2020-03-24,7801.0498046875,1.0,0.9936206316080657,Severe,,,,,
2020-03-25,8317.849609375,1.0,0.9941337757425365,Severe,,,,,
2020-03-26,8641.4501953125,1.0,0.9839974270723072,Severe,,,,,
2020-03-27,8660.25,1.0,0.977520443078135,Severe,,,,,
2020-03-30,8281.099609375,1.0,0.9900902027055255,Severe,,,,,
2020-03-31,8597.75,1.0,0.9837542687462799,Severe,,,,,
2020-04-01,8253.7998046875,1.0,0.9940066562508082,Severe,,,,,
2020-04-03,8083.7998046875,1.0,0.9940090642804418,Severe,,,,,
2020-04-07,8792.2001953125,1.0,0.9742327219843888,Severe,,,,,
2020-04-08,8748.75,1.0,0.9741541962630326,Severe,,,,,
2020-04-09,9111.900390625,1.0,0.975671935336832,Severe,,,,,
2020-04-13,8993.849609375,1.0,0.9785605612560753,Severe,,,,,
2020-04-15,8925.2998046875,1.0,0.9732075290438178,Severe,,,,,
2020-04-16,8992.7998046875,1.0,0.9524382195417744,Severe,,,,,
2020-04-17,9266.75,1.0,0.957456414578285,Severe,,,,,
2020-04-20,9261.849609375,1.0,0.9439285994386692,Severe,,,,,
2020-04-21,8981.4501953125,1.0,0.9588359857225458,Severe,,,,,
2020-04-22,9187.2998046875,1.0,0.9662027034767,Severe,,,,,
2020-04-23,9313.900390625,1.0,0.956478615312355,Severe,,,,,
2020-04-24,9154.400390625,1.0,0.9653290380384136,Severe,,,,,
2020-04-27,9282.2998046875,1.0,0.9662308180263115,Severe,,,,,
2020-04-28,9380.900390625,1.0,0.9604451460575095,Severe,,,,,
2020-04-29,9553.349609375,1.0,0.9496274092136661,Severe,,,,,
2020-04-30,9859.900390625,1.0,0.9500645254232074,Severe,,,,,
2020-05-04,9293.5,1.0,0.9588711005664935,Severe,,,,,
2020-05-05,9205.599609375,1.0,0.9775017830282912,Severe,,,,,
2020-05-06,9270.900390625,1.0,0.9744207239813218,Severe,,,,,
2020-05-07,9199.0498046875,1.0,0.9717594711231468,Severe,,,,,
2020-05-08,9251.5,1.0,0.9594093843244909,Severe,,,,,
2020-05-11,9239.2001953125,1.0,0.8549053428754302,Severe,,,,,
2020-05-12,9196.5498046875,1.0,0.8761493393507124,Severe,,,,,
2020-05-13,9383.5498046875,1.0,0.8996201180625281,Severe,,,,,
2020-05-14,9142.75,1.0,0.9497730887370129,Severe,,,,,
2020-05-15,9136.849609375,1.0,0.964765922704462,Severe,,,,,
2020-05-18,8823.25,1.0,0.9767791461409152,Severe,,,,,
2020-05-19,8879.099609375,1.0,0.9742926347421982,Severe,,,,,
2020-05-20,9066.5498046875,1.0,0.965385092156143,Severe,,,,,
2020-05-21,9106.25,1.0,0.9295130603070862,Severe,,,,,
2020-05-22,9039.25,1.0,0.8935957291109362,Severe,,,,,
2020-05-26,9029.0498046875,1.0,0.9024021994401992,Severe,,,,,
2020-05-27,9314.9501953125,1.0,0.9199361148241416,Severe,,,,,
2020-05-28,9490.099609375,1.0,0.9551786270844184,Severe,,,,,
2020-05-29,9580.2998046875,1.0,0.9481745310565906,Severe,,,,,
2020-06-01,9826.150390625,1.0,0.892156324766131,Severe,,,,,
2020-06-02,9979.099609375,1.0,0.7501980634378899,Severe,,,,,
2020-06-03,10061.5498046875,1.0,0.7193925839915272,Severe,,,,,
2020-06-04,10029.099609375,1.0,0.8606428152101937,Severe,,,,,
2020-06-05,10142.150390625,1.0,0.8108634291851792,Severe,,,,,
2020-06-08,10167.4501953125,0.0,0.6694234532084962,Severe,,,,,
2020-06-09,10046.650390625,0.0,0.8007920073257363,Severe,,,,,
2020-06-10,10116.150390625,0.0,0.7369144418792686,Severe,,,,,
2020-06-11,9902.0,0.0,0.7815677496532665,Severe,,,,,
2020-06-12,9972.900390625,0.0,0.7008850423430805,Severe,,,,,
2020-06-15,9813.7001953125,0.0,0.6631556766036125,Severe,,,,,
2020-06-16,9914.0,0.0,0.4242116032150861,Elevated,,,,,
2020-06-17,9881.150390625,0.0,0.4290197041653257,Elevated,,,,,
2020-06-18,10091.650390625,0.0,0.25849360779054764,Normal,,,,,
2020-06-19,10244.400390625,0.0,0.2170425795158298,Normal,,,,,
2020-06-22,10311.2001953125,0.0,0.21049823181459523,Normal,,,,,
2020-06-23,10471.0,0.0,0.18558422711525693,Normal,,,,,
2020-06-24,10305.2998046875,0.0,0.27699121429266094,Normal,,,,,
2020-06-25,10288.900390625,0.0,0.2891830573982499,Normal,,,,,
2020-06-26,10383.0,0.0,0.2462301034332372,Normal,,,,,
2020-06-29,10312.400390625,0.0,0.28160106881558006,Normal,,,,,
2020-06-30,10302.099609375,0.0,0.3390238987629152,Elevated,,,,,
2020-07-01,10430.0498046875,0.0,0.21300515381619545,Normal,,,,,
2020-07-02,10551.7001953125,0.0,0.15734537608712323,Normal,,,,,
2020-07-03,10607.349609375,0.0,0.14324180253035984,Normal,,,,,
2020-07-06,10763.650390625,0.0,0.1268876615945885,Normal,,,,,
2020-07-07,10799.650390625,0.0,0.1839673525022557,Normal,,,,,
2020-07-08,10705.75,0.0,0.3248419856764575,Elevated,,,,,
2020-07-09,10813.4501953125,0.0,0.19001507238783916,Normal,,,,,
2020-07-10,10768.0498046875,0.0,0.2875844380560433,Normal,,,,,
2020-07-13,10802.7001953125,0.0,0.37412897559475233,Elevated,,,,,
2020-07-14,10607.349609375,0.0,0.41977786800416184,Elevated,,,,,
2020-07-15,10618.2001953125,0.0,0.3391567604460657,Elevated,,,,,
2020-07-16,10739.9501953125,2.0,0.17017073595713794,Normal,,,,,
2020-07-17,10901.7001953125,2.0,0.19977102616438025,Normal,,,,,
2020-07-20,11022.2001953125,2.0,0.21852531924893875,Normal,,,,,
2020-07-21,11162.25,2.0,0.25691759202740827,Normal,,,,,
2020-07-22,11132.599609375,2.0,0.2825673324064357,Normal,,,,,
2020-07-23,11215.4501953125,2.0,0.2956038090097399,Normal,,,,,
2020-07-24,11194.150390625,2.0,0.26521559846900816,Normal,,,,,
2020-07-27,11131.7998046875,2.0,0.23503605663011445,Normal,,,,,
2020-07-28,11300.5498046875,2.0,0.17342083988019813,Normal,,,,,
2020-07-29,11202.849609375,2.0,0.18527143115709574,Normal,,,,,
2020-07-30,11102.150390625,2.0,0.2497355645027364,Normal,,,,,
2020-07-31,11073.4501953125,2.0,0.21858846211772165,Normal,,,,,
2020-08-03,10891.599609375,2.0,0.3900986463477815,Elevated,,,,,
2020-08-04,11095.25,2.0,0.2824741260586633,Normal,,,,,
2020-08-05,11101.650390625,2.0,0.2526672281487965,Normal,,,,,
2020-08-06,11200.150390625,2.0,0.16090091299358378,Normal,,,,,
2020-08-07,11214.0498046875,2.0,0.22954917716148748,Normal,,,,,
2020-08-10,11270.150390625,2.0,0.20798439062922428,Normal,,,,,
2020-08-11,11322.5,2.0,0.2592531383719015,Normal,,,,,
2020-08-12,11308.400390625,2.0,0.23401170667851956,Normal,,,,,
2020-08-13,11300.4501953125,2.0,0.21831828674553122,Normal,,,,,
2020-08-14,11178.400390625,2.0,0.3530718187061346,Elevated,,,,,
2020-08-17,11247.099609375,2.0,0.27728976301795366,Normal,,,,,
2020-08-18,11385.349609375,2.0,0.22798362234632386,Normal,,,,,
2020-08-19,11408.400390625,2.0,0.2757641690713258,Normal,,,,,
2020-08-20,11312.2001953125,2.0,0.2926925515674229,Normal,,,,,
2020-08-21,11371.599609375,2.0,0.23457553965177808,Normal,,,,,
2020-08-24,11466.4501953125,2.0,0.17493478774013418,Normal,,,,,
2020-08-25,11472.25,2.0,0.1926005157711956,Normal,,,,,
2020-08-26,11549.599609375,2.0,0.19735378595845998,Normal,,,,,
2020-08-27,11559.25,2.0,0.21654404068389585,Normal,,,,,
2020-08-28,11647.599609375,2.0,0.2136826195865468,Normal,,,,,
2020-08-31,11387.5,1.0,0.3148158735293498,Elevated,,,,,
2020-09-01,11470.25,2.0,0.21119000180623446,Normal,,,,,
2020-09-02,11535.0,2.0,0.158632217887196,Normal,,,,,
2020-09-03,11527.4501953125,2.0,0.19446571560847845,Normal,,,,,
2020-09-04,11333.849609375,2.0,0.19099295410288072,Normal,,,,,
2020-09-07,11355.0498046875,2.0,0.16667586252060473,Normal,,,,,
2020-09-08,11317.349609375,2.0,0.15544092472361132,Normal,,,,,
2020-09-09,11278.0,2.0,0.22632496487020276,Normal,,,,,
2020-09-10,11449.25,2.0,0.47864126485436315,Elevated,,,,,
2020-09-11,11464.4501953125,2.0,0.5025735500453223,Elevated,,,,,
2020-09-14,11440.0498046875,2.0,0.5569257946801142,Elevated,,,,,
2020-09-15,11521.7998046875,2.0,0.48871865764689715,Elevated,,,,,
2020-09-16,11604.5498046875,2.0,0.45095441963519833,Elevated,,,,,
2020-09-17,11516.099609375,2.0,0.5678197871907591,Elevated,,,,,
2020-09-18,11504.9501953125,2.0,0.5589201181507106,Elevated,,,,,
2020-09-21,11250.5498046875,0.0,0.6145432341327499,Severe,,,,,
2020-09-22,11153.650390625,0.0,0.7161216536257846,Severe,,,,,
2020-09-23,11131.849609375,0.0,0.6944858856249718,Severe,,,,,
2020-09-24,10805.5498046875,0.0,0.3702636229769597,Elevated,,,,,
2020-09-25,11050.25,0.0,0.3658325860066084,Elevated,,,,,
2020-09-28,11227.5498046875,0.0,0.3331367090110561,Elevated,,,,,
2020-09-29,11222.400390625,0.0,0.4086287750852587,Elevated,,,,,
2020-09-30,11247.5498046875,0.0,0.3601079857072419,Elevated,,,,,
2020-10-01,11416.9501953125,0.0,0.24800553497973887,Normal,,,,,
2020-10-05,11503.349609375,0.0,0.23944647995905147,Normal,,,,,
2020-10-06,11662.400390625,0.0,0.1986753807446017,Normal,,,,,
2020-10-07,11738.849609375,0.0,0.21545062093151107,Normal,,,,,
2020-10-08,11834.599609375,0.0,0.14462185077334186,Normal,,,,,
2020-10-09,11914.2001953125,0.0,0.19592160030591935,Normal,,,,,
2020-10-12,11930.9501953125,0.0,0.14253661863474623,Normal,,,,,
2020-10-13,11934.5,0.0,0.2123543150977787,Normal,,,,,
2020-10-14,11971.0498046875,0.0,0.2508889050365216,Normal,,,,,
2020-10-15,11680.349609375,0.0,0.35143351658916183,Elevated,,,,,
2020-10-16,11762.4501953125,0.0,0.28096036617967574,Normal,,,,,
2020-10-19,11873.0498046875,0.0,0.2883261031935551,Normal,,,,,
2020-10-20,11896.7998046875,0.0,0.2191641972366866,Normal,,,,,
2020-10-21,11937.650390625,0.0,0.305793359161902,Elevated,,,,,
2020-10-22,11896.4501953125,0.0,0.27465618061574026,Normal,,,,,
2020-10-23,11930.349609375,2.0,0.12593031229961552,Normal,,,,,
2020-10-26,11767.75,2.0,0.18373458967327644,Normal,,,,,
2020-10-27,11889.400390625,2.0,0.07982042135949402,Normal,,,,,
2020-10-28,11729.599609375,2.0,0.21530484679282466,Normal,,,,,
2020-10-29,11670.7998046875,2.0,0.21093153622613334,Normal,,,,,
2020-10-30,11642.400390625,2.0,0.15833439490006376,Normal,,,,,
2020-11-02,11669.150390625,2.0,0.13997152779072433,Normal,,,,,
2020-11-03,11813.5,2.0,0.20879884279026664,Normal,,,,,
2020-11-04,11908.5,2.0,0.10949112646128971,Normal,,,,,
2020-11-05,12120.2998046875,2.0,0.1683872830296761,Normal,,,,,
2020-11-06,12263.5498046875,2.0,0.11111480828023018,Normal,,,,,
2020-11-09,12461.0498046875,2.0,0.16836620108217903,Normal,,,,,
2020-11-10,12631.099609375,2.0,0.1857934656127927,Normal,,,,,
2020-11-11,12749.150390625,2.0,0.20508014305429753,Normal,,,,,
2020-11-12,12690.7998046875,2.0,0.1496439645511624,Normal,,,,,
2020-11-13,12719.9501953125,2.0,0.13139581903595532,Normal,,,,,
2020-11-17,12874.2001953125,2.0,0.11674553409238735,Normal,,,,,
2020-11-18,12938.25,2.0,0.13176310345120865,Normal,,,,,
2020-11-19,12771.7001953125,2.0,0.26208104747725364,Normal,,,,,
2020-11-20,12859.0498046875,2.0,0.135647263851418,Normal,,,,,
2020-11-23,12926.4501953125,2.0,0.15490011723138608,Normal,,,,,
2020-11-24,13055.150390625,2.0,0.14801911179612703,Normal,,,,,
2020-11-25,12858.400390625,2.0,0.232610707470845,Normal,,,,,
2020-11-26,12987.0,2.0,0.11891093611055731,Normal,,,,,
2020-11-27,12968.9501953125,2.0,0.14696500386265796,Normal,,,,,
2020-12-01,13109.0498046875,2.0,0.19596455414411892,Normal,,,,,
2020-12-02,13113.75,2.0,0.21458533406988498,Normal,,,,,
2020-12-03,13133.900390625,2.0,0.26159085890998585,Normal,,,,,
2020-12-04,13258.5498046875,2.0,0.3404499420130497,Elevated,,,,,
2020-12-07,13355.75,2.0,0.4250135712358994,Elevated,,,,,
2020-12-08,13392.9501953125,2.0,0.621676885432198,Severe,,,,,
2020-12-09,13529.099609375,2.0,0.6403314812719649,Severe,,,,,
2020-12-10,13478.2998046875,2.0,0.6423987178209205,Severe,,,,,
2020-12-11,13513.849609375,2.0,0.651022823861411,Severe,,,,,
2020-12-14,13558.150390625,2.0,0.6416528081529538,Severe,,,,,
2020-12-15,13567.849609375,2.0,0.6992951435465831,Severe,,,,,
2020-12-16,13682.7001953125,2.0,0.6544018694866142,Severe,,,,,
2020-12-17,13740.7001953125,2.0,0.6094803926224525,Severe,,,,,
2020-12-18,13760.5498046875,2.0,0.5723587689746065,Elevated,,,,,
2020-12-21,13328.400390625,1.0,0.4068486300740927,Elevated,,,,,
2020-12-22,13466.2998046875,2.0,0.32529027932148025,Elevated,,,,,
2020-12-23,13601.099609375,2.0,0.3355688873256112,Elevated,,,,,
2020-12-24,13749.25,2.0,0.3359559905993419,Elevated,,,,,
2020-12-28,13873.2001953125,2.0,0.3702085440133831,Elevated,,,,,
2020-12-29,13932.599609375,2.0,0.44219917031952943,Elevated,,,,,
2020-12-30,13981.9501953125,2.0,0.44357778346673676,Elevated,,,,,
2020-12-31,13981.75,2.0,0.46941182282496624,Elevated,,,,,
2021-01-01,14018.5,2.0,0.4591405446476613,Elevated,,,,,
2021-01-04,14132.900390625,2.0,0.3817201741017551,Elevated,,,,,
2021-01-05,14199.5,2.0,0.39181252333718175,Elevated,,,,,
2021-01-06,14146.25,2.0,0.40828574234969084,Elevated,,,,,
2021-01-07,14137.349609375,2.0,0.32311651352594184,Elevated,,,,,
2021-01-08,14347.25,2.0,0.3114174440196173,Elevated,,,,,
2021-01-11,14484.75,2.0,0.41528617510032745,Elevated,,,,,
2021-01-12,14563.4501953125,2.0,0.4054625811525765,Elevated,,,,,
2021-01-13,14564.849609375,2.0,0.5627074098200411,Elevated,,,,,
2021-01-14,14595.599609375,2.0,0.565869396829435,Elevated,,,,,
2021-01-15,14433.7001953125,2.0,0.6326921567529368,Severe,,,,,
2021-01-18,14281.2998046875,2.0,0.6110299765940334,Severe,,,,,
2021-01-19,14521.150390625,2.0,0.6093800826277681,Severe,,,,,
2021-01-20,14644.7001953125,2.0,0.6048659898979488,Severe,,,,,
2021-01-21,14590.349609375,2.0,0.6267296372193031,Severe,,,,,
2021-01-22,14371.900390625,2.0,0.6082999629887245,Severe,,,,,
2021-01-25,14238.900390625,2.0,0.5595536765538079,Elevated,,,,,
2021-01-27,13967.5,0.0,0.7007775225065536,Severe,,,,,
2021-01-28,13817.5498046875,0.0,0.7800039394497135,Severe,,,,,
2021-01-29,13634.599609375,0.0,0.7404298990207161,Severe,,,,,
2021-02-01,14281.2001953125,1.0,0.4894684364928018,Elevated,,,,,
2021-02-02,14647.849609375,1.0,0.30260348732801207,Elevated,,,,,
2021-02-03,14789.9501953125,0.0,0.23722131977177527,Normal,,,,,
2021-02-04,14895.650390625,0.0,0.280979756721543,Normal,,,,,
2021-02-05,14924.25,0.0,0.2961605476894121,Normal,,,,,
2021-02-08,15115.7998046875,0.0,0.3070000069250779,Elevated,,,,,
2021-02-09,15109.2998046875,0.0,0.4170299589222816,Elevated,,,,,
2021-02-10,15106.5,0.0,0.4913548523129981,Elevated,,,,,
2021-02-11,15173.2998046875,0.0,0.45620680801116087,Elevated,,,,,
2021-02-12,15163.2998046875,0.0,0.655286947320476,Severe,,,,,
2021-02-15,15314.7001953125,0.0,0.6411466425784301,Severe,,,,,
2021-02-16,15313.4501953125,0.0,0.7108141651037261,Severe,,,,,
2021-02-17,15208.900390625,0.0,0.7058355699928813,Severe,,,,,
2021-02-18,15118.9501953125,0.0,0.7814222367052323,Severe,,,,,
2021-02-19,14981.75,0.0,0.7795964370075397,Severe,,,,,
2021-02-22,14675.7001953125,0.0,0.7279845505250195,Severe,,,,,
2021-02-23,14707.7998046875,0.0,0.7626698054785095,Severe,,,,,
2021-02-24,14982.0,0.0,0.6713741979355378,Severe,,,,,
2021-02-25,15097.349609375,0.0,0.6565548999448052,Severe,,,,,
2021-02-26,14529.150390625,1.0,0.4918588282140901,Elevated,,,,,
2021-03-01,14761.5498046875,0.0,0.3896694960782414,Elevated,,,,,
2021-03-02,14919.099609375,0.0,0.3642554581580007,Elevated,,,,,
2021-03-03,15245.599609375,0.0,0.31618019708263234,Elevated,,,,,
2021-03-04,15080.75,0.0,0.3771854931729607,Elevated,,,,,
2021-03-05,14938.099609375,0.0,0.38299922773266204,Elevated,,,,,
2021-03-08,14956.2001953125,0.0,0.4319152070957285,Elevated,,,,,
2021-03-09,15098.400390625,0.0,0.41199871733155236,Elevated,,,,,
2021-03-10,15174.7998046875,0.0,0.6369431013078554,Severe,,,,,
2021-03-12,15030.9501953125,0.0,0.5774030494824153,Elevated,,,,,
2021-03-15,14929.5,0.0,0.7641087913885484,Severe,,,,,
2021-03-16,14910.4501953125,0.0,0.7530656603214481,Severe,,,,,
2021-03-17,14721.2998046875,0.0,0.8142539513453018,Severe,,,,,
2021-03-18,14557.849609375,0.0,0.7837822969130158,Severe,,,,,
2021-03-19,14744.0,0.0,0.7251416840917894,Severe,,,,,
2021-03-22,14736.400390625,0.0,0.7353093116546312,Severe,,,,,
2021-03-23,14814.75,0.0,0.6753196957686864,Severe,,,,,
2021-03-24,14549.400390625,0.0,0.6770033061670879,Severe,,,,,
2021-03-25,14324.900390625,0.0,0.6912593070319665,Severe,,,,,
2021-03-26,14507.2998046875,0.0,0.7185748362004684,Severe,,,,,
2021-03-30,14845.099609375,0.0,0.6687791756617112,Severe,,,,,
2021-03-31,14690.7001953125,0.0,0.6912175618885237,Severe,,,,,
2021-04-01,14867.349609375,0.0,0.6550104127030815,Severe,,,,,
2021-04-05,14637.7998046875,0.0,0.676451450154304,Severe,,,,,
2021-04-06,14683.5,0.0,0.7139660353882477,Severe,,,,,
2021-04-07,14819.0498046875,0.0,0.6970387922906042,Severe,,,,,
2021-04-08,14873.7998046875,0.0,0.6962785492107034,Severe,,,,,
2021-04-09,14834.849609375,0.0,0.7373279289837933,Severe,,,,,
2021-04-12,14310.7998046875,0.0,0.5763703786936103,Elevated,,,,,
2021-04-13,14504.7998046875,0.0,0.5993231173584198,Elevated,,,,,
2021-04-15,14581.4501953125,0.0,0.6049797200936444,Severe,,,,,
2021-04-16,14617.849609375,0.0,0.5420572055653003,Elevated,,,,,
2021-04-19,14359.4501953125,0.0,0.5611158280076742,Elevated,,,,,
2021-04-20,14296.400390625,0.0,0.5933705521576088,Elevated,,,,,
2021-04-22,14406.150390625,0.0,0.5719210518027511,Elevated,,,,,
2021-04-23,14341.349609375,0.0,0.5370561447205286,Elevated,,,,,
2021-04-26,14485.0,0.0,0.5103176267012494,Elevated,,,,,
2021-04-27,14653.0498046875,0.0,0.3758525630703729,Elevated,,,,,
2021-04-28,14864.5498046875,0.0,0.24740325266404053,Normal,,,,,
2021-04-29,14894.900390625,0.0,0.27344024874029565,Normal,,,,,
2021-04-30,14631.099609375,0.0,0.3799518624782153,Elevated,,,,,
2021-05-03,14634.150390625,0.0,0.3597920609711999,Elevated,,,,,
2021-05-04,14496.5,0.0,0.42398570560215193,Elevated,,,,,
2021-05-05,14617.849609375,0.0,0.3762850218350021,Elevated,,,,,
2021-05-06,14724.7998046875,0.0,0.34296341923728035,Elevated,,,,,
2021-05-07,14823.150390625,0.0,0.31462300725888787,Elevated,,,,,
2021-05-10,14942.349609375,0.0,0.237038071791253,Normal,,,,,
2021-05-11,14850.75,0.0,0.3111457424078715,Elevated,,,,,
2021-05-12,14696.5,0.0,0.32860478421482564,Elevated,,,,,
2021-05-14,14677.7998046875,0.0,0.329031143558755,Elevated,,,,,
2021-05-17,14923.150390625,0.0,0.3363795108400896,Elevated,,,,,
2021-05-18,15108.099609375,0.0,0.2398065758229669,Normal,,,,,
2021-05-19,15030.150390625,2.0,0.2317398024660272,Normal,,,,,
2021-05-20,14906.0498046875,2.0,0.246108343416704,Normal,,,,,
2021-05-21,15175.2998046875,2.0,0.15461739183750686,Normal,,,,,
2021-05-24,15197.7001953125,2.0,0.12948337144058894,Normal,,,,,
2021-05-25,15208.4501953125,2.0,0.10254117816692697,Normal,,,,,
2021-05-26,15301.4501953125,2.0,0.10750856760055476,Normal,,,,,
2021-05-27,15337.849609375,2.0,0.12091386939443771,Normal,,,,,
2021-05-28,15435.650390625,2.0,0.09093130614949649,Normal,,,,,
2021-05-31,15582.7998046875,2.0,0.07610805217650443,Normal,,,,,
2021-06-01,15574.849609375,2.0,0.08569351683420559,Normal,,,,,
2021-06-02,15576.2001953125,2.0,0.08255275362065395,Normal,,,,,
2021-06-03,15690.349609375,2.0,0.10981867948087493,Normal,,,,,
2021-06-04,15670.25,2.0,0.10926664986664,Normal,,,,,
2021-06-07,15751.650390625,2.0,0.04913982084560302,Normal,,,,,
2021-06-08,15740.099609375,2.0,0.044011512622218314,Normal,,,,,
2021-06-09,15635.349609375,2.0,0.10535894632958191,Normal,,,,,
2021-06-10,15737.75,2.0,0.09624478688183777,Normal,,,,,
2021-06-11,15799.349609375,2.0,0.07640589775564526,Normal,,,,,
2021-06-14,15811.849609375,2.0,0.05882785480370523,Normal,,,,,
2021-06-15,15869.25,2.0,0.02356696544084942,Normal,,,,,
2021-06-16,15767.5498046875,2.0,0.026223351391106983,Normal,,,,,
2021-06-17,15691.400390625,2.0,0.1520306698684353,Normal,,,,,
2021-06-18,15683.349609375,2.0,0.1468937784356476,Normal,,,,,
2021-06-21,15746.5,2.0,0.12326123982805381,Normal,,,,,
2021-06-22,15772.75,2.0,0.12248959093205082,Normal,,,,,
2021-06-23,15686.9501953125,2.0,0.12485751780751551,Normal,,,,,
2021-06-24,15790.4501953125,2.0,0.05125503731227747,Normal,,,,,
2021-06-25,15860.349609375,2.0,0.12429290535506837,Normal,,,,,
2021-06-28,15814.7001953125,2.0,0.08995248583194099,Normal,,,,,
2021-06-29,15748.4501953125,2.0,0.12139819601252558,Normal,,,,,
2021-06-30,15721.5,2.0,0.10469339981514829,Normal,,,,,
2021-07-01,15680.0,2.0,0.08717639596752473,Normal,,,,,
2021-07-02,15722.2001953125,2.0,0.11448821147500376,Normal,,,,,
2021-07-05,15834.349609375,2.0,0.06921566786397974,Normal,,,,,
2021-07-06,15818.25,2.0,0.0860694863222479,Normal,,,,,
2021-07-07,15879.650390625,2.0,0.06284923449350979,Normal,,,,,
2021-07-08,15727.900390625,2.0,0.15975226701931602,Normal,,,,,
2021-07-09,15689.7998046875,2.0,0.13387687574867324,Normal,,,,,
2021-07-12,15692.599609375,2.0,0.10951472935251165,Normal,,,,,
2021-07-13,15812.349609375,2.0,0.047438879391284196,Normal,,,,,
2021-07-14,15853.9501953125,2.0,0.13269717538102888,Normal,,,,,
2021-07-15,15924.2001953125,2.0,0.1306207405022624,Normal,,,,,
2021-07-16,15923.400390625,2.0,0.14371963708400426,Normal,,,,,
2021-07-19,15752.400390625,2.0,0.11771715854381076,Normal,,,,,
2021-07-20,15632.099609375,2.0,0.09844076737659589,Normal,,,,,
2021-07-22,15824.0498046875,2.0,0.12357192210637544,Normal,,,,,
2021-07-23,15856.0498046875,2.0,0.05880292321630285,Normal,,,,,
2021-07-26,15824.4501953125,2.0,0.0675057050176355,Normal,,,,,
2021-07-27,15746.4501953125,2.0,0.06478870163784903,Normal,,,,,
2021-07-28,15709.400390625,2.0,0.06179927353464471,Normal,,,,,
2021-07-29,15778.4501953125,2.0,0.05720388014106473,Normal,,,,,
2021-07-30,15763.0498046875,2.0,0.07299936012429145,Normal,,,,,
2021-08-02,15885.150390625,2.0,0.049465589361832575,Normal,,,,,
2021-08-03,16130.75,2.0,0.13154296658080253,Normal,,,,,
2021-08-04,16258.7998046875,2.0,0.1176339111401395,Normal,,,,,
2021-08-05,16294.599609375,2.0,0.11171551917409057,Normal,,,,,
2021-08-06,16238.2001953125,2.0,0.15358087627170067,Normal,,,,,
2021-08-09,16258.25,2.0,0.11219031546515923,Normal,,,,,
2021-08-10,16280.099609375,2.0,0.018371371418020033,Normal,,,,,
2021-08-11,16282.25,2.0,0.0306731726033269,Normal,,,,,
2021-08-12,16364.400390625,2.0,0.05392079652350005,Normal,,,,,
2021-08-13,16529.099609375,2.0,0.09960133162941862,Normal,,,,,
2021-08-16,16563.05078125,2.0,0.059969003763794354,Normal,,,,,
2021-08-17,16614.599609375,2.0,0.03971834018531244,Normal,,,,,
2021-08-18,16568.849609375,2.0,0.06454192679938717,Normal,,,,,
2021-08-20,16450.5,2.0,0.055089059173602156,Normal,,,,,
2021-08-23,16496.44921875,2.0,0.03264421589834936,Normal,,,,,
2021-08-24,16624.599609375,2.0,0.03050881416798225,Normal,,,,,
2021-08-25,16634.650390625,2.0,0.0591316614657577,Normal,,,,,
2021-08-26,16636.900390625,2.0,0.04665469851387093,Normal,,,,,
2021-08-27,16705.19921875,2.0,0.08827169019531655,Normal,,,,,
2021-08-30,16931.05078125,2.0,0.11089679814901512,Normal,,,,,
2021-08-31,17132.19921875,2.0,0.14733852253585,Normal,,,,,
2021-09-01,17076.25,2.0,0.09130790007028676,Normal,,,,,
2021-09-02,17234.150390625,2.0,0.08007771987320714,Normal,,,,,
2021-09-03,17323.599609375,2.0,0.10648508970232236,Normal,,,,,
2021-09-06,17377.80078125,2.0,0.09005089515226711,Normal,,,,,
2021-09-07,17362.099609375,2.0,0.09748983298438413,Normal,,,,,
2021-09-08,17353.5,2.0,0.06661835255745299,Normal,,,,,
2021-09-09,17369.25,2.0,0.05768374295752524,Normal,,,,,
2021-09-13,17355.30078125,2.0,0.05370236911225236,Normal,,,,,
2021-09-14,17380.0,2.0,0.037701429354837675,Normal,,,,,
2021-09-15,17519.44921875,2.0,0.04848405897135137,Normal,,,,,
2021-09-16,17629.5,2.0,0.09941093304880601,Normal,,,,,
2021-09-17,17585.150390625,2.0,0.0554611018782753,Normal,,,,,
2021-09-20,17396.900390625,2.0,0.15005189175788028,Normal,,,,,
2021-09-21,17562.0,2.0,0.08871147379303787,Normal,,,,,
2021-09-22,17546.650390625,2.0,0.05471430086324002,Normal,,,,,
2021-09-23,17822.94921875,2.0,0.10172116226407252,Normal,,,,,
2021-09-24,17853.19921875,2.0,0.08980574373891483,Normal,,,,,
2021-09-27,17855.099609375,2.0,0.14900763490196872,Normal,,,,,
2021-09-28,17748.599609375,2.0,0.07153608650851771,Normal,,,,,
2021-09-29,17711.30078125,2.0,0.05034309163289672,Normal,,,,,
2021-09-30,17618.150390625,2.0,0.06317419564044063,Normal,,,,,
2021-10-01,17532.05078125,2.0,0.09970344889365416,Normal,,,,,
2021-10-04,17691.25,2.0,0.09319337291996188,Normal,,,,,
2021-10-05,17822.30078125,2.0,0.07827454962554034,Normal,,,,,
2021-10-06,17646.0,2.0,0.14366354996629555,Normal,,,,,
2021-10-07,17790.349609375,2.0,0.11721519432836652,Normal,,,,,
2021-10-08,17895.19921875,2.0,0.08675741782064081,Normal,,,,,
2021-10-11,17945.94921875,2.0,0.09821326363369019,Normal,,,,,
2021-10-12,17991.94921875,2.0,0.0704794813889022,Normal,,,,,
2021-10-13,18161.75,2.0,0.1828305792316617,Normal,,,,,
2021-10-14,18338.55078125,2.0,0.1840037457458773,Normal,,,,,
2021-10-18,18477.05078125,2.0,0.3609310561955976,Elevated,,,,,
2021-10-19,18418.75,2.0,0.16051942836406952,Normal,,,,,
2021-10-20,18266.599609375,2.0,0.1734179340487149,Normal,,,,,
2021-10-21,18178.099609375,2.0,0.16004301509216948,Normal,,,,,
2021-10-22,18114.900390625,2.0,0.07565844968586075,Normal,,,,,
2021-10-25,18125.400390625,2.0,0.07028561851666999,Normal,,,,,
2021-10-26,18268.400390625,2.0,0.11488652386612318,Normal,,,,,
2021-10-27,18210.94921875,2.0,0.07605888408766677,Normal,,,,,
2021-10-28,17857.25,2.0,0.27048296102380637,Normal,,,,,
2021-10-29,17671.650390625,2.0,0.3631608396498311,Elevated,,,,,
2021-11-01,17929.650390625,2.0,0.2541873183304864,Normal,,,,,
2021-11-02,17888.94921875,2.0,0.21108574491925014,Normal,,,,,
2021-11-03,17829.19921875,2.0,0.24673321867712372,Normal,,,,,
2021-11-04,17916.80078125,2.0,0.2610930637111879,Normal,,,,,
2021-11-08,18068.55078125,2.0,0.32810954075836696,Elevated,,,,,
2021-11-09,18044.25,2.0,0.24550124035680715,Normal,,,,,
2021-11-10,18017.19921875,2.0,0.31319239994042536,Elevated,,,,,
2021-11-11,17873.599609375,2.0,0.5792125726916025,Elevated,,,,,
2021-11-12,18102.75,2.0,0.5163877414820681,Elevated,,,,,
2021-11-15,18109.44921875,2.0,0.5883700782268145,Elevated,,,,,
2021-11-16,17999.19921875,2.0,0.5774689401215979,Elevated,,,,,
2021-11-17,17898.650390625,2.0,0.6336760683724254,Severe,,,,,
2021-11-18,17764.80078125,0.0,0.5907889102085703,Elevated,,,,,
2021-11-22,17416.55078125,0.0,0.7137271499398247,Severe,,,,,
2021-11-23,17503.349609375,0.0,0.711856916971244,Severe,,,,,
2021-11-24,17415.05078125,0.0,0.7177508390775388,Severe,,,,,
2021-11-25,17536.25,0.0,0.58743647964115,Elevated,,,,,
2021-11-26,17026.44921875,1.0,0.5916270102064517,Elevated,,,,,
2021-11-29,17053.94921875,0.0,0.7678895590282608,Severe,,,,,
2021-11-30,16983.19921875,0.0,0.7653673906682045,Severe,,,,,
2021-12-01,17166.900390625,0.0,0.4668594101349525,Elevated,,,,,
2021-12-02,17401.650390625,0.0,0.4660837880610062,Elevated,,,,,
2021-12-03,17196.69921875,0.0,0.4745444013183227,Elevated,,,,,
2021-12-06,16912.25,0.0,0.792160750549675,Severe,,,,,
2021-12-07,17176.69921875,0.0,0.5382480512196133,Elevated,,,,,
2021-12-08,17469.75,0.0,0.5075673618466898,Elevated,,,,,
2021-12-09,17516.849609375,0.0,0.6753897895957942,Severe,,,,,
2021-12-10,17511.30078125,0.0,0.66943594261045,Severe,,,,,
2021-12-13,17368.25,0.0,0.544983791795492,Elevated,,,,,
2021-12-14,17324.900390625,0.0,0.45855748856150863,Elevated,,,,,
2021-12-15,17221.400390625,0.0,0.41505977605808025,Elevated,,,,,
2021-12-16,17248.400390625,0.0,0.40278896083247806,Elevated,,,,,
2021-12-17,16985.19921875,0.0,0.5166275735895297,Elevated,,,,,
2021-12-20,16614.19921875,0.0,0.554359085248262,Elevated,,,,,
2021-12-21,16770.849609375,0.0,0.5837234448061644,Elevated,,,,,
2021-12-22,16955.44921875,0.0,0.4531608243066572,Elevated,,,,,
2021-12-23,17072.599609375,0.0,0.4040195723288069,Elevated,,,,,
2021-12-24,17003.75,0.0,0.4531043689249971,Elevated,,,,,
2021-12-27,17086.25,0.0,0.3184542835024514,Elevated,,,,,
2021-12-28,17233.25,0.0,0.24610940991788235,Normal,,,,,
2021-12-29,17213.599609375,0.0,0.2729464019902237,Normal,,,,,
2021-12-30,17203.94921875,0.0,0.30382951974268296,Elevated,,,,,
2021-12-31,17354.05078125,0.0,0.26106817420606754,Normal,,,,,
2022-01-03,17625.69921875,0.0,0.18883324181588726,Normal,,,,,
2022-01-04,17805.25,0.0,0.2615049525751446,Normal,,,,,
2022-01-05,17925.25,0.0,0.43524547821040366,Elevated,,,,,
2022-01-06,17745.900390625,0.0,0.328927626257806,Elevated,,,,,
2022-01-07,17812.69921875,0.0,0.2970152014630846,Normal,,,,,
2022-01-10,18003.30078125,0.0,0.3829908196821776,Elevated,,,,,
2022-01-11,18055.75,2.0,0.6240038611844887,Severe,,,,,
2022-01-12,18212.349609375,2.0,0.5922659892850534,Elevated,,,,,
2022-01-13,18257.80078125,2.0,0.5697685844914906,Elevated,,,,,
2022-01-14,18255.75,2.0,0.5369038236147299,Elevated,,,,,
2022-01-17,18308.099609375,2.0,0.4643575313222918,Elevated,,,,,
2022-01-18,18113.05078125,2.0,0.5303183821542837,Elevated,,,,,
2022-01-19,17938.400390625,2.0,0.5923778901836656,Elevated,,,,,
2022-01-20,17757.0,2.0,0.6135716845972851,Severe,,,,,
2022-01-21,17617.150390625,0.0,0.6035971920074954,Severe,,,,,
2022-01-24,17149.099609375,0.0,0.5495690490421067,Elevated,,,,,
2022-01-25,17277.94921875,0.0,0.5287627949139182,Elevated,,,,,
2022-01-27,17110.150390625,0.0,0.6213691942046284,Severe,,,,,
2022-01-28,17101.94921875,0.0,0.7123725396720828,Severe,,,,,
2022-01-31,17339.849609375,0.0,0.7265391928175806,Severe,,,,,
2022-02-01,17576.849609375,0.0,0.6475570110713451,Severe,,,,,
2022-02-02,17780.0,0.0,0.6456312416662471,Severe,,,,,
2022-02-03,17560.19921875,0.0,0.7702578113783618,Severe,,,,,
2022-02-04,17516.30078125,0.0,0.7751648100284502,Severe,,,,,
2022-02-07,17213.599609375,0.0,0.820126031766908,Severe,,,,,
2022-02-08,17266.75,0.0,0.8597293777745889,Severe,,,,,
2022-02-09,17463.80078125,0.0,0.7897643678562923,Severe,,,,,
2022-02-10,17605.849609375,0.0,0.7640208339853024,Severe,,,,,
2022-02-11,17374.75,0.0,0.8456814315125551,Severe,,,,,
2022-02-14,16842.80078125,1.0,0.8651648113998914,Severe,,,,,
2022-02-15,17352.44921875,1.0,0.7685249382895403,Severe,,,,,
2022-02-16,17322.19921875,0.0,0.7738087588725203,Severe,,,,,
2022-02-17,17304.599609375,0.0,0.7459087088279938,Severe,,,,,
2022-02-18,17276.30078125,0.0,0.740796377435597,Severe,,,,,
2022-02-21,17206.650390625,0.0,0.6265302500883386,Severe,,,,,
2022-02-22,17092.19921875,1.0,0.670684084388988,Severe,,,,,
2022-02-23,17063.25,1.0,0.6599064164836024,Severe,,,,,
2022-02-24,16247.9501953125,1.0,0.7650992767505781,Severe,,,,,
2022-02-25,16658.400390625,1.0,0.8648806821198436,Severe,,,,,
2022-02-28,16793.900390625,1.0,0.8289888125897897,Severe,,,,,
2022-03-02,16605.94921875,1.0,0.8934450612000988,Severe,,,,,
2022-03-03,16498.05078125,1.0,0.8695433035812998,Severe,,,,,
2022-03-04,16245.349609375,1.0,0.9048923235008752,Severe,,,,,
2022-03-07,15863.150390625,1.0,0.9178112268726799,Severe,,,,,
2022-03-08,16013.4501953125,1.0,0.9182175852115799,Severe,,,,,
2022-03-09,16345.349609375,1.0,0.7259037835845862,Severe,,,,,
2022-03-10,16594.900390625,1.0,0.6596609987897136,Severe,,,,,
2022-03-11,16630.44921875,1.0,0.6603879926210867,Severe,,,,,
2022-03-14,16871.30078125,1.0,0.5678194024879493,Elevated,,,,,
2022-03-15,16663.0,1.0,0.6318185714023318,Severe,,,,,
2022-03-16,16975.349609375,1.0,0.4346056734541734,Elevated,,,,,
2022-03-17,17287.05078125,1.0,0.3914258514999976,Elevated,,,,,
2022-03-21,17117.599609375,1.0,0.46907295702413093,Elevated,,,,,
2022-03-22,17315.5,1.0,0.4100113008893079,Elevated,,,,,
2022-03-23,17245.650390625,1.0,0.4491856021868029,Elevated,,,,,
2022-03-24,17222.75,1.0,0.4595939111218923,Elevated,,,,,
2022-03-25,17153.0,1.0,0.5186722883039692,Elevated,,,,,
2022-03-28,17222.0,0.0,0.4328915669918545,Elevated,,,,,
2022-03-29,17325.30078125,0.0,0.3390892853621102,Elevated,,,,,
2022-03-30,17498.25,0.0,0.3005583645564814,Elevated,,,,,
2022-03-31,17464.75,0.0,0.31771123757780373,Elevated,,,,,
2022-04-01,17670.44921875,0.0,0.3387049102125421,Elevated,,,,,
2022-04-04,18053.400390625,0.0,0.5473082759587793,Elevated,,,,,
2022-04-05,17957.400390625,0.0,0.6189612774187883,Severe,,,,,
2022-04-06,17807.650390625,0.0,0.6132277932992727,Severe,,,,,
2022-04-07,17639.55078125,0.0,0.6411804530729003,Severe,,,,,
2022-04-08,17784.349609375,0.0,0.7407040842016727,Severe,,,,,
2022-04-11,17674.94921875,0.0,0.8063062135634645,Severe,,,,,
2022-04-12,17530.30078125,0.0,0.8133220707990384,Severe,,,,,
2022-04-13,17475.650390625,0.0,0.7864260964908817,Severe,,,,,
2022-04-18,17173.650390625,0.0,0.8431935762555379,Severe,,,,,
2022-04-19,16958.650390625,0.0,0.81808271897406,Severe,,,,,
2022-04-20,17136.55078125,0.0,0.7737849353967684,Severe,,,,,
2022-04-21,17392.599609375,0.0,0.7959887481257573,Severe,,,,,
2022-04-22,17171.94921875,0.0,0.8294410250378342,Severe,,,,,
2022-04-25,16953.94921875,0.0,0.6895993282862558,Severe,,,,,
2022-04-26,17200.80078125,0.0,0.7994046937508412,Severe,,,,,
2022-04-27,17038.400390625,0.0,0.7925874003323511,Severe,,,,,
2022-04-28,17245.05078125,0.0,0.7983729065725672,Severe,,,,,
2022-04-29,17102.55078125,0.0,0.8325826886989133,Severe,,,,,
2022-05-02,17069.099609375,0.0,0.825363575352275,Severe,,,,,
2022-05-04,16677.599609375,0.0,0.8636941238555472,Severe,,,,,
2022-05-05,16682.650390625,0.0,0.8496438976416418,Severe,,,,,
2022-05-06,16411.25,0.0,0.8743044643940766,Severe,,,,,
2022-05-09,16301.849609375,0.0,0.8597870849672486,Severe,,,,,
2022-05-10,16240.0498046875,0.0,0.8458428896770142,Severe,,,,,
2022-05-11,16167.099609375,0.0,0.8346735218091774,Severe,,,,,
2022-05-12,15808.0,1.0,0.9078600315691019,Severe,,,,,
2022-05-13,15782.150390625,1.0,0.8711464426964064,Severe,,,,,
2022-05-16,15842.2998046875,1.0,0.8051796471595007,Severe,,,,,
2022-05-17,16259.2998046875,1.0,0.7370433405628117,Severe,,,,,
2022-05-18,16240.2998046875,1.0,0.7098859898972022,Severe,,,,,
2022-05-19,15809.400390625,1.0,0.7278864469593842,Severe,,,,,
2022-05-20,16266.150390625,1.0,0.5785061643574765,Elevated,,,,,
2022-05-23,16214.7001953125,1.0,0.5944869748631666,Elevated,,,,,
2022-05-24,16125.150390625,1.0,0.5805496949032097,Elevated,,,,,
2022-05-25,16025.7998046875,1.0,0.6017044943525176,Severe,,,,,
2022-05-26,16170.150390625,1.0,0.5507392301702997,Elevated,,,,,
2022-05-27,16352.4501953125,1.0,0.49530076779267196,Elevated,,,,,
2022-05-30,16661.400390625,1.0,0.6593607635491591,Severe,,,,,
2022-05-31,16584.55078125,0.0,0.6732836350014259,Severe,,,,,
2022-06-01,16522.75,0.0,0.6925117435565353,Severe,,,,,
2022-06-02,16628.0,0.0,0.5782877569111007,Elevated,,,,,
2022-06-03,16584.30078125,0.0,0.6187976208111707,Severe,,,,,
2022-06-06,16569.55078125,0.0,0.65475090451706,Severe,,,,,
2022-06-07,16416.349609375,0.0,0.6836921891639532,Severe,,,,,
2022-06-08,16356.25,0.0,0.6847106135404495,Severe,,,,,
2022-06-09,16478.099609375,0.0,0.6086863689499235,Severe,,,,,
2022-06-10,16201.7998046875,0.0,0.6342308026034981,Severe,,,,,
2022-06-13,15774.400390625,1.0,0.6009325575002894,Severe,,,,,
2022-06-14,15732.099609375,1.0,0.6313644190617819,Severe,,,,,
2022-06-15,15692.150390625,1.0,0.5858767166356461,Elevated,,,,,
2022-06-16,15360.599609375,1.0,0.6103598506033188,Severe,,,,,
2022-06-17,15293.5,1.0,0.6128204466603043,Severe,,,,,
2022-06-20,15350.150390625,1.0,0.5381525216773833,Elevated,,,,,
2022-06-21,15638.7998046875,1.0,0.5202713075614421,Elevated,,,,,
2022-06-22,15413.2998046875,1.0,0.6216584857269217,Severe,,,,,
2022-06-23,15556.650390625,1.0,0.5369452640148683,Elevated,,,,,
2022-06-24,15699.25,1.0,0.5641577248574668,Elevated,,,,,
2022-06-27,15832.0498046875,1.0,0.5225038756974204,Elevated,,,,,
2022-06-28,15850.2001953125,1.0,0.45574705921719316,Elevated,,,,,
2022-06-29,15799.099609375,1.0,0.5087435403889777,Elevated,,,,,
2022-06-30,15780.25,0.0,0.38586156367213825,Elevated,,,,,
2022-07-01,15752.0498046875,0.0,0.35752208903094934,Elevated,,,,,
2022-07-04,15835.349609375,0.0,0.32921094932623596,Elevated,,,,,
2022-07-05,15810.849609375,0.0,0.3655754928613484,Elevated,,,,,
2022-07-06,15989.7998046875,0.0,0.37853559163395006,Elevated,,,,,
2022-07-07,16132.900390625,0.0,0.3528808932639278,Elevated,,,,,
2022-07-08,16220.599609375,0.0,0.22608459521030216,Normal,,,,,
2022-07-11,16216.0,0.0,0.17023674091835259,Normal,,,,,
2022-07-12,16058.2998046875,0.0,0.21422674418971294,Normal,,,,,
2022-07-13,15966.650390625,0.0,0.28582248023791507,Normal,,,,,
2022-07-14,15938.650390625,0.0,0.24845108244752978,Normal,,,,,
2022-07-15,16049.2001953125,0.0,0.209976070702909,Normal,,,,,
2022-07-18,16278.5,0.0,0.1746384198880779,Normal,,,,,
2022-07-19,16340.5498046875,0.0,0.11943694567097958,Normal,,,,,
2022-07-20,16520.849609375,0.0,0.1398511368982216,Normal,,,,,
2022-07-21,16605.25,0.0,0.1654911047771033,Normal,,,,,
2022-07-22,16719.44921875,2.0,0.18091069719903985,Normal,,,,,
2022-07-25,16631.0,2.0,0.17305174914274116,Normal,,,,,
2022-07-26,16483.849609375,2.0,0.21698990524602446,Normal,,,,,
2022-07-27,16641.80078125,2.0,0.1464554375156387,Normal,,,,,
2022-07-28,16929.599609375,2.0,0.16609437553058462,Normal,,,,,
2022-07-29,17158.25,2.0,0.1491732294582415,Normal,,,,,
2022-08-01,17340.05078125,2.0,0.14611908253862863,Normal,,,,,
2022-08-02,17345.44921875,2.0,0.1923606012561792,Normal,,,,,
2022-08-03,17388.150390625,2.0,0.15378488785737324,Normal,,,,,
2022-08-04,17382.0,2.0,0.21802301784178432,Normal,,,,,
2022-08-05,17397.5,2.0,0.16039344847559392,Normal,,,,,
2022-08-08,17525.099609375,2.0,0.1793700650173758,Normal,,,,,
2022-08-10,17534.75,2.0,0.2146920996702571,Normal,,,,,
2022-08-11,17659.0,2.0,0.2544354519007117,Normal,,,,,
2022-08-12,17698.150390625,2.0,0.3563732277739586,Elevated,,,,,
2022-08-16,17825.25,2.0,0.34430484147213747,Elevated,,,,,
2022-08-17,17944.25,2.0,0.4581450592239684,Elevated,,,,,
2022-08-18,17956.5,2.0,0.4928661465254786,Elevated,,,,,
2022-08-19,17758.44921875,2.0,0.5026952121977503,Elevated,,,,,
2022-08-22,17490.69921875,2.0,0.22391942959484093,Normal,,,,,
2022-08-23,17577.5,2.0,0.14339622631528032,Normal,,,,,
2022-08-24,17604.94921875,2.0,0.14846615289350024,Normal,,,,,
2022-08-25,17522.44921875,2.0,0.16433058297557687,Normal,,,,,
2022-08-26,17558.900390625,2.0,0.10696624184047453,Normal,,,,,
2022-08-29,17312.900390625,2.0,0.21114846421601974,Normal,,,,,
2022-08-30,17759.30078125,2.0,0.16987073455046137,Normal,,,,,
2022-09-01,17542.80078125,2.0,0.2034358366531837,Normal,,,,,
2022-09-02,17539.44921875,2.0,0.1478405082573533,Normal,,,,,
2022-09-05,17665.80078125,2.0,0.17629271360800775,Normal,,,,,
2022-09-06,17655.599609375,2.0,0.15369381196815382,Normal,,,,,
2022-09-07,17624.400390625,2.0,0.2588829609762378,Normal,,,,,
2022-09-08,17798.75,2.0,0.24191490302585522,Normal,,,,,
2022-09-09,17833.349609375,2.0,0.2732379199652381,Normal,,,,,
2022-09-12,17936.349609375,2.0,0.43278658529207775,Elevated,,,,,
2022-09-13,18070.05078125,2.0,0.5015207102026906,Elevated,,,,,
2022-09-14,18003.75,2.0,0.5494549454440049,Elevated,,,,,
2022-09-15,17877.400390625,2.0,0.6088959534450108,Severe,,,,,
2022-09-16,17530.849609375,0.0,0.4942658975798772,Elevated,,,,,
2022-09-19,17622.25,0.0,0.4608717635745964,Elevated,,,,,
2022-09-20,17816.25,0.0,0.5909550307565983,Elevated,,,,,
2022-09-21,17718.349609375,0.0,0.634227417809339,Severe,,,,,
2022-09-22,17629.80078125,0.0,0.5998544634102914,Elevated,,,,,
2022-09-23,17327.349609375,0.0,0.6817081924083652,Severe,,,,,
2022-09-26,17016.30078125,0.0,0.5945432941346421,Elevated,,,,,
2022-09-27,17007.400390625,0.0,0.7207395945245381,Severe,,,,,
2022-09-28,16858.599609375,0.0,0.5501590874937051,Elevated,,,,,
2022-09-29,16818.099609375,0.0,0.641617933827884,Severe,,,,,
2022-09-30,17094.349609375,0.0,0.3702785302375624,Elevated,,,,,
2022-10-03,16887.349609375,0.0,0.4240713925012786,Elevated,,,,,
2022-10-04,17274.30078125,0.0,0.37601654070010804,Elevated,,,,,
2022-10-06,17331.80078125,0.0,0.38130400555157,Elevated,,,,,
2022-10-07,17314.650390625,0.0,0.444591384592837,Elevated,,,,,
2022-10-10,17241.0,0.0,0.5384099405138274,Elevated,,,,,
2022-10-11,16983.55078125,0.0,0.4878610096552486,Elevated,,,,,
2022-10-12,17123.599609375,0.0,0.41454180657427725,Elevated,,,,,
2022-10-13,17014.349609375,0.0,0.4673540543678115,Elevated,,,,,
2022-10-14,17185.69921875,0.0,0.3803075844318513,Elevated,,,,,
2022-10-17,17311.80078125,0.0,0.38938555106659223,Elevated,,,,,
2022-10-18,17486.94921875,0.0,0.285719533395471,Normal,,,,,
2022-10-19,17512.25,0.0,0.31913111419785184,Elevated,,,,,
2022-10-20,17563.94921875,0.0,0.34686394069469045,Elevated,,,,,
2022-10-21,17576.30078125,0.0,0.36815765859381727,Elevated,,,,,
2022-10-24,17730.75,0.0,0.3770951554107975,Elevated,,,,,
2022-10-25,17656.349609375,2.0,0.1546351526103983,Normal,,,,,
2022-10-27,17736.94921875,2.0,0.1668735549301183,Normal,,,,,
2022-10-28,17786.80078125,2.0,0.16772066386626847,Normal,,,,,
2022-10-31,18012.19921875,2.0,0.09771525695659967,Normal,,,,,
2022-11-01,18145.400390625,2.0,0.12468048835981271,Normal,,,,,
2022-11-02,18082.849609375,2.0,0.11294989201438055,Normal,,,,,
2022-11-03,18052.69921875,2.0,0.09016137411788659,Normal,,,,,
2022-11-04,18117.150390625,2.0,0.14599994397961719,Normal,,,,,
2022-11-07,18202.80078125,2.0,0.06244166290150433,Normal,,,,,
2022-11-09,18157.0,2.0,0.14005470522067875,Normal,,,,,
2022-11-10,18028.19921875,2.0,0.11896325146373472,Normal,,,,,
2022-11-11,18349.69921875,2.0,0.10955858366411542,Normal,,,,,
2022-11-14,18329.150390625,2.0,0.124573565823174,Normal,,,,,
2022-11-15,18403.400390625,2.0,0.11364427280523053,Normal,,,,,
2022-11-16,18409.650390625,2.0,0.09186345549835798,Normal,,,,,
2022-11-17,18343.900390625,2.0,0.08845345468442858,Normal,,,,,
2022-11-18,18307.650390625,2.0,0.07780055489021807,Normal,,,,,
2022-11-21,18159.94921875,2.0,0.10838201651883132,Normal,,,,,
2022-11-22,18244.19921875,2.0,0.08609090960784531,Normal,,,,,
2022-11-23,18267.25,2.0,0.04691440350153633,Normal,,,,,
2022-11-24,18484.099609375,2.0,0.05630515014980298,Normal,,,,,
2022-11-25,18512.75,2.0,0.06694093916280107,Normal,,,,,
2022-11-28,18562.75,2.0,0.10286006007807832,Normal,,,,,
2022-11-29,18618.05078125,2.0,0.0527291050492222,Normal,,,,,
2022-11-30,18758.349609375,2.0,0.09104491677778347,Normal,,,,,
2022-12-01,18812.5,2.0,0.11346447048315228,Normal,,,,,
2022-12-02,18696.099609375,2.0,0.06078103950176641,Normal,,,,,
2022-12-05,18701.05078125,2.0,0.11440016315310218,Normal,,,,,
2022-12-06,18642.75,2.0,0.05022808914998223,Normal,,,,,
2022-12-07,18560.5,2.0,0.07268257663751564,Normal,,,,,
2022-12-08,18609.349609375,2.0,0.0651375160032286,Normal,,,,,
2022-12-09,18496.599609375,2.0,0.0598221073002628,Normal,,,,,
2022-12-12,18497.150390625,2.0,0.07002967609163148,Normal,,,,,
2022-12-13,18608.0,2.0,0.0951050750584851,Normal,,,,,
2022-12-14,18660.30078125,2.0,0.10344921045442473,Normal,,,,,
2022-12-15,18414.900390625,2.0,0.09808954735362108,Normal,,,,,
2022-12-16,18269.0,2.0,0.06228484383424531,Normal,,,,,
2022-12-19,18420.44921875,2.0,0.04843259160455854,Normal,,,,,
2022-12-20,18385.30078125,2.0,0.03328994703142701,Normal,,,,,
2022-12-21,18199.099609375,2.0,0.10920140245917401,Normal,,,,,
2022-12-22,18127.349609375,2.0,0.13776822242237208,Normal,,,,,
2022-12-23,17806.80078125,0.0,0.308847208048907,Elevated,,,,,
2022-12-26,18014.599609375,0.0,0.3488257216589845,Elevated,,,,,
2022-12-27,18132.30078125,0.0,0.25881323626180136,Normal,,,,,
2022-12-28,18122.5,0.0,0.3170786789783411,Elevated,,,,,
2022-12-29,18191.0,0.0,0.2817349389860891,Normal,,,,,
2022-12-30,18105.30078125,0.0,0.24111595441012681,Normal,,,,,
2023-01-02,18197.44921875,0.0,0.2495145274429553,Normal,,,,,
2023-01-03,18232.55078125,0.0,0.2378759546258536,Normal,,,,,
2023-01-04,18042.94921875,0.0,0.368445032639211,Elevated,,,,,
2023-01-05,17992.150390625,0.0,0.36940577513310624,Elevated,,,,,
2023-01-06,17859.44921875,0.0,0.4313226788058039,Elevated,,,,,
2023-01-09,18101.19921875,0.0,0.3274874434509738,Elevated,,,,,
2023-01-10,17914.150390625,0.0,0.4261493497881017,Elevated,,,,,
2023-01-11,17895.69921875,0.0,0.40429456262012214,Elevated,,,,,
2023-01-12,17858.19921875,0.0,0.3638284847973563,Elevated,,,,,
2023-01-13,17956.599609375,0.0,0.31539379518215793,Elevated,,,,,
2023-01-16,17894.849609375,0.0,0.34217838704860637,Elevated,,,,,
2023-01-17,18053.30078125,0.0,0.35798159465743984,Elevated,,,,,
2023-01-18,18165.349609375,0.0,0.33085876204026177,Elevated,,,,,
2023-01-19,18107.849609375,0.0,0.28239856795294854,Normal,,,,,
2023-01-20,18027.650390625,0.0,0.14218570971685496,Normal,,,,,
2023-01-23,18118.55078125,0.0,0.10915148890119715,Normal,,,,,
2023-01-24,18118.30078125,0.0,0.13893693915845046,Normal,,,,,
2023-01-25,17891.94921875,0.0,0.23719141543725952,Normal,,,,,
2023-01-27,17604.349609375,0.0,0.33162542808574685,Elevated,,,,,
2023-01-30,17648.94921875,0.0,0.3133511619089768,Elevated,,,,,
2023-01-31,17662.150390625,0.0,0.2536210026555267,Normal,,,,,
2023-02-01,17616.30078125,0.0,0.26298459232057586,Normal,,,,,
2023-02-02,17610.400390625,0.0,0.14609320324906452,Normal,,,,,
2023-02-03,17854.05078125,0.0,0.2674256741514561,Normal,,,,,
2023-02-06,17764.599609375,0.0,0.20779906158539846,Normal,,,,,
2023-02-07,17721.5,0.0,0.12688481873566276,Normal,,,,,
2023-02-08,17871.69921875,0.0,0.06850230985656455,Normal,,,,,
2023-02-09,17893.44921875,0.0,0.07890928533469796,Normal,,,,,
2023-02-10,17856.5,0.0,0.10304572468853732,Normal,,,,,
2023-02-13,17770.900390625,0.0,0.16319644526548072,Normal,,,,,
2023-02-14,17929.849609375,0.0,0.14544606822069137,Normal,,,,,
2023-02-15,18015.849609375,0.0,0.13580044271572683,Normal,,,,,
2023-02-16,18035.849609375,0.0,0.08471873196275065,Normal,,,,,
2023-02-17,17944.19921875,0.0,0.08447729988961541,Normal,,,,,
2023-02-20,17844.599609375,0.0,0.1553219690278097,Normal,,,,,
2023-02-21,17826.69921875,0.0,0.09978551553511048,Normal,,,,,
2023-02-22,17554.30078125,0.0,0.2812218792836644,Normal,,,,,
2023-02-23,17511.25,0.0,0.15881930418760468,Normal,,,,,
2023-02-24,17465.80078125,0.0,0.08091473985450723,Normal,,,,,
2023-02-27,17392.69921875,0.0,0.09431297464418538,Normal,,,,,
2023-02-28,17303.94921875,0.0,0.07691882429251119,Normal,,,,,
2023-03-01,17450.900390625,0.0,0.04437293988051658,Normal,,,,,
2023-03-02,17321.900390625,0.0,0.07712363647143732,Normal,,,,,
2023-03-03,17594.349609375,0.0,0.07979845539467974,Normal,,,,,
2023-03-06,17711.44921875,0.0,0.08743612284750514,Normal,,,,,
2023-03-08,17754.400390625,0.0,0.1230738852461399,Normal,,,,,
2023-03-09,17589.599609375,0.0,0.1467791032701063,Normal,,,,,
2023-03-10,17412.900390625,0.0,0.23122495705535104,Normal,,,,,
2023-03-13,17154.30078125,0.0,0.2821257068233839,Normal,,,,,
2023-03-14,17043.30078125,0.0,0.29600778484793955,Normal,,,,,
2023-03-15,16972.150390625,0.0,0.23146553866255654,Normal,,,,,
2023-03-16,16985.599609375,0.0,0.18675429062281151,Normal,,,,,
2023-03-17,17100.05078125,0.0,0.1357036712590711,Normal,,,,,
2023-03-20,16988.400390625,0.0,0.14573492328998125,Normal,,,,,
2023-03-21,17107.5,0.0,0.17600856990095873,Normal,,,,,
2023-03-22,17151.900390625,0.0,0.1361479225033458,Normal,,,,,
2023-03-23,17076.900390625,0.0,0.10526536737933019,Normal,,,,,
2023-03-24,16945.05078125,0.0,0.21611924083835501,Normal,,,,,
2023-03-27,16985.69921875,0.0,0.13848022029580334,Normal,,,,,
2023-03-28,16951.69921875,0.0,0.11706673427322949,Normal,,,,,
2023-03-29,17080.69921875,0.0,0.1326594839588081,Normal,,,,,
2023-03-31,17359.75,0.0,0.19570742294908702,Normal,,,,,
2023-04-03,17398.05078125,0.0,0.226458225264023,Normal,,,,,
2023-04-05,17557.05078125,0.0,0.23981203436508397,Normal,,,,,
2023-04-06,17599.150390625,2.0,0.22493422024132365,Normal,,,,,
2023-04-10,17624.05078125,2.0,0.23865817511359527,Normal,,,,,
2023-04-11,17722.30078125,2.0,0.21629566784476173,Normal,,,,,
2023-04-12,17812.400390625,2.0,0.1837761703410025,Normal,,,,,
2023-04-13,17828.0,2.0,0.09362644187542428,Normal,,,,,
2023-04-17,17706.849609375,2.0,0.10262591685573534,Normal,,,,,
2023-04-18,17660.150390625,2.0,0.061083668443374935,Normal,,,,,
2023-04-19,17618.75,2.0,0.06083509215812449,Normal,,,,,
2023-04-20,17624.44921875,2.0,0.06268380790247635,Normal,,,,,
2023-04-21,17624.05078125,2.0,0.07906693011049684,Normal,,,,,
2023-04-24,17743.400390625,2.0,0.06559951201411433,Normal,,,,,
2023-04-25,17769.25,2.0,0.055500366326331284,Normal,,,,,
2023-04-26,17813.599609375,2.0,0.04960292428257563,Normal,,,,,
2023-04-27,17915.05078125,2.0,0.07853632686416424,Normal,,,,,
2023-04-28,18065.0,2.0,0.09845125386341913,Normal,,,,,
2023-05-02,18147.650390625,2.0,0.13396052986426388,Normal,,,,,
2023-05-03,18089.849609375,2.0,0.08045743221177705,Normal,,,,,
2023-05-04,18255.80078125,2.0,0.11590406679711096,Normal,,,,,
2023-05-05,18069.0,2.0,0.12078479567214845,Normal,,,,,
2023-05-08,18264.400390625,2.0,0.03361612629873827,Normal,,,,,
2023-05-09,18265.94921875,2.0,0.0456900975601526,Normal,,,,,
2023-05-10,18315.099609375,2.0,0.029423683719689193,Normal,,,,,
2023-05-11,18297.0,2.0,0.05084858698869766,Normal,,,,,
2023-05-12,18314.80078125,2.0,0.029937045549117344,Normal,,,,,
2023-05-15,18398.849609375,2.0,0.028469097287098268,Normal,,,,,
2023-05-16,18286.5,2.0,0.09807634723428833,Normal,,,,,
2023-05-17,18181.75,2.0,0.07800919719197552,Normal,,,,,
2023-05-18,18129.94921875,2.0,0.09155754757694452,Normal,,,,,
2023-05-19,18203.400390625,2.0,0.07463012882125716,Normal,,,,,
2023-05-22,18314.400390625,2.0,0.04019966372127733,Normal,,,,,
2023-05-23,18348.0,2.0,0.04340345703780412,Normal,,,,,
2023-05-24,18285.400390625,2.0,0.043588443721986725,Normal,,,,,
2023-05-25,18321.150390625,2.0,0.03197786606461635,Normal,,,,,
2023-05-26,18499.349609375,2.0,0.020279595059355105,Normal,,,,,
2023-05-29,18598.650390625,2.0,0.017035433255242986,Normal,,,,,
2023-05-30,18633.849609375,2.0,0.02134527281549195,Normal,,,,,
2023-05-31,18534.400390625,2.0,0.015464615203806016,Normal,,,,,
2023-06-01,18487.75,2.0,0.04980485136746459,Normal,,,,,
2023-06-02,18534.099609375,2.0,0.052910173869736135,Normal,,,,,
2023-06-05,18593.849609375,2.0,0.024187820425092533,Normal,,,,,
2023-06-06,18599.0,2.0,0.03041243862769226,Normal,,,,,
2023-06-07,18726.400390625,2.0,0.03391663813724383,Normal,,,,,
2023-06-08,18634.55078125,2.0,0.06409991474827752,Normal,,,,,
2023-06-09,18563.400390625,2.0,0.03755118922454587,Normal,,,,,
2023-06-12,18601.5,2.0,0.026229530192097634,Normal,,,,,
2023-06-13,18716.150390625,2.0,0.02615307324281476,Normal,,,,,
2023-06-14,18755.900390625,2.0,0.017470982040615264,Normal,,,,,
2023-06-15,18688.099609375,2.0,0.033732350298830586,Normal,,,,,
2023-06-16,18826.0,2.0,0.01309611322101639,Normal,,,,,
2023-06-19,18755.44921875,2.0,0.04241687754656752,Normal,,,,,
2023-06-20,18816.69921875,2.0,0.02228738139999764,Normal,,,,,
2023-06-21,18856.849609375,2.0,0.011733649365247694,Normal,,,,,
2023-06-22,18771.25,2.0,0.054779132953188675,Normal,,,,,
2023-06-23,18665.5,2.0,0.06521802493838616,Normal,,,,,
2023-06-26,18691.19921875,2.0,0.03629630329636366,Normal,,,,,
2023-06-27,18817.400390625,2.0,0.05160130731627203,Normal,,,,,
2023-06-28,18972.099609375,2.0,0.04046316629735213,Normal,,,,,
2023-06-30,19189.05078125,2.0,0.038561405487288855,Normal,,,,,
2023-07-03,19322.55078125,2.0,0.1018018474055091,Normal,,,,,
2023-07-04,19389.0,2.0,0.057791515145643915,Normal,,,,,
2023-07-05,19398.5,2.0,0.05723913730985599,Normal,,,,,
2023-07-06,19497.30078125,2.0,0.05269918076462439,Normal,,,,,
2023-07-07,19331.80078125,2.0,0.03710314073646229,Normal,,,,,
2023-07-10,19355.900390625,2.0,0.0034934910814493703,Normal,,,,,
2023-07-11,19439.400390625,2.0,0.010067506644466557,Normal,,,,,
2023-07-12,19384.30078125,2.0,0.009266882676515426,Normal,,,,,
2023-07-13,19413.75,2.0,0.011045843359893637,Normal,,,,,
2023-07-14,19564.5,2.0,0.009115155415993732,Normal,,,,,
2023-07-17,19711.44921875,2.0,0.10864729291046704,Normal,,,,,
2023-07-18,19749.25,2.0,0.11712673972989875,Normal,,,,,
2023-07-19,19833.150390625,2.0,0.1624372264639394,Normal,,,,,
2023-07-20,19979.150390625,2.0,0.20248535582071253,Normal,,,,,
2023-07-21,19745.0,2.0,0.11241482002640059,Normal,,,,,
2023-07-24,19672.349609375,2.0,0.06737022263032355,Normal,,,,,
2023-07-25,19680.599609375,2.0,0.13693644222515938,Normal,,,,,
2023-07-26,19778.30078125,2.0,0.10401805586346408,Normal,,,,,
2023-07-27,19659.900390625,2.0,0.07376087874458771,Normal,,,,,
2023-07-28,19646.05078125,2.0,0.04920318225629366,Normal,,,,,
2023-07-31,19753.80078125,2.0,0.05707233294651239,Normal,,,,,
2023-08-01,19733.55078125,2.0,0.042214815950675735,Normal,,,,,
2023-08-02,19526.55078125,2.0,0.05119894616835447,Normal,,,,,
2023-08-03,19381.650390625,2.0,0.03805008099807145,Normal,,,,,
2023-08-04,19517.0,2.0,0.03650290769577038,Normal,,,,,
2023-08-07,19597.30078125,2.0,0.040909099811069695,Normal,,,,,
2023-08-08,19570.849609375,2.0,0.03069738561944246,Normal,,,,,
2023-08-09,19632.55078125,2.0,0.036150248462042206,Normal,,,,,
2023-08-10,19543.099609375,2.0,0.01844072907155626,Normal,,,,,
2023-08-11,19428.30078125,2.0,0.022715841724683137,Normal,,,,,
2023-08-14,19434.55078125,2.0,0.021955908889813407,Normal,,,,,
2023-08-16,19465.0,2.0,0.013357946601190768,Normal,,,,,
2023-08-17,19365.25,2.0,0.022165645593772983,Normal,,,,,
2023-08-18,19310.150390625,2.0,0.033871642130574454,Normal,,,,,
2023-08-21,19393.599609375,2.0,0.011646033430090042,Normal,,,,,
2023-08-22,19396.44921875,2.0,0.006221602202023524,Normal,,,,,
2023-08-23,19444.0,2.0,0.012077937960708105,Normal,,,,,
2023-08-24,19386.69921875,2.0,0.019999353156894092,Normal,,,,,
2023-08-25,19265.80078125,2.0,0.025009274789631414,Normal,,,,,
2023-08-28,19306.05078125,2.0,0.018449331284861325,Normal,,,,,
2023-08-29,19342.650390625,2.0,0.03421735139946955,Normal,,,,,
2023-08-30,19347.44921875,2.0,0.036927959406124256,Normal,,,,,
2023-08-31,19253.80078125,2.0,0.03031436215075978,Normal,,,,,
2023-09-01,19435.30078125,2.0,0.02676344961796619,Normal,,,,,
2023-09-04,19528.80078125,2.0,0.01873892494871722,Normal,,,,,
2023-09-05,19574.900390625,2.0,0.016978503801311055,Normal,,,,,
2023-09-06,19611.05078125,2.0,0.015138376578216673,Normal,,,,,
2023-09-07,19727.05078125,2.0,0.06168815900315771,Normal,,,,,
2023-09-08,19819.94921875,2.0,0.032054280479942764,Normal,,,,,
2023-09-11,19996.349609375,2.0,0.08573975479262635,Normal,,,,,
2023-09-12,19993.19921875,2.0,0.03174382134571321,Normal,,,,,
2023-09-13,20070.0,2.0,0.03805652885395216,Normal,,,,,
2023-09-14,20103.099609375,2.0,0.027758645513007142,Normal,,,,,
2023-09-15,20192.349609375,2.0,0.03256203898970212,Normal,,,,,
2023-09-18,20133.30078125,2.0,0.031188445316642777,Normal,,,,,
2023-09-20,19901.400390625,2.0,0.038179300220100285,Normal,,,,,
2023-09-21,19742.349609375,2.0,0.04800961509665884,Normal,,,,,
2023-09-22,19674.25,2.0,0.03236446331192846,Normal,,,,,
2023-09-25,19674.55078125,2.0,0.03249411985225868,Normal,,,,,
2023-09-26,19664.69921875,2.0,0.019662206938346295,Normal,,,,,
2023-09-27,19716.44921875,2.0,0.02920992615569267,Normal,,,,,
2023-09-28,19523.55078125,2.0,0.0668015677416206,Normal,,,,,
2023-09-29,19638.30078125,2.0,0.04550404141973664,Normal,,,,,
2023-10-03,19528.75,2.0,0.03888068463087551,Normal,,,,,
2023-10-04,19436.099609375,2.0,0.033005120724522434,Normal,,,,,
2023-10-05,19545.75,2.0,0.03616662735204559,Normal,,,,,
2023-10-06,19653.5,2.0,0.021114385844739857,Normal,,,,,
2023-10-09,19512.349609375,2.0,0.05561135714554157,Normal,,,,,
2023-10-10,19689.849609375,2.0,0.01648150811025738,Normal,,,,,
2023-10-11,19811.349609375,2.0,0.026857188566641307,Normal,,,,,
2023-10-12,19794.0,2.0,0.014725793667060108,Normal,,,,,
2023-10-13,19751.05078125,2.0,0.02702824745990448,Normal,,,,,
2023-10-16,19731.75,2.0,0.020375092236257483,Normal,,,,,
2023-10-17,19811.5,2.0,0.017037786050572455,Normal,,,,,
2023-10-18,19671.099609375,2.0,0.03920233451313053,Normal,,,,,
2023-10-19,19624.69921875,2.0,0.023010097516564475,Normal,,,,,
2023-10-20,19542.650390625,2.0,0.03415247750895156,Normal,,,,,
2023-10-23,19281.75,0.0,0.08731105139086565,Normal,,,,,
2023-10-25,19122.150390625,0.0,0.10265229712238406,Normal,,,,,
2023-10-26,18857.25,0.0,0.1486304427328636,Normal,,,,,
2023-10-27,19047.25,0.0,0.16454406320408602,Normal,,,,,
2023-10-30,19140.900390625,0.0,0.12060764209677745,Normal,,,,,
2023-10-31,19079.599609375,0.0,0.06012925375978723,Normal,,,,,
2023-11-01,18989.150390625,0.0,0.06236906274077902,Normal,,,,,
2023-11-02,19133.25,1.0,0.1198346809295414,Normal,,,,,
2023-11-03,19230.599609375,1.0,0.09426063495461316,Normal,,,,,
2023-11-06,19411.75,0.0,0.1542716665975627,Normal,,,,,
2023-11-07,19406.69921875,0.0,0.09007800480267743,Normal,,,,,
2023-11-08,19443.5,0.0,0.074282509854457,Normal,,,,,
2023-11-09,19395.30078125,0.0,0.052981198476545005,Normal,,,,,
2023-11-10,19425.349609375,0.0,0.07374718737761905,Normal,,,,,
2023-11-13,19443.55078125,0.0,0.0598525236603886,Normal,,,,,
2023-11-15,19675.44921875,0.0,0.20945106189691945,Normal,,,,,
2023-11-16,19765.19921875,2.0,0.14324401471630377,Normal,,,,,
2023-11-17,19731.80078125,2.0,0.16950342841856156,Normal,,,,,
2023-11-20,19694.0,2.0,0.13167307500055006,Normal,,,,,
2023-11-21,19783.400390625,2.0,0.18961093532087847,Normal,,,,,
2023-11-22,19811.849609375,2.0,0.10323997450525084,Normal,,,,,
2023-11-23,19802.0,2.0,0.06825366859735904,Normal,,,,,
2023-11-24,19794.69921875,2.0,0.15966673305702797,Normal,,,,,
2023-11-28,19889.69921875,2.0,0.16518086193003484,Normal,,,,,
2023-11-29,20096.599609375,2.0,0.2022148623623887,Normal,,,,,
2023-11-30,20133.150390625,2.0,0.22168065212091734,Normal,,,,,
2023-12-01,20267.900390625,2.0,0.30222967768286985,Elevated,,,,,
2023-12-04,20686.80078125,2.0,0.2323854231537073,Normal,,,,,
2023-12-05,20855.099609375,2.0,0.19514991040614732,Normal,,,,,
2023-12-06,20937.69921875,2.0,0.20709259702463192,Normal,,,,,
2023-12-07,20901.150390625,2.0,0.2429581850789058,Normal,,,,,
2023-12-08,20969.400390625,2.0,0.19643750538728202,Normal,,,,,
2023-12-11,20997.099609375,2.0,0.14847028555643352,Normal,,,,,
2023-12-12,20906.400390625,2.0,0.1125676149547295,Normal,,,,,
2023-12-13,20926.349609375,2.0,0.13167199121020898,Normal,,,,,
2023-12-14,21182.69921875,2.0,0.1637271092234878,Normal,,,,,
2023-12-15,21456.650390625,2.0,0.21517604137309607,Normal,,,,,
2023-12-18,21418.650390625,2.0,0.2295829572505395,Normal,,,,,
2023-12-19,21453.099609375,2.0,0.2124905254378567,Normal,,,,,
2023-12-20,21150.150390625,2.0,0.17788518622814864,Normal,,,,,
2023-12-21,21255.05078125,2.0,0.14070065194682554,Normal,,,,,
2023-12-22,21349.400390625,2.0,0.17310909854172846,Normal,,,,,
2023-12-26,21441.349609375,2.0,0.17238149444234616,Normal,,,,,
2023-12-27,21654.75,2.0,0.1726543358144451,Normal,,,,,
2023-12-28,21778.69921875,2.0,0.19693547860143487,Normal,,,,,
2023-12-29,21731.400390625,2.0,0.19722488462804294,Normal,,,,,
2024-01-01,21741.900390625,2.0,0.1801517279197979,Normal,,,,,
2024-01-02,21665.80078125,2.0,0.1221495963271872,Normal,,,,,
2024-01-03,21517.349609375,2.0,0.16723005593045548,Normal,,,,,
2024-01-04,21658.599609375,2.0,0.16267750501095096,Normal,,,,,
2024-01-05,21710.80078125,2.0,0.17202412842354978,Normal,,,,,
2024-01-08,21513.0,2.0,0.2225263979529367,Normal,,,,,
2024-01-09,21544.849609375,2.0,0.18736122693632065,Normal,,,,,
2024-01-10,21618.69921875,2.0,0.1929967216061032,Normal,,,,,
2024-01-11,21647.19921875,2.0,0.38291636677002955,Elevated,,,,,
2024-01-12,21894.55078125,2.0,0.43251176161715965,Elevated,,,,,
2024-01-15,22097.44921875,2.0,0.47959526162172716,Elevated,,,,,
2024-01-16,22032.30078125,2.0,0.5068293678352531,Elevated,,,,,
2024-01-17,21571.94921875,2.0,0.20209187771477224,Normal,,,,,
2024-01-18,21462.25,2.0,0.1896805044483913,Normal,,,,,
2024-01-19,21622.400390625,2.0,0.17304654439062817,Normal,,,,,
2024-01-23,21238.80078125,0.0,0.30551046742310267,Elevated,,,,,
2024-01-24,21453.94921875,0.0,0.26894741595007426,Normal,,,,,
2024-01-25,21352.599609375,0.0,0.2306800775317366,Normal,,,,,
2024-01-29,21737.599609375,1.0,0.2682437136320869,Normal,,,,,
2024-01-30,21522.099609375,2.0,0.24285174001221918,Normal,,,,,
2024-01-31,21725.69921875,2.0,0.18520080875914122,Normal,,,,,
2024-02-01,21697.44921875,2.0,0.2150361276178805,Normal,,,,,
2024-02-02,21853.80078125,2.0,0.17822075684099667,Normal,,,,,
2024-02-05,21771.69921875,2.0,0.20129701724707355,Normal,,,,,
2024-02-06,21929.400390625,2.0,0.180905709252468,Normal,,,,,
2024-02-07,21930.5,2.0,0.1373446566412232,Normal,,,,,
2024-02-08,21717.94921875,2.0,0.23150817278992872,Normal,,,,,
2024-02-09,21782.5,2.0,0.1584068203228575,Normal,,,,,
2024-02-12,21616.05078125,2.0,0.23201349665380494,Normal,,,,,
2024-02-13,21743.25,2.0,0.19857557694437575,Normal,,,,,
2024-02-14,21840.05078125,2.0,0.17703049763949824,Normal,,,,,
2024-02-15,21910.75,2.0,0.15238580023300088,Normal,,,,,
2024-02-16,22040.69921875,2.0,0.1165882686959122,Normal,,,,,
2024-02-19,22122.25,2.0,0.11552748664976305,Normal,,,,,
2024-02-20,22196.94921875,2.0,0.15743962173105686,Normal,,,,,
2024-02-21,22055.05078125,2.0,0.12897829438000505,Normal,,,,,
2024-02-22,22217.44921875,2.0,0.12050273436152624,Normal,,,,,
2024-02-23,22212.69921875,2.0,0.1552281736315801,Normal,,,,,
2024-02-26,22122.05078125,2.0,0.08423825195586648,Normal,,,,,
2024-02-27,22198.349609375,2.0,0.06662647838740841,Normal,,,,,
2024-02-28,21951.150390625,2.0,0.0896897051001968,Normal,,,,,
2024-02-29,21982.80078125,2.0,0.06728553806712706,Normal,,,,,
2024-03-01,22338.75,2.0,0.15591081936625045,Normal,,,,,
2024-03-04,22405.599609375,2.0,0.12192961141112992,Normal,,,,,
2024-03-05,22356.30078125,2.0,0.12917574636829007,Normal,,,,,
2024-03-06,22474.05078125,2.0,0.17706516661693045,Normal,,,,,
2024-03-07,22493.55078125,2.0,0.11898555435079664,Normal,,,,,
2024-03-11,22332.650390625,2.0,0.07729836113170503,Normal,,,,,
2024-03-12,22335.69921875,2.0,0.08130686352209551,Normal,,,,,
2024-03-13,21997.69921875,2.0,0.11984800847237714,Normal,,,,,
2024-03-14,22146.650390625,2.0,0.12098070856615113,Normal,,,,,
2024-03-15,22023.349609375,2.0,0.15634904389646098,Normal,,,,,
2024-03-18,22055.69921875,2.0,0.13874819438680633,Normal,,,,,
2024-03-19,21817.44921875,2.0,0.17203717413650124,Normal,,,,,
2024-03-20,21839.099609375,2.0,0.10835686661947619,Normal,,,,,
2024-03-21,22011.94921875,2.0,0.11385122279008725,Normal,,,,,
2024-03-22,22096.75,2.0,0.09594920217291529,Normal,,,,,
2024-03-26,22004.69921875,2.0,0.1865149977674346,Normal,,,,,
2024-03-27,22123.650390625,2.0,0.16762745324949413,Normal,,,,,
2024-03-28,22326.900390625,2.0,0.18463498180687868,Normal,,,,,
2024-04-01,22462.0,2.0,0.21355941556557023,Normal,,,,,
2024-04-02,22453.30078125,2.0,0.17406826514885368,Normal,,,,,
2024-04-03,22434.650390625,2.0,0.1581145312953068,Normal,,,,,
2024-04-04,22514.650390625,2.0,0.11909452939360278,Normal,,,,,
2024-04-05,22513.69921875,2.0,0.09368599981011867,Normal,,,,,
2024-04-08,22666.30078125,2.0,0.09160567621344372,Normal,,,,,
2024-04-09,22642.75,2.0,0.06501474636751453,Normal,,,,,
2024-04-10,22753.80078125,2.0,0.06957745667634738,Normal,,,,,
2024-04-12,22519.400390625,2.0,0.16964037368711704,Normal,,,,,
2024-04-15,22272.5,2.0,0.08059794671672185,Normal,,,,,
2024-04-16,22147.900390625,2.0,0.08735243546775973,Normal,,,,,
2024-04-18,21995.849609375,2.0,0.11845879856699197,Normal,,,,,
2024-04-19,22147.0,2.0,0.09446145468771316,Normal,,,,,
2024-04-22,22336.400390625,2.0,0.11586901584249927,Normal,,,,,
2024-04-23,22368.0,2.0,0.12205603872528377,Normal,,,,,
2024-04-24,22402.400390625,2.0,0.08633573171686955,Normal,,,,,
2024-04-25,22570.349609375,2.0,0.16066802217013518,Normal,,,,,
2024-04-26,22419.94921875,2.0,0.07444039471046196,Normal,,,,,
2024-04-29,22643.400390625,2.0,0.15530540708553556,Normal,,,,,
2024-04-30,22604.849609375,2.0,0.17498510044213275,Normal,,,,,
2024-05-02,22648.19921875,2.0,0.023009108110804023,Normal,,,,,
2024-05-03,22475.849609375,2.0,0.07159253583763175,Normal,,,,,
2024-05-06,22442.69921875,2.0,0.1457484917252056,Normal,,,,,
2024-05-07,22302.5,2.0,0.1460691661867603,Normal,,,,,
2024-05-08,22302.5,2.0,0.08386755510042637,Normal,,,,,
2024-05-09,21957.5,2.0,0.30476604987982403,Elevated,,,,,
2024-05-10,22055.19921875,2.0,0.2544428464883327,Normal,,,,,
2024-05-13,22104.05078125,2.0,0.24110917043775243,Normal,,,,,
2024-05-14,22217.849609375,2.0,0.14837769340080162,Normal,,,,,
2024-05-15,22200.55078125,2.0,0.1134182370817829,Normal,,,,,
2024-05-16,22403.849609375,2.0,0.2816379983455669,Normal,,,,,
2024-05-17,22466.099609375,2.0,0.476119192444569,Elevated,,,,,
2024-05-21,22529.05078125,2.0,0.5379495065441824,Elevated,,,,,
2024-05-22,22597.80078125,2.0,0.42131970197975754,Elevated,,,,,
2024-05-23,22967.650390625,2.0,0.4876600924477668,Elevated,,,,,
2024-05-24,22957.099609375,2.0,0.5259268524806321,Elevated,,,,,
2024-05-27,22932.44921875,2.0,0.5528402384111167,Elevated,,,,,
2024-05-28,22888.150390625,2.0,0.4835625044007878,Elevated,,,,,
2024-05-29,22704.69921875,2.0,0.3955984073941008,Elevated,,,,,
2024-05-30,22488.650390625,2.0,0.5711645407493618,Elevated,,,,,
2024-05-31,22530.69921875,2.0,0.4814455912365892,Elevated,,,,,
2024-06-03,23263.900390625,1.0,0.4741917402399456,Elevated,,,,,
2024-06-04,21884.5,1.0,0.44824613087381193,Elevated,,,,,
2024-06-05,22620.349609375,1.0,0.37863271237487284,Elevated,,,,,
2024-06-06,22821.400390625,1.0,0.3076735168196087,Elevated,,,,,
2024-06-07,23290.150390625,1.0,0.21696599216867443,Normal,,,,,
2024-06-10,23259.19921875,0.0,0.27993375189732556,Normal,,,,,
2024-06-11,23264.849609375,0.0,0.1847678333722382,Normal,,,,,
2024-06-12,23322.94921875,0.0,0.16338818982985048,Normal,,,,,
2024-06-13,23398.900390625,0.0,0.14391317158942626,Normal,,,,,
2024-06-14,23465.599609375,0.0,0.21669795074508202,Normal,,,,,
2024-06-18,23557.900390625,0.0,0.14400603736757925,Normal,,,,,
2024-06-19,23516.0,0.0,0.17777654571886653,Normal,,,,,
2024-06-20,23567.0,0.0,0.16240761408262247,Normal,,,,,
2024-06-21,23501.099609375,0.0,0.26677933006411736,Normal,,,,,
2024-06-24,23537.849609375,0.0,0.2521581730451504,Normal,,,,,
2024-06-25,23721.30078125,0.0,0.21751568678824365,Normal,,,,,
2024-06-26,23868.80078125,0.0,0.1428549887987047,Normal,,,,,
2024-06-27,24044.5,0.0,0.18127918176583338,Normal,,,,,
2024-06-28,24010.599609375,0.0,0.17390656695899204,Normal,,,,,
2024-07-01,24141.94921875,0.0,0.12755001066129112,Normal,,,,,
2024-07-02,24123.849609375,0.0,0.18551538053897548,Normal,,,,,
2024-07-03,24286.5,2.0,0.11615211070706916,Normal,,,,,
2024-07-04,24302.150390625,2.0,0.0750282628880834,Normal,,,,,
2024-07-05,24323.849609375,2.0,0.0747305344208498,Normal,,,,,
2024-07-08,24320.55078125,2.0,0.1364566055256404,Normal,,,,,
2024-07-09,24433.19921875,2.0,0.09360738174364226,Normal,,,,,
2024-07-10,24324.44921875,2.0,0.10563290713655757,Normal,,,,,
2024-07-11,24315.94921875,2.0,0.13981065837528642,Normal,,,,,
2024-07-12,24502.150390625,2.0,0.09053272723804026,Normal,,,,,
2024-07-15,24586.69921875,2.0,0.11835138007719753,Normal,,,,,
2024-07-16,24613.0,2.0,0.14067893483103946,Normal,,,,,
2024-07-18,24800.849609375,2.0,0.14571474565764989,Normal,,,,,
2024-07-19,24530.900390625,2.0,0.21384416425018846,Normal,,,,,
2024-07-22,24509.25,2.0,0.14381309334034476,Normal,,,,,
2024-07-23,24479.05078125,2.0,0.2179843077433035,Normal,,,,,
2024-07-24,24413.5,2.0,0.3855744971718638,Elevated,,,,,
2024-07-25,24406.099609375,2.0,0.40765441244977757,Elevated,,,,,
2024-07-26,24834.849609375,2.0,0.08942326201490088,Normal,,,,,
2024-07-29,24836.099609375,2.0,0.07301821013660875,Normal,,,,,
2024-07-30,24857.30078125,2.0,0.1080466261765324,Normal,,,,,
2024-07-31,24951.150390625,2.0,0.14867461809613547,Normal,,,,,
2024-08-01,25010.900390625,2.0,0.3607991997631196,Elevated,,,,,
2024-08-02,24717.69921875,2.0,0.40769476548031847,Elevated,,,,,
2024-08-05,24055.599609375,1.0,0.383659870466491,Elevated,,,,,
2024-08-06,23992.55078125,0.0,0.3428305596230385,Elevated,,,,,
2024-08-07,24297.5,0.0,0.2928533696712704,Normal,,,,,
2024-08-08,24117.0,0.0,0.3179504076771874,Elevated,,,,,
2024-08-09,24367.5,0.0,0.3416406891707613,Elevated,,,,,
2024-08-12,24347.0,0.0,0.3099437794142741,Elevated,,,,,
2024-08-13,24139.0,0.0,0.36015523334839034,Elevated,,,,,
2024-08-14,24143.75,0.0,0.3878910360767767,Elevated,,,,,
2024-08-16,24541.150390625,0.0,0.34299725021082206,Elevated,,,,,
2024-08-19,24572.650390625,2.0,0.15842242986081023,Normal,,,,,
2024-08-20,24698.849609375,2.0,0.14934356975706684,Normal,,,,,
2024-08-21,24770.19921875,2.0,0.14572562210628257,Normal,,,,,
2024-08-22,24811.5,2.0,0.13523704495682107,Normal,,,,,
2024-08-23,24823.150390625,2.0,0.12870817586052893,Normal,,,,,
2024-08-26,25010.599609375,2.0,0.12276153334292753,Normal,,,,,
2024-08-27,25017.75,2.0,0.12387138712358055,Normal,,,,,
2024-08-28,25052.349609375,2.0,0.1433032330307676,Normal,,,,,
2024-08-29,25151.94921875,2.0,0.10889908132881664,Normal,,,,,
2024-08-30,25235.900390625,2.0,0.20925439950848884,Normal,,,,,
2024-09-02,25278.69921875,2.0,0.1315619974133337,Normal,,,,,
2024-09-03,25279.849609375,2.0,0.06509651378218947,Normal,,,,,
2024-09-04,25198.69921875,2.0,0.03969355123545911,Normal,,,,,
2024-09-05,25145.099609375,2.0,0.03199549310221184,Normal,,,,,
2024-09-06,24852.150390625,2.0,0.11358501791072426,Normal,,,,,
2024-09-09,24936.400390625,2.0,0.09226732182644094,Normal,,,,,
2024-09-10,25041.099609375,2.0,0.1140792641535794,Normal,,,,,
2024-09-11,24918.44921875,2.0,0.05015353948978293,Normal,,,,,
2024-09-12,25388.900390625,2.0,0.12168632980225316,Normal,,,,,
2024-09-13,25356.5,2.0,0.06062017502490246,Normal,,,,,
2024-09-16,25383.75,2.0,0.03303462348198392,Normal,,,,,
2024-09-17,25418.55078125,2.0,0.049707009524754424,Normal,,,,,
2024-09-18,25377.55078125,2.0,0.07909163391630114,Normal,,,,,
2024-09-19,25415.80078125,2.0,0.08690959954996769,Normal,,,,,
2024-09-20,25790.94921875,2.0,0.08268006859740405,Normal,,,,,
2024-09-23,25939.05078125,2.0,0.09314100119251897,Normal,,,,,
2024-09-24,25940.400390625,2.0,0.08829478471131141,Normal,,,,,
2024-09-25,26004.150390625,2.0,0.1352558720195558,Normal,,,,,
2024-09-26,26216.05078125,2.0,0.3374562804663922,Elevated,,,,,
2024-09-27,26178.94921875,2.0,0.3470834192310139,Elevated,,,,,
2024-09-30,25810.849609375,2.0,0.16935799491578696,Normal,,,,,
2024-10-01,25796.900390625,2.0,0.15733015885816962,Normal,,,,,
2024-10-03,25250.099609375,0.0,0.40549542471850336,Elevated,,,,,
2024-10-04,25014.599609375,0.0,0.4577576314450058,Elevated,,,,,
2024-10-07,24795.75,0.0,0.44153666628903737,Elevated,,,,,
2024-10-08,25013.150390625,0.0,0.3739256917045691,Elevated,,,,,
2024-10-09,24981.94921875,0.0,0.284492459319673,Normal,,,,,
2024-10-10,24998.44921875,0.0,0.2035532663922773,Normal,,,,,
2024-10-11,24964.25,0.0,0.17219677588061647,Normal,,,,,
2024-10-14,25127.94921875,0.0,0.23435558610510746,Normal,,,,,
2024-10-15,25057.349609375,0.0,0.19380905639218177,Normal,,,,,
2024-10-16,24971.30078125,0.0,0.19094703466588925,Normal,,,,,
2024-10-17,24749.849609375,0.0,0.3166191636930252,Elevated,,,,,
2024-10-18,24854.05078125,0.0,0.19417725423195,Normal,,,,,
2024-10-21,24781.099609375,0.0,0.2008626699344852,Normal,,,,,
2024-10-22,24472.099609375,0.0,0.2489487609598163,Normal,,,,,
2024-10-23,24435.5,0.0,0.2144774139657972,Normal,,,,,
2024-10-24,24399.400390625,0.0,0.18654044060473027,Normal,,,,,
2024-10-25,24180.80078125,0.0,0.2641013167689821,Normal,,,,,
2024-10-28,24339.150390625,0.0,0.1926044259289587,Normal,,,,,
2024-10-29,24466.849609375,0.0,0.14558338458358783,Normal,,,,,
2024-10-30,24340.849609375,0.0,0.19881818436246226,Normal,,,,,
2024-10-31,24205.349609375,0.0,0.12094735213901511,Normal,,,,,
2024-11-01,24304.349609375,0.0,0.0661900129811096,Normal,,,,,
2024-11-04,23995.349609375,0.0,0.1414017938780551,Normal,,,,,
2024-11-05,24213.30078125,0.0,0.09516283373186299,Normal,,,,,
2024-11-06,24484.05078125,0.0,0.12184001948913802,Normal,,,,,
2024-11-07,24199.349609375,0.0,0.2379877533422927,Normal,,,,,
2024-11-08,24148.19921875,0.0,0.2222894514575673,Normal,,,,,
2024-11-11,24141.30078125,0.0,0.1608640226687858,Normal,,,,,
2024-11-12,23883.44921875,0.0,0.18738435281766783,Normal,,,,,
2024-11-13,23559.05078125,0.0,0.2657841667950533,Normal,,,,,
2024-11-14,23532.69921875,0.0,0.16843119313198066,Normal,,,,,
2024-11-18,23453.80078125,0.0,0.18972244201587468,Normal,,,,,
2024-11-19,23518.5,0.0,0.1505283034713357,Normal,,,,,
2024-11-21,23349.900390625,0.0,0.13792453739031,Normal,,,,,
2024-11-22,23907.25,0.0,0.25492886054686126,Normal,,,,,
2024-11-25,24221.900390625,0.0,0.22058828594260535,Normal,,,,,
2024-11-26,24194.5,0.0,0.22076406420298297,Normal,,,,,
2024-11-27,24274.900390625,0.0,0.1771540405427988,Normal,,,,,
2024-11-28,23914.150390625,0.0,0.3562622718833819,Elevated,,,,,
2024-11-29,24131.099609375,0.0,0.3157339088376495,Elevated,,,,,
2024-12-02,24276.05078125,0.0,0.27017694594802594,Normal,,,,,
2024-12-03,24457.150390625,0.0,0.1946730811645917,Normal,,,,,
2024-12-04,24467.44921875,0.0,0.18885791836889643,Normal,,,,,
2024-12-05,24708.400390625,0.0,0.22519542669512194,Normal,,,,,
2024-12-06,24677.80078125,0.0,0.2260307090524237,Normal,,,,,
2024-12-09,24619.0,0.0,0.2304698093704753,Normal,,,,,
2024-12-10,24610.05078125,0.0,0.18154753635599,Normal,,,,,
2024-12-11,24641.80078125,0.0,0.1938091589618546,Normal,,,,,
2024-12-12,24548.69921875,0.0,0.23370707574503388,Normal,,,,,
2024-12-13,24768.30078125,0.0,0.2089452586767809,Normal,,,,,
2024-12-16,24668.25,0.0,0.23066308142285766,Normal,,,,,
2024-12-17,24336.0,0.0,0.2960164140670104,Normal,,,,,
2024-12-18,24198.849609375,0.0,0.2946709455635312,Normal,,,,,
2024-12-19,23951.69921875,0.0,0.34141209130440275,Elevated,,,,,
2024-12-20,23587.5,0.0,0.2934341398441516,Normal,,,,,
2024-12-23,23753.44921875,0.0,0.24799318293966682,Normal,,,,,
2024-12-24,23727.650390625,0.0,0.16210174708435227,Normal,,,,,
2024-12-26,23750.19921875,0.0,0.1737161317911892,Normal,,,,,
2024-12-27,23813.400390625,0.0,0.11154940981301298,Normal,,,,,
2024-12-30,23644.900390625,0.0,0.11656051188929767,Normal,,,,,
2024-12-31,23644.80078125,0.0,0.07790053955480059,Normal,,,,,
2025-01-01,23742.900390625,0.0,0.05285507284159316,Normal,,,,,
2025-01-02,24188.650390625,0.0,0.2054336567587607,Normal,,,,,
2025-01-03,24004.75,0.0,0.2678587779794989,Normal,,,,,
2025-01-06,23616.05078125,0.0,0.27465112808077874,Normal,,,,,
2025-01-07,23707.900390625,0.0,0.21616585127225768,Normal,,,,,
2025-01-08,23688.94921875,0.0,0.22048026856991862,Normal,,,,,
2025-01-09,23526.5,0.0,0.2202619892152476,Normal,,,,,
2025-01-10,23431.5,0.0,0.21145382343862007,Normal,,,,,
2025-01-13,23085.94921875,0.0,0.30749385481377783,Elevated,,,,,
2025-01-14,23176.05078125,0.0,0.19734628054752384,Normal,,,,,
2025-01-15,23213.19921875,0.0,0.15853289323358508,Normal,,,,,
2025-01-16,23311.80078125,0.0,0.16828071578745768,Normal,,,,,
2025-01-17,23203.19921875,0.0,0.15612249449226015,Normal,,,,,
2025-01-20,23344.75,0.0,0.1401314694985239,Normal,,,,,
2025-01-21,23024.650390625,0.0,0.2203939003129956,Normal,,,,,
2025-01-22,23155.349609375,0.0,0.11393424201539665,Normal,,,,,
2025-01-23,23205.349609375,0.0,0.12138103897362433,Normal,,,,,
2025-01-24,23092.19921875,0.0,0.13078467426176135,Normal,,,,,
2025-01-27,22829.150390625,0.0,0.2669969429616732,Normal,,,,,
2025-01-28,22957.25,0.0,0.14141671223077854,Normal,,,,,
2025-01-29,23163.099609375,0.0,0.18037769538381895,Normal,,,,,
2025-01-30,23249.5,0.0,0.12467915950235767,Normal,,,,,
2025-01-31,23508.400390625,0.0,0.15165533522568597,Normal,,,,,
2025-02-01,23482.150390625,0.0,0.12181216445499679,Normal,,,,,
2025-02-03,23361.05078125,0.0,0.13574808119725806,Normal,,,,,
2025-02-04,23739.25,0.0,0.22844891093575126,Normal,,,,,
2025-02-05,23696.30078125,0.0,0.21546964427930473,Normal,,,,,
2025-02-06,23603.349609375,0.0,0.24448704701344734,Normal,,,,,
2025-02-07,23559.94921875,0.0,0.19020921170106786,Normal,,,,,
2025-02-10,23381.599609375,0.0,0.26732903582560746,Normal,,,,,
2025-02-11,23071.80078125,0.0,0.2138763635339601,Normal,,,,,
2025-02-12,23045.25,0.0,0.16180041120320868,Normal,,,,,
2025-02-13,23031.400390625,0.0,0.1634385201274496,Normal,,,,,
2025-02-14,22929.25,0.0,0.16207076978802,Normal,,,,,
2025-02-17,22959.5,0.0,0.12698799369574673,Normal,,,,,
2025-02-18,22945.30078125,0.0,0.0672000905052564,Normal,,,,,
2025-02-19,22932.900390625,0.0,0.056831601222420244,Normal,,,,,
2025-02-20,22913.150390625,0.0,0.06100030474222306,Normal,,,,,
2025-02-21,22795.900390625,0.0,0.08373468091012981,Normal,,,,,
2025-02-24,22553.349609375,0.0,0.10984980326428935,Normal,,,,,
2025-02-25,22547.55078125,0.0,0.08783751181761353,Normal,,,,,
2025-02-27,22545.05078125,0.0,0.07997461012578402,Normal,,,,,
2025-02-28,22124.69921875,0.0,0.18703119900369747,Normal,,,,,
2025-03-03,22119.30078125,0.0,0.10738759119402974,Normal,,,,,
2025-03-04,22082.650390625,0.0,0.10732218321113235,Normal,,,,,
2025-03-05,22337.30078125,0.0,0.1302703694710812,Normal,,,,,
2025-03-06,22544.69921875,0.0,0.18647202400627627,Normal,,,,,
2025-03-07,22552.5,0.0,0.11019746906072386,Normal,,,,,
2025-03-10,22460.30078125,0.0,0.10329579141639118,Normal,,,,,
2025-03-11,22497.900390625,0.0,0.11429224747217002,Normal,,,,,
2025-03-12,22470.5,0.0,0.052123346929652155,Normal,,,,,
2025-03-13,22397.19921875,0.0,0.06786124068004726,Normal,,,,,
2025-03-17,22508.75,0.0,0.08030798234976146,Normal,,,,,
2025-03-18,22834.30078125,0.0,0.0874502137363872,Normal,,,,,
2025-03-19,22907.599609375,0.0,0.10181084926937778,Normal,,,,,
2025-03-20,23190.650390625,0.0,0.22041671463894172,Normal,,,,,
2025-03-21,23350.400390625,0.0,0.517551935444936,Elevated,,,,,
2025-03-24,23658.349609375,2.0,0.5893600481879618,Elevated,,,,,
2025-03-25,23668.650390625,2.0,0.5665403165298484,Elevated,,,,,
2025-03-26,23486.849609375,2.0,0.57995157320285,Elevated,,,,,
2025-03-27,23591.94921875,2.0,0.565220692017416,Elevated,,,,,
2025-03-28,23519.349609375,2.0,0.6106766655091806,Severe,,,,,
2025-04-01,23165.69921875,2.0,0.5814640163951343,Elevated,,,,,
2025-04-02,23332.349609375,2.0,0.5381799774187894,Elevated,,,,,
2025-04-03,23250.099609375,2.0,0.5221276627111844,Elevated,,,,,
2025-04-04,22904.44921875,2.0,0.6254566333749161,Severe,,,,,
2025-04-07,22161.599609375,1.0,0.5771903129194886,Elevated,,,,,
2025-04-08,22535.849609375,0.0,0.4910780967602979,Elevated,,,,,
2025-04-09,22399.150390625,0.0,0.5143293083045424,Elevated,,,,,
2025-04-11,22828.55078125,0.0,0.44070567328279714,Elevated,,,,,
2025-04-15,23328.55078125,0.0,0.3452950849853276,Elevated,,,,,
2025-04-16,23437.19921875,0.0,0.28414875287163416,Normal,,,,,
2025-04-17,23851.650390625,0.0,0.20922778444211892,Normal,,,,,
2025-04-21,24125.55078125,0.0,0.31666840465501445,Elevated,,,,,
2025-04-22,24167.25,0.0,0.27258972906668405,Normal,,,,,
2025-04-23,24328.94921875,0.0,0.317416347546259,Elevated,,,,,
2025-04-24,24246.69921875,0.0,0.40283829103945257,Elevated,,,,,
2025-04-25,24039.349609375,0.0,0.6682875147386679,Severe,,,,,
2025-04-28,24328.5,0.0,0.6489239019480979,Severe,,,,,
2025-04-29,24335.94921875,0.0,0.6886828244139015,Severe,,,,,
2025-04-30,24334.19921875,0.0,0.7721586159962041,Severe,,,,,
2025-05-02,24346.69921875,0.0,0.7006345536791018,Severe,,,,,
2025-05-05,24461.150390625,0.0,0.5949299979754725,Elevated,,,,,
2025-05-06,24379.599609375,0.0,0.6766518492871134,Severe,,,,,
2025-05-07,24414.400390625,0.0,0.6670862968262857,Severe,,,,,
2025-05-08,24273.80078125,0.0,0.6014379613818739,Severe,,,,,
2025-05-09,24008.0,0.0,0.6734204262259412,Severe,,,,,
2025-05-12,24924.69921875,0.0,0.24450232976897904,Normal,,,,,
2025-05-13,24578.349609375,0.0,0.3150262302329818,Elevated,,,,,
2025-05-14,24666.900390625,0.0,0.26444823986453014,Normal,,,,,
2025-05-15,25062.099609375,0.0,0.18109789998578152,Normal,,,,,
2025-05-16,25019.80078125,0.0,0.14699984138812444,Normal,,,,,
2025-05-19,24945.44921875,0.0,0.22841306521242535,Normal,,,,,
2025-05-20,24683.900390625,0.0,0.28259626178896086,Normal,,,,,
2025-05-21,24813.44921875,0.0,0.24789703804628294,Normal,,,,,
2025-05-22,24609.69921875,0.0,0.31359994035997696,Elevated,,,,,
2025-05-23,24853.150390625,0.0,0.2657380747965461,Normal,,,,,
2025-05-26,25001.150390625,0.0,0.22890730835754713,Normal,,,,,
2025-05-27,24826.19921875,0.0,0.2783498090363239,Normal,,,,,
2025-05-28,24752.44921875,0.0,0.22476758057971313,Normal,,,,,
2025-05-29,24833.599609375,0.0,0.24418091237731762,Normal,,,,,
2025-05-30,24750.69921875,0.0,0.2682796730736738,Normal,,,,,
2025-06-02,24716.599609375,0.0,0.3033764024903719,Elevated,,,,,
2025-06-03,24542.5,0.0,0.3242505589615221,Elevated,,,,,
2025-06-04,24620.19921875,0.0,0.2877952478383946,Normal,,,,,
2025-06-05,24750.900390625,0.0,0.27470204111176777,Normal,,,,,
2025-06-06,25003.05078125,0.0,0.1858021475376573,Normal,,,,,
2025-06-09,25103.19921875,2.0,0.11996585296886582,Normal,,,,,
2025-06-10,25104.25,2.0,0.1627881848360881,Normal,,,,,
2025-06-11,25141.400390625,2.0,0.1366192632268127,Normal,,,,,
2025-06-12,24888.19921875,2.0,0.13577799372552568,Normal,,,,,
2025-06-13,24718.599609375,2.0,0.14301002321382147,Normal,,,,,
2025-06-16,24946.5,2.0,0.1316511857804777,Normal,,,,,
2025-06-17,24853.400390625,2.0,0.09466787056886762,Normal,,,,,
2025-06-18,24812.05078125,2.0,0.057643662696070595,Normal,,,,,
2025-06-19,24793.25,2.0,0.047332608316254,Normal,,,,,
2025-06-20,25112.400390625,2.0,0.06158489348553069,Normal,,,,,
2025-06-23,24971.900390625,2.0,0.03534254577325504,Normal,,,,,
2025-06-24,25044.349609375,2.0,0.10075196471339036,Normal,,,,,
2025-06-25,25244.75,2.0,0.05533640252429134,Normal,,,,,
2025-06-26,25549.0,2.0,0.11563339866652793,Normal,,,,,
2025-06-27,25637.80078125,2.0,0.088849244789435,Normal,,,,,
2025-06-30,25517.05078125,2.0,0.11357579659561318,Normal,,,,,
2025-07-01,25541.80078125,2.0,0.09704604014741007,Normal,,,,,
2025-07-02,25453.400390625,2.0,0.04131703610268839,Normal,,,,,
2025-07-03,25405.30078125,2.0,0.10149584951722983,Normal,,,,,
2025-07-04,25461.0,2.0,0.09437929569987062,Normal,,,,,
2025-07-07,25461.30078125,2.0,0.06608621900532799,Normal,,,,,
2025-07-08,25522.5,2.0,0.15075269604455704,Normal,,,,,
2025-07-09,25476.099609375,2.0,0.06707867723627782,Normal,,,,,
2025-07-10,25355.25,2.0,0.05651616290464922,Normal,,,,,
2025-07-11,25149.849609375,2.0,0.04601235490103047,Normal,,,,,
2025-07-14,25082.30078125,2.0,0.03057516953942572,Normal,,,,,
2025-07-15,25195.80078125,2.0,0.043108539647185536,Normal,,,,,
2025-07-16,25212.05078125,2.0,0.039094803521616546,Normal,,,,,
2025-07-17,25111.44921875,2.0,0.04115340273371114,Normal,,,,,
2025-07-18,24968.400390625,2.0,0.049611694392977565,Normal,,,,,
2025-07-21,25090.69921875,2.0,0.05723271826249101,Normal,,,,,
2025-07-22,25060.900390625,2.0,0.050541046843236154,Normal,,,,,
2025-07-23,25219.900390625,2.0,0.0962933324105142,Normal,,,,,
2025-07-24,25062.099609375,2.0,0.12590005267825705,Normal,,,,,
2025-07-25,24837.0,2.0,0.15929160413478113,Normal,,,,,
2025-07-28,24680.900390625,2.0,0.1933209866919333,Normal,,,,,
2025-07-29,24821.099609375,2.0,0.13951810069180798,Normal,,,,,
2025-07-30,24855.05078125,2.0,0.123717293035957,Normal,,,,,
2025-07-31,24768.349609375,2.0,0.1449573791136927,Normal,,,,,
2025-08-01,24565.349609375,0.0,0.1415046473708199,Normal,,,,,
2025-08-04,24722.75,0.0,0.09995236660331379,Normal,,,,,
2025-08-05,24649.55078125,0.0,0.1117000393171442,Normal,,,,,
2025-08-06,24574.19921875,0.0,0.08806776252734001,Normal,,,,,
2025-08-07,24596.150390625,0.0,0.05796028514495578,Normal,,,,,
2025-08-08,24363.30078125,0.0,0.13441750527945465,Normal,,,,,
2025-08-11,24585.05078125,0.0,0.09627357914573272,Normal,,,,,
2025-08-12,24487.400390625,0.0,0.0692656922955011,Normal,,,,,
2025-08-13,24619.349609375,0.0,0.04230106009361623,Normal,,,,,
2025-08-14,24631.30078125,0.0,0.05453349857217062,Normal,,,,,
2025-08-18,24876.94921875,0.0,0.06738387038491023,Normal,,,,,
2025-08-19,24980.650390625,2.0,0.026807073350902627,Normal,,,,,
2025-08-20,25050.55078125,2.0,0.051038709165175264,Normal,,,,,
2025-08-21,25083.75,2.0,0.032620247895076906,Normal,,,,,
2025-08-22,24870.099609375,2.0,0.03516030389354899,Normal,,,,,
2025-08-25,24967.75,2.0,0.01502695234979484,Normal,,,,,
2025-08-26,24712.05078125,2.0,0.05245617954401545,Normal,,,,,
2025-08-28,24500.900390625,0.0,0.11539146900577787,Normal,,,,,
2025-08-29,24426.849609375,0.0,0.08946372136279779,Normal,,,,,
2025-09-01,24625.05078125,0.0,0.10860285100356318,Normal,,,,,
2025-09-02,24579.599609375,0.0,0.0873563101061094,Normal,,,,,
2025-09-03,24715.05078125,0.0,0.07100867426175561,Normal,,,,,
2025-09-04,24734.30078125,2.0,0.02439043418079762,Normal,,,,,
2025-09-05,24741.0,2.0,0.030242917573991824,Normal,,,,,
2025-09-08,24773.150390625,2.0,0.015106483556851593,Normal,,,,,
2025-09-09,24868.599609375,2.0,0.024486103103631623,Normal,,,,,
2025-09-10,24973.099609375,2.0,0.014745273137879105,Normal,,,,,
2025-09-11,25005.5,2.0,0.013644382886435597,Normal,,,,,
2025-09-12,25114.0,2.0,0.0188950059644135,Normal,,,,,
2025-09-15,25069.19921875,2.0,0.012751885747393537,Normal,,,,,
2025-09-16,25239.099609375,2.0,0.02332821175621992,Normal,,,,,
2025-09-17,25330.25,2.0,0.03264612217222245,Normal,,,,,
2025-09-18,25423.599609375,2.0,0.10786589641625019,Normal,,,,,
2025-09-19,25327.05078125,2.0,0.04517352161109314,Normal,,,,,
2025-09-22,25202.349609375,2.0,0.050420994461646995,Normal,,,,,
2025-09-23,25169.5,2.0,0.02357915058899569,Normal,,,,,
2025-09-24,25056.900390625,2.0,0.04442119103417685,Normal,,,,,
2025-09-25,24890.849609375,2.0,0.0405284214497548,Normal,,,,,
2025-09-26,24654.69921875,2.0,0.05561962798320875,Normal,,,,,
2025-09-29,24634.900390625,2.0,0.04386295170817745,Normal,,,,,
2025-09-30,24611.099609375,2.0,0.044128529921012946,Normal,,,,,
2025-10-01,24836.30078125,2.0,0.06543851411341435,Normal,,,,,
2025-10-03,24894.25,2.0,0.034119697336653924,Normal,,,,,
2025-10-06,25077.650390625,2.0,0.07430757711211673,Normal,,,,,
2025-10-07,25108.30078125,2.0,0.09027092366444864,Normal,,,,,
2025-10-08,25046.150390625,2.0,0.06313045915264799,Normal,,,,,
2025-10-09,25181.80078125,2.0,0.09938064727587406,Normal,,,,,
2025-10-10,25285.349609375,2.0,0.019359072242773168,Normal,,,,,
2025-10-13,25227.349609375,2.0,0.05744707618879386,Normal,,,,,
2025-10-14,25145.5,2.0,0.010150619941397048,Normal,,,,,
2025-10-15,25323.55078125,2.0,0.018683639725515917,Normal,,,,,
2025-10-16,25585.30078125,2.0,0.05209530303762487,Normal,,,,,
2025-10-17,25709.849609375,2.0,0.0646447212526747,Normal,,,,,
2025-10-20,25843.150390625,2.0,0.07000156672255407,Normal,,,,,
2025-10-21,25868.599609375,2.0,0.08318982927863482,Normal,,,,,
2025-10-23,25891.400390625,2.0,0.02929822919943239,Normal,,,,,
2025-10-24,25795.150390625,2.0,0.006189397409401502,Normal,,,,,
2025-10-27,25966.05078125,2.0,0.040832823278469016,Normal,,,,,
2025-10-28,25936.19921875,2.0,0.03000971025650478,Normal,,,,,
2025-10-29,26053.900390625,2.0,0.06644447271509804,Normal,,,,,
2025-10-30,25877.849609375,2.0,0.056052701324398164,Normal,,,,,
2025-10-31,25722.099609375,2.0,0.027824227441393203,Normal,,,,,
2025-11-03,25763.349609375,2.0,0.032471608285179546,Normal,,,,,
2025-11-04,25597.650390625,2.0,0.02237519119569015,Normal,,,,,
2025-11-06,25509.69921875,2.0,0.017683869802605195,Normal,,,,,
2025-11-07,25492.30078125,2.0,0.010835447713269868,Normal,,,,,
2025-11-10,25574.349609375,2.0,0.025937160513694487,Normal,,,,,
2025-11-11,25694.94921875,2.0,0.024329044895293722,Normal,,,,,
2025-11-12,25875.80078125,2.0,0.04322818741371165,Normal,,,,,
2025-11-13,25879.150390625,2.0,0.01244155723092245,Normal,,,,,
2025-11-14,25910.05078125,2.0,0.05745920545236009,Normal,,,,,
2025-11-17,26013.44921875,2.0,0.022776375426399022,Normal,,,,,
2025-11-18,25910.05078125,2.0,0.010590382053096125,Normal,,,,,
2025-11-19,26052.650390625,2.0,0.00758272147068527,Normal,,,,,
2025-11-20,26192.150390625,2.0,0.010631134680515941,Normal,,,,,
2025-11-21,26068.150390625,2.0,0.05305222731996374,Normal,,,,,
2025-11-24,25959.5,2.0,0.03450825579202444,Normal,,,,,
2025-11-25,25884.80078125,2.0,0.10238145725241563,Normal,,,,,
2025-11-26,26205.30078125,2.0,0.02220357795060855,Normal,,,,,
2025-11-27,26215.55078125,2.0,0.007261000716374367,Normal,,,,,
2025-11-28,26202.94921875,2.0,0.04513547439569096,Normal,,,,,
2025-12-01,26175.75,2.0,0.03602520915200564,Normal,,,,,
2025-12-02,26032.19921875,2.0,0.04389736484038899,Normal,,,,,
2025-12-03,25986.0,2.0,0.0296072999644426,Normal,,,,,
2025-12-04,26033.75,2.0,0.04068350889607822,Normal,,,,,
2025-12-05,26186.44921875,2.0,0.025617967597484633,Normal,,,,,
2025-12-08,25960.55078125,2.0,0.03374163720273678,Normal,,,,,
2025-12-09,25839.650390625,2.0,0.017801064003620148,Normal,,,,,
2025-12-10,25758.0,2.0,0.015372777954283602,Normal,,,,,
2025-12-11,25898.55078125,2.0,0.04590446194409629,Normal,,,,,
2025-12-12,26046.94921875,2.0,0.020719332069285466,Normal,,,,,
2025-12-15,26027.30078125,2.0,0.0063866003156608205,Normal,,,,,
2025-12-16,25860.099609375,2.0,0.013756870855693151,Normal,,,,,
2025-12-17,25818.55078125,2.0,0.013602502497316123,Normal,,,,,
2025-12-18,25815.55078125,2.0,0.02434761599875362,Normal,,,,,
2025-12-19,25966.400390625,2.0,0.04737964019849069,Normal,,,,,
2025-12-22,26172.400390625,2.0,0.06417466069159153,Normal,,,,,
2025-12-23,26177.150390625,2.0,0.048774572142189034,Normal,,,,,
2025-12-24,26142.099609375,2.0,0.05777758555289997,Normal,,,,,
2025-12-26,26042.30078125,2.0,0.07676811840616148,Normal,,,,,
2025-12-29,25942.099609375,2.0,0.11264220822983823,Normal,,,,,
2025-12-30,25938.849609375,2.0,0.06240378039581049,Normal,,,,,
2025-12-31,26129.599609375,2.0,0.045740101033479606,Normal,,,,,
2026-01-01,26146.55078125,2.0,0.03305924977829969,Normal,,,,,
2026-01-02,26328.55078125,2.0,0.04289414515055408,Normal,,,,,
2026-01-05,26250.30078125,2.0,0.07487203848918779,Normal,,,,,
2026-01-06,26178.69921875,2.0,0.06925185403621174,Normal,,,,,
2026-01-07,26140.75,2.0,0.06540098521042224,Normal,,,,,
2026-01-08,25876.849609375,2.0,0.03514174570766924,Normal,,,,,
2026-01-09,25683.30078125,2.0,0.04739320846900164,Normal,,,,,
2026-01-12,25790.25,2.0,0.0429599531718277,Normal,,,,,
2026-01-13,25732.30078125,2.0,0.02641172025039995,Normal,,,,,
2026-01-14,25665.599609375,2.0,0.02113282922727251,Normal,,,,,
2026-01-16,25694.349609375,2.0,0.026227552595297708,Normal,,,,,
2026-01-19,25585.5,2.0,0.02783842025141259,Normal,,,,,
2026-01-20,25232.5,0.0,0.09581484067502498,Normal,,,,,
2026-01-21,25157.5,0.0,0.07710286710268509,Normal,,,,,
2026-01-22,25289.900390625,0.0,0.04758804348932782,Normal,,,,,
2026-01-23,25048.650390625,0.0,0.0835831697100265,Normal,,,,,
2026-01-27,25175.400390625,0.0,0.05625825565869703,Normal,,,,,
2026-01-28,25342.75,0.0,0.04041811929829689,Normal,,,,,
2026-01-29,25418.900390625,0.0,0.05645417315292949,Normal,,,,,
2026-01-30,25320.650390625,0.0,0.0571279156084267,Normal,,,,,
2026-02-02,25088.400390625,0.0,0.0848408366858516,Normal,,,,,
2026-02-03,25727.55078125,0.0,0.2520666238609881,Normal,,,,,
2026-02-04,25776.0,2.0,0.2480303697009014,Normal,,,,,
2026-02-05,25642.80078125,2.0,0.294511391454033,Normal,,,,,
2026-02-06,25693.69921875,2.0,0.2694885393293393,Normal,,,,,
2026-02-09,25867.30078125,2.0,0.27752395159990273,Normal,,,,,
2026-02-10,25935.150390625,2.0,0.2173260563099102,Normal,,,,,
2026-02-11,25953.849609375,2.0,0.25829907986343487,Normal,,,,,
2026-02-12,25807.19921875,2.0,0.28288073300454397,Normal,,,,,
2026-02-13,25471.099609375,2.0,0.48398489056770694,Elevated,,,,,
2026-02-16,25682.75,2.0,0.4169273246789688,Elevated,,,,,
2026-02-17,25725.400390625,2.0,0.3890023051224023,Elevated,,,,,
2026-02-18,25819.349609375,2.0,0.5999070895351122,Elevated,,,,,
2026-02-19,25454.349609375,0.0,0.4983645822057703,Elevated,,,,,
2026-02-20,25571.25,0.0,0.6920239606830165,Severe,,,,,
2026-02-23,25713.0,0.0,0.6574166922511944,Severe,,,,,
2026-02-24,25424.650390625,0.0,0.6598970380915214,Severe,,,,,
2026-02-25,25482.5,0.0,0.6614619365137941,Severe,,,,,
2026-02-26,25496.55078125,0.0,0.6261342939081821,Severe,,,,,
2026-02-27,25178.650390625,0.0,0.6378169654374948,Severe,,,,,
2026-03-02,24865.69921875,1.0,0.6922106103645663,Severe,,,,,
2026-03-04,24480.5,1.0,0.6685083302224379,Severe,,,,,
2026-03-05,24765.900390625,1.0,0.612369275892151,Severe,,,,,
2026-03-06,24450.44921875,1.0,0.6791004138692937,Severe,,,,,
2026-03-09,24028.05078125,1.0,0.6689022914076205,Severe,,,,,
2026-03-10,24261.599609375,1.0,0.6838951921464546,Severe,,,,,
2026-03-11,23866.849609375,1.0,0.7946128641441667,Severe,,,,,
2026-03-12,23639.150390625,0.0,0.7444115944274934,Severe,,,,,
2026-03-13,23151.099609375,0.0,0.8553348211391409,Severe,,,,,
2026-03-16,23408.80078125,0.0,0.8711205272561392,Severe,,,,,
2026-03-17,23581.150390625,0.0,0.8249355367350248,Severe,,,,,
2026-03-18,23777.80078125,0.0,0.7725158375492964,Severe,,,,,
2026-03-19,23002.150390625,1.0,0.9711393886814536,Severe,,,,,
2026-03-20,23114.5,1.0,0.950877331871938,Severe,,,,,
2026-03-23,22512.650390625,1.0,0.9764799772051427,Severe,,,,,
2026-03-24,22912.400390625,1.0,0.9694278887246323,Severe,,,,,
2026-03-25,23306.44921875,1.0,0.9248122349119078,Severe,,,,,
2026-03-27,22819.599609375,1.0,0.9634742037117558,Severe,,,,,
2026-03-30,22331.400390625,1.0,0.9883638269801633,Severe,,,,,
2026-04-01,22679.400390625,1.0,0.9457042261025667,Severe,,,,,
2026-04-02,22713.099609375,1.0,0.9505453858645594,Severe,,,,,
2026-04-06,22968.25,1.0,0.894788239821067,Severe,,,,,
2026-04-07,23123.650390625,1.0,0.8440531955964075,Severe,,,,,
2026-04-08,23997.349609375,1.0,0.3929613144343786,Elevated,,,,,
2026-04-09,23775.099609375,1.0,0.4550100114604716,Elevated,,,,,
2026-04-10,24050.599609375,1.0,0.28894365503054886,Normal,,,,,
2026-04-13,23842.650390625,1.0,0.4141531723077494,Elevated,,,,,
2026-04-15,24231.30078125,1.0,0.20991375586539324,Normal,,,,,
2026-04-16,24196.75,1.0,0.16901771448570582,Normal,,,,,
2026-04-17,24353.55078125,1.0,0.13101821769334737,Normal,,,,,
2026-04-20,24364.849609375,1.0,0.17072142895462367,Normal,,,,,
2026-04-21,24576.599609375,1.0,0.1582731378455237,Normal,,,,,
2026-04-22,24378.099609375,0.0,0.19160548524727034,Normal,,,,,
2026-04-23,24173.05078125,0.0,0.1983235018642791,Normal,,,,,
2026-04-24,23897.94921875,0.0,0.391388318954663,Elevated,,,,,
2026-04-27,24092.69921875,0.0,0.1967452897125428,Normal,,,,,
2026-04-28,23995.69921875,0.0,0.27262618312076925,Normal,,,,,
2026-04-29,24177.650390625,0.0,0.13450463030315335,Normal,,,,,
2026-04-30,23997.55078125,0.0,0.2026139905202221,Normal,,,,,
2026-05-04,24119.30078125,0.0,0.1051742807341252,Normal,,,,,
2026-05-05,24032.80078125,0.0,0.1582448687233514,Normal,,,,,
2026-05-06,24330.94921875,0.0,0.1185876069623646,Normal,,,,,
2026-05-07,24326.650390625,0.0,0.09512726921518733,Normal,,,,,
2026-05-08,24176.150390625,0.0,0.1357911707548934,Normal,,,,,
2026-05-11,23815.849609375,0.0,0.1914990584876209,Normal,,,,,
2026-05-12,23379.55078125,0.0,0.3864550234897677,Elevated,,,,,
2026-05-13,23412.599609375,0.0,0.25704355169736787,Normal,,,,,
2026-05-14,23689.599609375,0.0,0.2423304842414874,Normal,,,,,
2026-05-15,23643.5,0.0,0.2214023145746783,Normal,,,,,
2026-05-18,23649.94921875,0.0,0.18807525211720524,Normal,,,,,
2026-05-19,23618.0,0.0,0.15737530498049904,Normal,,,,,
2026-05-20,23659.0,0.0,0.1606050228590402,Normal,,,,,
2026-05-21,23654.69921875,0.0,0.13116799519730152,Normal,,,,,
2026-05-22,23719.30078125,0.0,0.13768252510204623,Normal,,,,,
2026-05-25,24031.69921875,0.0,0.1157231025305393,Normal,,,,,
2026-05-26,23913.69921875,0.0,0.13455318602901437,Normal,,,,,
2026-05-27,23907.150390625,0.0,0.1282831513107664,Normal,,,,,
2026-05-29,23547.75,0.0,0.20740762235440388,Normal,,,,,
2026-06-01,23382.599609375,0.0,0.2631316992013126,Normal,,,,,
2026-06-02,23483.55078125,0.0,0.19130278267397877,Normal,,,,,
2026-06-03,23405.599609375,0.0,0.2267854345503464,Normal,,,,,
2026-06-04,23416.55078125,0.0,0.19852295754148927,Normal,,,,,
2026-06-05,23366.69921875,0.0,0.1602192212202651,Normal,,,,,
2026-06-08,23123.0,0.0,0.23721417401950748,Normal,,,,,
2026-06-09,23242.099609375,0.0,0.16716362441953486,Normal,,,,,
2026-06-10,23214.94921875,0.0,0.09805860426658779,Normal,,,,,
2026-06-11,23161.599609375,0.0,0.10398823998691437,Normal,,,,,
2026-06-12,23622.900390625,0.0,0.19804946683908195,Normal,,,,,
2026-06-15,23853.900390625,0.0,0.19866051284833158,Normal,,,,,
2026-06-16,23989.150390625,2.0,0.11723090481104513,Normal,,,,,
2026-06-17,24085.69921875,2.0,0.12630394796551736,Normal,,,,,
2026-06-18,24168.0,2.0,0.14240180982015657,Normal,,,,,
2026-06-19,24013.099609375,2.0,0.1565562614279615,Normal,,,,,
2026-06-22,24102.900390625,2.0,0.13510746277444918,Normal,,,,,
2026-06-23,23824.099609375,2.0,0.24570419296016335,Normal,,,,,
2026-06-24,24021.650390625,2.0,0.13740741983212792,Normal,,,,,
2026-06-25,24056.0,2.0,0.17347054352564786,Normal,,,,,
2026-06-29,23946.25,2.0,0.13685186505032712,Normal,,,,,
2026-06-30,23865.75,2.0,0.1558664046929285,Normal,,,,,
2026-07-01,24005.849609375,2.0,0.1805445140296686,Normal,,,,,
2026-07-02,24175.69921875,2.0,0.2069500297577896,Normal,,,,,
2026-07-03,24270.849609375,2.0,0.17100425871072236,Normal,,,,,
2026-07-06,24430.349609375,2.0,0.1798073002752744,Normal,,,,,
2026-07-07,24398.69921875,2.0,0.15142973160931616,Normal,,,,,
2026-07-08,23882.05078125,1.0,0.4032329970946067,Elevated,,,,,
2026-07-09,23962.80078125,2.0,0.299510611432743,Normal,,,,,
2026-07-10,24206.900390625,2.0,0.24354161079926048,Normal,,,,,
2026-07-13,24211.0,2.0,0.265362662685429,Normal,,,,,
2026-07-14,24052.05078125,2.0,0.3482094178932899,Elevated,,,,,
2026-07-15,24078.5,2.0,0.18324747835834007,Normal,,,,,
2026-07-16,24072.75,2.0,0.22105662910587745,Normal,,,,,
2026-07-17,24334.30078125,2.0,0.25607597859587783,Normal,,,,,
2026-07-20,24238.5,2.0,0.2479651735901367,Normal,,,,,
2026-07-21,24187.69921875,2.0,0.24555969153868218,Normal,,,,,
2026-07-22,23996.25,2.0,0.35146744124720963,Elevated,,,,,
2026-07-23,23869.599609375,2.0,0.35272772595360524,Elevated,,,,,
2026-07-24,23767.44921875,2.0,0.3120171401353241,Elevated,,,,,
2026-07-27,23995.94921875,2.0,0.28904952454517174,Normal,,,,,
2026-07-28,23985.349609375,2.0,0.25876600692323387,Normal,,,,,
2026-07-29,24250.19921875,2.0,0.16352466195269844,Normal,,,,,
2026-07-30,24317.150390625,2.0,0.20429822028664937,Normal,,,,,
2026-07-31,24383.599609375,2.0,0.19102365306786656,Normal,,,,,
2026-08-03,24774.30078125,2.0,0.11699154290446945,Normal,,,,,
2026-08-04,24614.900390625,2.0,0.20032531243227067,Normal,,,,,
2026-08-05,24624.650390625,2.0,0.12765249205840007,Normal,,,,,
2026-08-06,24636.0,2.0,0.073609456073665,Normal,,,,,
2026-08-07,24570.650390625,2.0,0.08555622232241934,Normal,,,,,
2026-08-10,24583.80078125,2.0,0.08427793022369404,Normal,,,,,
2026-08-11,24471.69921875,2.0,0.07771794457489688,Normal,,,,,
2026-08-12,24435.94921875,2.0,0.06505454189767462,Normal,,,,,
2026-08-13,24395.849609375,2.0,0.08869612398830734,Normal,,,,,
2026-08-14,24366.0,2.0,0.05422091545577303,Normal,,,,,
2026-08-17,24287.650390625,2.0,0.05698477099115296,Normal,,,,,
2026-08-18,24154.900390625,2.0,0.07722990277839087,Normal,,,,,
2026-08-19,24078.30078125,2.0,0.07379658467737149,Normal,,,,,
2026-08-20,24231.849609375,2.0,0.06455460025507737,Normal,,,,,
2026-08-21,24252.0,2.0,0.08365624676098575,Normal,,,,,
2026-08-24,24219.05078125,2.0,0.04429273890305272,Normal,,,,,
2026-08-25,24334.55078125,2.0,0.057704975938913536,Normal,,,,,
2026-08-26,24207.75,1.0,0.1704171776634892,Normal,,,,,
2026-08-27,24090.849609375,1.0,0.19391390164940325,Normal,,,,,
2026-08-28,24175.650390625,2.0,0.10702727754382643,Normal,,,,,
2026-08-31,24080.400390625,2.0,0.11344706171919836,Normal,,,,,
2026-09-01,24055.80078125,2.0,0.14158384162764143,Normal,,,,,
2026-09-02,23914.44921875,2.0,0.123768093310478,Normal,,,,,
2026-09-03,23873.44921875,2.0,0.12368088905541823,Normal,,,,,
2026-09-04,23897.69921875,2.0,0.13074804090581693,Normal,,,,,
2026-09-07,23779.150390625,0.0,0.1277393820516204,Normal,,,,,
2026-09-08,23635.099609375,0.0,0.13915562716477417,Normal,,,,,
2026-09-09,23431.5,0.0,0.16061802597389352,Normal,,,,,
2026-09-10,23477.80078125,0.0,0.14274386860320498,Normal,,,,,
2026-09-11,23398.099609375,0.0,0.15988867244236038,Normal,,,,,
2026-09-15,23118.599609375,0.0,0.1656946564035498,Normal,,,,,
2026-09-16,23217.599609375,0.0,0.11423168605739412,Normal,,,,,
2026-09-17,23270.599609375,0.0,0.10044319547491586,Normal,,,,,
2026-09-18,23346.400390625,0.0,0.1321433582970025,Normal,-0.21984966390132035,-0.059526477027248725,0.0314434691949146,-0.029465486021499194,-0.026052945651214948
