date,brent,gold,usd_inr,sp500,india_vix,nifty_close,us_vix
2010-01-04,80.12000274658203,1117.699951171875,46.28799819946289,1132.989990234375,23.63999938964844,5232.2001953125,20.040000915527344
2010-01-05,80.58999633789062,1118.0999755859375,46.119998931884766,1136.52001953125,22.270000457763672,5277.89990234375,19.350000381469727
2010-01-06,81.88999938964844,1135.9000244140625,45.720001220703125,1137.1400146484375,22.1200008392334,5281.7998046875,19.15999984741211
2010-01-07,81.51000213623047,1133.0999755859375,45.6879997253418,1141.68994140625,22.5,5263.10009765625,19.059999465942383
2010-01-08,81.37000274658203,1138.199951171875,45.51800155639648,1144.97998046875,22.56999969482422,5244.75,18.1299991607666
2010-01-11,80.97000122070312,1150.699951171875,45.358001708984375,1146.97998046875,22.68000030517578,5249.39990234375,17.549999237060547
2010-01-12,79.30000305175781,1128.9000244140625,45.61800003051758,1136.219970703125,23.07999992370605,5210.39990234375,18.25
2010-01-13,78.30999755859375,1136.4000244140625,45.48799896240234,1145.6800537109375,21.989999771118164,5233.9501953125,17.850000381469727
2010-01-14,77.81999969482422,1142.5999755859375,45.5629997253418,1148.4599609375,20.979999542236328,5259.89990234375,17.6299991607666
2010-01-15,77.11000061035156,1130.0999755859375,45.803001403808594,1136.030029296875,21.07999992370605,5252.2001953125,17.90999984741211
2010-01-18,77.11000061035156,1130.0999755859375,45.63800048828125,1136.030029296875,21.549999237060547,5274.85009765625,17.90999984741211
2010-01-19,77.62999725341797,1139.699951171875,45.84799957275391,1150.22998046875,22.34000015258789,5225.64990234375,17.579999923706055
2010-01-20,76.31999969482422,1112.300048828125,46.11800003051758,1138.0400390625,22.290000915527344,5221.7001953125,18.68000030517578
2010-01-21,74.58000183105469,1102.699951171875,46.108001708984375,1116.47998046875,23.5,5094.14990234375,22.270000457763672
2010-01-22,72.83000183105469,1089.199951171875,46.22299957275391,1091.760009765625,24.850000381469727,5036.0,27.309999465942383
2010-01-25,73.69000244140625,1095.199951171875,46.07799911499024,1096.780029296875,25.81999969482422,5007.89990234375,25.40999984741211
2010-01-27,72.23999786376953,1084.4000244140625,46.31800079345703,1097.5,28.920000076293945,4853.10009765625,23.13999938964844
2010-01-28,72.12999725341797,1083.5999755859375,46.34799957275391,1084.530029296875,26.959999084472656,4867.25,23.729999542236328
2010-01-29,71.45999908447266,1083.0,46.09799957275391,1073.8699951171875,26.1299991607666,4882.0498046875,24.6200008392334
2010-02-01,73.11000061035156,1104.300048828125,46.28799819946289,1089.18994140625,25.61000061035156,4899.7001953125,22.59000015258789
2010-02-02,76.05999755859375,1117.4000244140625,46.09999847412109,1103.3199462890625,26.690000534057617,4830.10009765625,21.479999542236328
2010-02-03,75.91999816894531,1111.4000244140625,45.900001525878906,1097.280029296875,25.540000915527344,4931.85009765625,21.600000381469727
2010-02-04,72.12999725341797,1062.4000244140625,46.209999084472656,1063.1099853515625,27.06999969482422,4845.35009765625,26.07999992370605
2010-02-05,69.58999633789062,1052.199951171875,46.619998931884766,1066.18994140625,30.06999969482422,4718.64990234375,26.11000061035156
2010-02-08,70.11000061035156,1065.699951171875,46.709999084472656,1056.739990234375,30.36000061035156,4760.39990234375,26.51000022888184
2010-02-09,72.12999725341797,1076.699951171875,46.38999938964844,1070.52001953125,29.90999984741211,4792.64990234375,26.0
2010-02-10,72.54000091552734,1075.800048828125,46.37799835205078,1068.1300048828125,30.549999237060547,4757.2001953125,25.399999618530277
2010-02-11,73.05000305175781,1094.199951171875,46.400001525878906,1078.469970703125,28.809999465942383,4826.85009765625,23.959999084472656
2010-02-15,73.05000305175781,1094.199951171875,46.3380012512207,1078.469970703125,29.68000030517578,4801.9501953125,23.959999084472656
2010-02-16,75.68000030517578,1119.300048828125,45.97999954223633,1094.8699951171875,28.729999542236328,4855.75,22.25
2010-02-17,76.2699966430664,1119.5,46.007999420166016,1099.510009765625,29.040000915527344,4914.0,21.71999931335449
2010-02-18,77.77999877929688,1118.0,46.13999938964844,1106.75,29.76000022888184,4887.75,20.6299991607666
2010-02-19,78.19000244140625,1121.300048828125,46.18000030517578,1109.1700439453125,31.899999618530277,4844.89990234375,20.020000457763672
2010-02-22,78.61000061035156,1112.5999755859375,46.09999847412109,1108.010009765625,32.130001068115234,4856.39990234375,19.940000534057617
2010-02-23,77.25,1102.699951171875,46.26800155639648,1094.5999755859375,30.989999771118164,4870.0498046875,21.3700008392334
2010-02-24,78.08999633789062,1096.5,46.28799819946289,1105.239990234375,30.399999618530277,4858.60009765625,20.270000457763672
2010-02-25,76.29000091552734,1107.800048828125,46.29999923706055,1102.93994140625,29.549999237060547,4859.75,20.100000381469727
2010-02-26,77.58999633789062,1118.300048828125,45.900001525878906,1104.489990234375,24.020000457763672,4922.2998046875,19.5
2010-03-02,78.18000030517578,1136.9000244140625,46.02799987792969,1118.31005859375,21.6299991607666,5017.0,19.059999465942383
2010-03-03,79.25,1142.699951171875,45.54999923706055,1118.7900390625,20.75,5088.10009765625,18.82999992370605
2010-03-04,78.54000091552734,1132.5999755859375,45.66999816894531,1122.969970703125,20.979999542236328,5080.25,18.71999931335449
2010-03-05,79.88999938964844,1134.800048828125,45.45000076293945,1138.699951171875,20.739999771118164,5088.7001953125,17.420000076293945
2010-03-08,80.47000122070312,1123.5999755859375,45.400001525878906,1138.5,20.729999542236328,5124.0,17.790000915527344
2010-03-09,79.91000366210938,1122.0,45.54999923706055,1140.449951171875,20.799999237060547,5101.5,17.920000076293945
2010-03-10,80.4800033569336,1107.800048828125,45.310001373291016,1145.6099853515625,20.09000015258789,5116.25,18.56999969482422
2010-03-11,80.27999877929688,1108.0,45.45000076293945,1150.239990234375,20.13999938964844,5133.39990234375,18.059999465942383
2010-03-12,79.38999938964844,1101.5,45.49800109863281,1149.989990234375,19.729999542236328,5137.0,17.579999923706055
2010-03-15,77.88999938964844,1105.0999755859375,45.55799865722656,1150.510009765625,20.26000022888184,5128.89990234375,18.0
2010-03-16,79.0199966430664,1122.199951171875,45.38999938964844,1159.4599609375,19.59000015258789,5198.10009765625,17.690000534057617
2010-03-17,81.95999908447266,1124.0,45.27999877929688,1166.2099609375,17.729999542236328,5231.89990234375,16.90999984741211
2010-03-18,81.4800033569336,1127.4000244140625,45.38999938964844,1165.8299560546875,17.969999313354492,5245.89990234375,16.6200008392334
2010-03-19,79.87999725341797,1107.4000244140625,45.25,1159.9000244140625,17.75,5262.7998046875,16.969999313354492
2010-03-22,80.54000091552734,1099.300048828125,45.470001220703125,1165.81005859375,19.959999084472656,5205.2001953125,16.8700008392334
2010-03-23,80.69999694824219,1103.5,45.400001525878906,1174.1700439453125,18.1299991607666,5225.2998046875,16.350000381469727
2010-03-25,79.61000061035156,1092.699951171875,45.48799896240234,1165.72998046875,17.049999237060547,5260.39990234375,18.399999618530277
2010-03-26,79.29000091552734,1104.199951171875,45.11000061035156,1166.5899658203125,17.889999389648438,5282.0,17.770000457763672
2010-03-29,81.16999816894531,1110.300048828125,44.79999923706055,1173.219970703125,18.729999542236328,5302.85009765625,17.59000015258789
2010-03-30,81.27999877929688,1104.5,44.93999862670898,1173.27001953125,19.799999237060547,5262.4501953125,17.1299991607666
2010-03-31,82.69999694824219,1113.300048828125,44.79999923706055,1169.4300537109375,19.8700008392334,5249.10009765625,17.59000015258789
2010-04-01,84.01000213623047,1125.0999755859375,44.59999847412109,1178.0999755859375,17.6200008392334,5290.5,17.469999313354492
2010-04-05,85.87999725341797,1132.9000244140625,44.36000061035156,1187.43994140625,17.170000076293945,5368.39990234375,17.020000457763672
2010-04-06,86.1500015258789,1135.0999755859375,44.34000015258789,1189.43994140625,17.200000762939453,5366.0,16.229999542236328
2010-04-07,85.58999633789062,1152.300048828125,44.400001525878906,1182.449951171875,17.31999969482422,5374.64990234375,16.6200008392334
2010-04-08,84.80999755859375,1152.199951171875,44.34000015258789,1186.43994140625,19.920000076293945,5304.4501953125,16.479999542236328
2010-04-09,84.83000183105469,1161.0999755859375,44.119998931884766,1194.3699951171875,18.440000534057617,5361.75,16.139999389648438
2010-04-12,84.7699966430664,1161.5999755859375,44.34000015258789,1196.47998046875,20.049999237060547,5339.7001953125,15.579999923706056
2010-04-13,84.72000122070312,1152.800048828125,44.57799911499024,1197.300048828125,20.13999938964844,5322.9501953125,16.200000762939453
2010-04-15,87.16999816894531,1159.699951171875,44.290000915527344,1211.6700439453125,21.57999992370605,5273.60009765625,15.890000343322754
2010-04-16,85.98999786376953,1136.300048828125,44.31800079345703,1192.1300048828125,21.780000686645508,5262.60009765625,18.36000061035156
2010-04-19,84.2300033569336,1135.199951171875,44.72800064086914,1197.52001953125,22.65999984741211,5203.64990234375,17.34000015258789
2010-04-20,84.80000305175781,1138.5999755859375,44.38999938964844,1207.1700439453125,20.8700008392334,5230.10009765625,15.729999542236328
2010-04-21,85.69999694824219,1148.199951171875,44.400001525878906,1205.93994140625,19.229999542236328,5244.89990234375,16.31999969482422
2010-04-22,85.66999816894531,1142.300048828125,44.43999862670898,1208.6700439453125,20.530000686645508,5269.35009765625,16.469999313354492
2010-04-23,87.25,1153.0999755859375,44.290000915527344,1217.280029296875,20.209999084472656,5304.10009765625,16.6200008392334
2010-04-26,86.83000183105469,1153.5,44.25,1212.050048828125,19.790000915527344,5322.4501953125,17.469999313354492
2010-04-27,85.77999877929688,1161.699951171875,44.45000076293945,1183.7099609375,19.81999969482422,5308.35009765625,22.809999465942383
2010-04-28,86.16000366210938,1171.300048828125,44.5,1191.3599853515625,22.729999542236328,5215.4501953125,21.07999992370605
2010-04-29,86.9000015258789,1168.4000244140625,44.45000076293945,1206.780029296875,21.190000534057617,5254.14990234375,18.440000534057617
2010-04-30,87.44000244140625,1180.0999755859375,44.25,1186.68994140625,20.350000381469727,5278.0,22.049999237060547
2010-05-03,88.94000244140625,1182.699951171875,44.400001525878906,1202.260009765625,22.13999938964844,5222.75,20.190000534057617
2010-05-04,88.94000244140625,1168.5999755859375,44.54999923706055,1173.5999755859375,23.299999237060547,5148.5,23.84000015258789
2010-05-05,82.61000061035156,1174.5999755859375,44.84999847412109,1165.8699951171875,23.690000534057617,5124.89990234375,24.90999984741211
2010-05-06,79.83000183105469,1196.9000244140625,45.459999084472656,1128.1500244140625,24.36000061035156,5090.85009765625,32.79999923706055
2010-05-07,78.2699966430664,1210.0,45.417999267578125,1110.8800048828125,27.399999618530277,5018.0498046875,40.95000076293945
2010-05-10,80.12000274658203,1200.4000244140625,44.76300048828125,1159.72998046875,24.13999938964844,5193.60009765625,28.84000015258789
2010-05-11,80.48999786376953,1219.9000244140625,44.9900016784668,1155.7900390625,25.809999465942383,5136.14990234375,28.31999969482422
2010-05-12,81.19999694824219,1242.699951171875,44.95000076293945,1171.6700439453125,25.81999969482422,5156.64990234375,25.520000457763672
2010-05-13,80.11000061035156,1228.800048828125,44.93999862670898,1157.43994140625,24.86000061035156,5178.89990234375,26.68000030517578
2010-05-14,77.18000030517578,1227.4000244140625,45.25,1135.6800537109375,26.530000686645508,5093.5,31.239999771118164
2010-05-17,75.0999984741211,1227.699951171875,45.52799987792969,1136.93994140625,27.170000076293945,5059.89990234375,30.84000015258789
2010-05-18,74.43000030517578,1214.300048828125,45.560001373291016,1120.800048828125,26.540000915527344,5066.2001953125,33.54999923706055
2010-05-19,73.69000244140625,1192.5999755859375,46.27299880981445,1115.050048828125,32.040000915527344,4919.64990234375,35.31999969482422
2010-05-20,71.83999633789062,1187.800048828125,46.7400016784668,1071.5899658203125,31.040000915527344,4947.60009765625,45.790000915527344
2010-05-21,71.68000030517578,1175.699951171875,46.917999267578125,1087.68994140625,32.2599983215332,4931.14990234375,40.09999847412109
2010-05-24,71.16999816894531,1193.800048828125,46.810001373291016,1073.6500244140625,31.299999237060547,4943.9501953125,38.31999969482422
2010-05-25,69.55000305175781,1197.800048828125,47.47999954223633,1074.030029296875,34.52000045776367,4806.75,34.61000061035156
2010-05-26,71.73999786376953,1213.300048828125,47.09999847412109,1067.949951171875,32.150001525878906,4917.39990234375,35.02000045776367
2010-05-27,74.66000366210938,1211.9000244140625,46.720001220703125,1103.06005859375,29.01000022888184,5003.10009765625,29.68000030517578
2010-05-28,74.0199966430664,1212.199951171875,46.29999923706055,1089.4100341796875,26.43000030517578,5066.5498046875,32.06999969482422
2010-05-31,74.0199966430664,1212.199951171875,46.358001708984375,1089.4100341796875,26.43000030517578,5086.2998046875,32.06999969482422
2010-06-01,72.70999908447266,1224.800048828125,47.08300018310547,1070.7099609375,29.07999992370605,4970.2001953125,35.540000915527344
2010-06-02,73.75,1220.5999755859375,46.79999923706055,1098.3800048828125,27.76000022888184,5019.85009765625,30.170000076293945
2010-06-03,75.41000366210938,1208.300048828125,46.5,1102.8299560546875,25.290000915527344,5110.5,29.459999084472656
2010-06-04,72.08999633789062,1216.199951171875,46.86000061035156,1064.8800048828125,24.71999931335449,5135.5,35.47999954223633
2010-06-07,72.08999633789062,1239.300048828125,46.790000915527344,1050.469970703125,27.989999771118164,5034.0,36.56999969482422
2010-06-08,72.08999633789062,1244.0,46.83000183105469,1062.0,28.770000457763672,4987.10009765625,33.70000076293945
2010-06-09,72.08999633789062,1228.5,46.810001373291016,1055.68994140625,28.15999984741211,5000.2998046875,33.72999954223633
2010-06-10,75.29000091552734,1220.800048828125,46.75,1086.8399658203125,26.5,5078.60009765625,30.56999969482422
2010-06-11,74.3499984741211,1228.9000244140625,46.75,1091.5999755859375,25.100000381469727,5119.35009765625,28.790000915527344
2010-06-14,75.19999694824219,1223.300048828125,46.400001525878906,1089.6300048828125,22.950000762939453,5197.7001953125,28.57999992370605
2010-06-15,76.19999694824219,1233.199951171875,46.400001525878906,1115.22998046875,21.979999542236328,5222.35009765625,25.8700008392334
2010-06-16,78.13999938964844,1229.300048828125,46.40999984741211,1114.6099853515625,22.670000076293945,5233.35009765625,25.920000076293945
2010-06-17,78.68000030517578,1247.5,46.09000015258789,1116.0400390625,20.850000381469727,5274.85009765625,25.049999237060547
2010-06-18,78.22000122070312,1257.199951171875,46.0099983215332,1117.510009765625,19.959999084472656,5262.60009765625,23.950000762939453
2010-06-21,78.81999969482422,1239.699951171875,45.65999984741211,1113.199951171875,19.40999984741211,5353.2998046875,24.8799991607666
2010-06-22,78.04000091552734,1239.9000244140625,46.02000045776367,1095.31005859375,20.63999938964844,5316.5498046875,27.049999237060547
2010-06-23,76.2699966430664,1234.0999755859375,46.150001525878906,1092.0400390625,20.34000015258789,5323.14990234375,26.90999984741211
2010-06-24,76.47000122070312,1245.5,46.2599983215332,1073.68994140625,20.06999969482422,5320.60009765625,29.739999771118164
2010-06-25,78.12000274658203,1255.800048828125,46.150001525878906,1076.760009765625,20.0,5269.0498046875,28.530000686645508
2010-06-28,77.58999633789062,1238.199951171875,46.09999847412109,1074.5699462890625,19.549999237060547,5333.5,29.0
2010-06-29,75.44000244140625,1242.0,46.40999984741211,1041.239990234375,20.63999938964844,5256.14990234375,34.130001068115234
2010-06-30,75.01000213623047,1245.5,46.400001525878906,1030.7099609375,20.06999969482422,5312.5,34.540000915527344
2010-07-01,72.33999633789062,1206.300048828125,46.40999984741211,1027.3699951171875,21.440000534057617,5251.39990234375,32.86000061035156
2010-07-02,71.6500015258789,1207.4000244140625,46.560001373291016,1022.5800170898438,21.899999618530277,5237.10009765625,30.1200008392334
2010-07-05,71.6500015258789,1207.4000244140625,46.72800064086914,1022.5800170898438,21.989999771118164,5235.89990234375,30.1200008392334
2010-07-06,71.44999694824219,1194.800048828125,46.59999847412109,1028.06005859375,20.899999618530277,5289.0498046875,29.649999618530277
2010-07-07,73.51000213623047,1198.5999755859375,46.95000076293945,1060.27001953125,22.11000061035156,5241.10009765625,26.84000015258789
2010-07-08,74.70999908447266,1195.800048828125,46.650001525878906,1070.25,21.1200008392334,5296.85009765625,25.709999084472656
2010-07-09,75.41999816894531,1209.5999755859375,46.52000045776367,1077.9599609375,20.209999084472656,5352.4501953125,24.979999542236328
2010-07-12,74.37000274658203,1198.5,46.65999984741211,1078.75,19.90999984741211,5383.0,24.43000030517578
2010-07-13,76.6500015258789,1213.300048828125,46.40999984741211,1095.3399658203125,19.11000061035156,5400.64990234375,24.559999465942383
2010-07-14,76.7699966430664,1206.800048828125,46.59999847412109,1095.1700439453125,20.06999969482422,5386.14990234375,24.88999938964844
2010-07-15,76.7699966430664,1208.0999755859375,46.45000076293945,1096.47998046875,20.18000030517578,5378.75,25.13999938964844
2010-07-16,75.37000274658203,1188.0,46.70000076293945,1064.8800048828125,19.700000762939453,5393.89990234375,26.25
2010-07-19,75.62000274658203,1181.699951171875,46.09000015258789,1071.25,20.709999084472656,5386.4501953125,25.96999931335449
2010-07-20,76.22000122070312,1191.5,47.25,1083.47998046875,20.3799991607666,5368.0,23.93000030517578
2010-07-21,75.37000274658203,1191.5999755859375,47.06999969482422,1069.5899658203125,20.0,5399.35009765625,25.63999938964844
2010-07-22,77.81999969482422,1195.5,47.040000915527344,1093.6700439453125,18.899999618530277,5441.9501953125,24.6299991607666
2010-07-23,77.44999694824219,1187.699951171875,46.88999938964844,1102.6600341796875,19.239999771118164,5449.10009765625,23.46999931335449
2010-07-26,77.5,1183.0,47.042999267578125,1115.010009765625,19.96999931335449,5418.60009765625,22.729999542236328
2010-07-27,76.12999725341797,1158.0,46.64799880981445,1113.8399658203125,19.21999931335449,5430.60009765625,23.190000534057617
2010-07-28,76.05999755859375,1160.4000244140625,46.68999862670898,1106.1300048828125,19.520000457763672,5397.5498046875,24.25
2010-07-29,77.58999633789062,1168.4000244140625,46.459999084472656,1101.530029296875,18.32999992370605,5408.89990234375,24.1299991607666
2010-07-30,78.18000030517578,1181.699951171875,46.36000061035156,1101.5999755859375,18.940000534057617,5367.60009765625,23.5
2010-08-02,80.81999969482422,1183.4000244140625,46.0880012512207,1125.8599853515625,17.989999771118164,5431.64990234375,22.01000022888184
2010-08-03,82.68000030517578,1185.199951171875,46.12799835205078,1120.4599609375,17.549999237060547,5439.5498046875,22.6299991607666
2010-08-04,82.19999694824219,1193.699951171875,46.12799835205078,1127.239990234375,17.040000915527344,5467.85009765625,22.209999084472656
2010-08-05,81.61000061035156,1197.199951171875,46.0,1125.81005859375,17.709999084472656,5447.10009765625,22.100000381469727
2010-08-06,80.16000366210938,1203.4000244140625,46.055999755859375,1121.6400146484375,17.3700008392334,5439.25,21.739999771118164
2010-08-09,80.98999786376953,1200.699951171875,45.95800018310547,1127.7900390625,17.0,5486.14990234375,22.13999938964844
2010-08-10,79.5999984741211,1196.199951171875,46.07799911499024,1121.06005859375,17.329999923706055,5460.7001953125,22.3700008392334
2010-08-11,77.63999938964844,1197.5,46.310001373291016,1089.469970703125,18.11000061035156,5420.60009765625,25.38999938964844
2010-08-12,75.5199966430664,1214.800048828125,46.59000015258789,1083.6099853515625,18.0,5416.4501953125,25.729999542236328
2010-08-13,75.11000061035156,1214.9000244140625,46.709999084472656,1079.25,16.739999771118164,5452.10009765625,26.239999771118164
2010-08-16,74.8499984741211,1224.5,46.62799835205078,1079.3800048828125,18.11000061035156,5418.2998046875,26.100000381469727
2010-08-17,76.93000030517578,1226.5999755859375,46.68299865722656,1092.5400390625,17.6299991607666,5414.14990234375,24.32999992370605
2010-08-18,76.47000122070312,1229.699951171875,46.608001708984375,1094.1600341796875,16.399999618530273,5479.14990234375,24.59000015258789
2010-08-19,75.30000305175781,1233.800048828125,46.53799819946289,1075.6300048828125,16.530000686645508,5540.2001953125,26.440000534057617
2010-08-20,74.26000213623047,1227.199951171875,46.358001708984375,1071.68994140625,16.700000762939453,5530.64990234375,25.489999771118164
2010-08-23,73.62000274658203,1226.9000244140625,46.608001708984375,1067.3599853515625,17.139999389648438,5543.5,25.65999984741211
2010-08-24,72.37999725341797,1231.800048828125,46.5629997253418,1051.8699951171875,16.989999771118164,5505.10009765625,27.459999084472656
2010-08-25,73.4800033569336,1239.5,46.858001708984375,1055.3299560546875,18.920000076293945,5462.35009765625,26.700000762939453
2010-08-26,75.0199966430664,1235.4000244140625,46.87300109863281,1047.219970703125,17.09000015258789,5477.89990234375,27.3700008392334
2010-08-27,76.6500015258789,1236.0,46.78799819946289,1064.5899658203125,19.6299991607666,5408.7001953125,24.450000762939453
2010-08-30,76.5999984741211,1237.0999755859375,46.803001403808594,1048.9200439453125,18.36000061035156,5415.4501953125,27.209999084472656
2010-08-31,74.63999938964844,1248.300048828125,46.87300109863281,1049.3299560546875,18.46999931335449,5402.39990234375,26.049999237060547
2010-09-01,76.3499984741211,1246.300048828125,47.02799987792969,1080.2900390625,16.700000762939453,5471.85009765625,23.88999938964844
2010-09-02,76.93000030517578,1251.5,46.650001525878906,1090.0999755859375,16.149999618530273,5486.14990234375,23.190000534057617
2010-09-03,76.66999816894531,1249.199951171875,46.59999847412109,1104.510009765625,15.859999656677246,5479.39990234375,21.309999465942383
2010-09-06,76.66999816894531,1249.199951171875,46.57799911499024,1104.510009765625,15.220000267028809,5576.9501953125,21.309999465942383
2010-09-07,77.73999786376953,1257.300048828125,46.51300048828125,1091.8399658203125,15.829999923706056,5604.0,23.799999237060547
2010-09-08,78.16999816894531,1255.5999755859375,46.65999984741211,1098.8699951171875,15.970000267028809,5607.85009765625,23.25
2010-09-09,77.47000122070312,1248.9000244140625,46.51800155639648,1104.1800537109375,15.920000076293944,5640.0498046875,22.809999465942383
2010-09-13,79.02999877929688,1245.0999755859375,46.28300094604492,1121.9000244140625,18.13999938964844,5760.0,21.209999084472656
2010-09-14,79.16000366210938,1269.699951171875,46.22999954223633,1121.0999755859375,18.600000381469727,5795.5498046875,21.559999465942383
2010-09-15,78.91000366210938,1266.699951171875,46.13999938964844,1125.0699462890625,19.43000030517578,5860.9501953125,22.100000381469727
2010-09-16,78.4800033569336,1271.9000244140625,46.20000076293945,1124.6600341796875,18.850000381469727,5828.7001953125,21.71999931335449
2010-09-17,78.20999908447266,1275.5999755859375,46.09999847412109,1125.5899658203125,19.489999771118164,5884.9501953125,22.01000022888184
2010-09-20,79.31999969482422,1279.0,45.87799835205078,1142.7099609375,21.950000762939453,5980.4501953125,21.5
2010-09-21,78.41999816894531,1272.4000244140625,45.619998931884766,1139.780029296875,22.6299991607666,6009.0498046875,22.350000381469727
2010-09-22,77.94999694824219,1290.199951171875,45.58000183105469,1134.280029296875,24.290000915527344,5991.0,22.51000022888184
2010-09-23,78.11000061035156,1294.300048828125,45.55799865722656,1124.8299560546875,23.899999618530277,5959.5498046875,23.8700008392334
2010-09-24,78.87000274658203,1296.0,45.45000076293945,1148.6700439453125,21.709999084472656,6018.2998046875,21.709999084472656
2010-09-27,78.56999969482422,1296.699951171875,45.2400016784668,1142.1600341796875,22.36000061035156,6035.64990234375,22.540000915527344
2010-09-28,78.70999908447266,1306.5999755859375,44.93000030517578,1147.699951171875,21.209999084472656,6029.5,22.600000381469727
2010-09-29,80.7699966430664,1308.5,45.04999923706055,1144.72998046875,22.15999984741211,5991.2998046875,23.25
2010-09-30,82.30999755859375,1307.800048828125,44.68999862670898,1141.199951171875,22.25,6029.9501953125,23.700000762939453
2010-10-01,83.75,1316.0999755859375,44.5629997253418,1146.239990234375,21.43000030517578,6143.39990234375,22.5
2010-10-04,83.27999877929688,1315.4000244140625,44.41299819946289,1137.030029296875,22.799999237060547,6159.4501953125,23.530000686645508
2010-10-05,84.83999633789062,1338.9000244140625,44.45000076293945,1160.75,22.170000076293945,6145.7998046875,21.76000022888184
2010-10-06,85.05999755859375,1346.4000244140625,44.400001525878906,1159.969970703125,21.729999542236328,6186.4501953125,21.489999771118164
2010-10-07,83.43000030517578,1333.9000244140625,44.18999862670898,1158.06005859375,22.450000762939453,6120.2998046875,21.559999465942383
2010-10-08,84.02999877929688,1344.199951171875,44.20000076293945,1165.1500244140625,21.399999618530277,6103.4501953125,20.709999084472656
2010-10-11,83.72000122070312,1353.300048828125,44.40800094604492,1165.3199462890625,21.200000762939453,6135.85009765625,18.959999084472656
2010-10-12,83.5,1345.699951171875,44.36000061035156,1169.77001953125,20.51000022888184,6090.89990234375,18.93000030517578
2010-10-13,84.63999938964844,1369.5,44.5,1178.0999755859375,20.020000457763672,6233.89990234375,19.06999969482422
2010-10-14,84.52999877929688,1376.699951171875,44.34000015258789,1173.81005859375,20.600000381469727,6177.35009765625,19.8799991607666
2010-10-15,82.44999694824219,1371.0999755859375,44.06800079345703,1176.18994140625,22.649999618530277,6062.64990234375,19.030000686645508
2010-10-18,84.37000274658203,1371.199951171875,44.15800094604492,1184.7099609375,22.350000381469727,6075.9501953125,19.09000015258789
2010-10-19,81.0999984741211,1335.0999755859375,44.16999816894531,1165.9000244140625,23.229999542236328,6027.2998046875,20.6299991607666
2010-10-20,83.5999984741211,1343.300048828125,44.33000183105469,1178.1700439453125,23.799999237060547,5982.10009765625,19.790000915527344
2010-10-21,81.83000183105469,1324.699951171875,44.20000076293945,1180.260009765625,22.190000534057617,6101.5,19.270000457763672
2010-10-22,82.95999908447266,1324.4000244140625,44.20000076293945,1183.0799560546875,21.61000061035156,6066.0498046875,18.780000686645508
2010-10-25,83.54000091552734,1338.300048828125,44.52799987792969,1185.6199951171875,21.36000061035156,6105.7998046875,19.850000381469727
2010-10-26,83.66000366210938,1338.0,44.25,1185.6400146484375,20.549999237060547,6082.0,20.21999931335449
2010-10-27,83.2300033569336,1322.199951171875,44.400001525878906,1182.449951171875,21.020000457763672,6012.64990234375,20.709999084472656
2010-10-28,83.58999633789062,1342.0999755859375,44.41999816894531,1183.780029296875,20.520000457763672,5987.7001953125,20.8799991607666
2010-10-29,83.1500015258789,1357.0999755859375,44.41999816894531,1183.260009765625,20.76000022888184,6017.7001953125,21.200000762939453
2010-11-01,84.62000274658203,1350.199951171875,44.448001861572266,1184.3800048828125,20.920000076293945,6117.5498046875,21.82999992370605
2010-11-02,85.41000366210938,1356.4000244140625,44.34000015258789,1193.5699462890625,21.25,6119.0,21.56999969482422
2010-11-03,86.37999725341797,1337.0999755859375,44.20000076293945,1197.9599609375,21.530000686645508,6160.5,19.559999465942383
2010-11-04,88.0,1382.699951171875,44.25,1221.06005859375,19.36000061035156,6281.7998046875,18.520000457763672
2010-11-08,88.45999908447266,1402.800048828125,43.900001525878906,1223.25,19.61000061035156,6273.2001953125,18.290000915527344
2010-11-09,88.33000183105469,1409.800048828125,44.29999923706055,1213.4000244140625,18.75,6301.5498046875,19.07999992370605
2010-11-10,88.95999908447266,1399.0999755859375,44.18999862670898,1218.7099609375,19.07999992370605,6275.7001953125,18.46999931335449
2010-11-11,88.80999755859375,1403.0999755859375,44.2599983215332,1213.5400390625,19.36000061035156,6194.25,18.63999938964844
2010-11-12,86.33999633789062,1365.4000244140625,44.2400016784668,1199.2099609375,21.6299991607666,6071.64990234375,20.61000061035156
2010-11-15,86.69999694824219,1368.4000244140625,44.77799987792969,1197.75,20.25,6121.60009765625,20.200000762939453
2010-11-16,84.7300033569336,1338.300048828125,45.11000061035156,1178.3399658203125,21.1299991607666,5988.7001953125,22.57999992370605
2010-11-18,85.05000305175781,1352.9000244140625,45.108001708984375,1196.68994140625,20.6200008392334,5998.7998046875,18.75
2010-11-19,84.33999633789062,1352.199951171875,45.150001525878906,1199.72998046875,21.600000381469727,5890.2998046875,18.040000915527344
2010-11-22,83.95999908447266,1357.699951171875,45.26300048828125,1197.8399658203125,19.93000030517578,6010.0,18.3700008392334
2010-11-23,83.25,1377.5,45.29999923706055,1180.72998046875,23.26000022888184,5934.75,20.6299991607666
2010-11-24,85.83999633789062,1372.9000244140625,45.540000915527344,1198.3499755859375,24.68000030517578,5865.75,19.559999465942383
2010-11-25,85.83999633789062,1372.9000244140625,45.5099983215332,1198.3499755859375,21.6299991607666,5799.75,19.559999465942383
2010-11-26,85.58000183105469,1362.300048828125,45.55799865722656,1189.4000244140625,22.57999992370605,5751.9501953125,22.21999931335449
2010-11-29,87.33999633789062,1366.0,45.709999084472656,1187.760009765625,21.309999465942383,5830.0,21.530000686645508
2010-11-30,85.91999816894531,1385.0,45.79999923706055,1180.550048828125,20.709999084472656,5862.7001953125,23.540000915527344
2010-12-01,88.87000274658203,1387.300048828125,45.77000045776367,1206.0699462890625,19.200000762939453,5960.89990234375,21.36000061035156
2010-12-02,90.69000244140624,1388.5,45.22999954223633,1221.530029296875,18.799999237060547,6011.7001953125,19.38999938964844
2010-12-03,91.41999816894533,1405.4000244140625,45.130001068115234,1224.7099609375,18.600000381469727,5992.7998046875,18.010000228881836
2010-12-06,91.4499969482422,1415.300048828125,44.91299819946289,1223.1199951171875,19.3700008392334,5992.25,18.020000457763672
2010-12-07,91.38999938964844,1408.300048828125,44.810001373291016,1223.75,19.239999771118164,5976.5498046875,17.989999771118164
2010-12-08,90.7699966430664,1382.5,44.5,1228.280029296875,20.43000030517578,5903.7001953125,17.739999771118164
2010-12-09,90.98999786376952,1392.0999755859375,45.0,1233.0,22.600000381469727,5766.5,17.25
2010-12-10,90.4800033569336,1384.300048828125,45.04999923706055,1240.4000244140625,21.6299991607666,5857.35009765625,17.610000610351562
2010-12-13,91.19000244140624,1397.300048828125,44.95000076293945,1240.4599609375,22.56999969482422,5907.64990234375,17.549999237060547
2010-12-14,91.20999908447266,1403.5999755859375,44.90999984741211,1241.5899658203125,21.459999084472656,5944.10009765625,17.610000610351562
2010-12-15,92.1999969482422,1385.5,44.90999984741211,1235.22998046875,21.420000076293945,5892.2998046875,17.940000534057617
2010-12-16,91.70999908447266,1370.4000244140625,45.25,1242.8699951171875,20.239999771118164,5948.75,17.389999389648438
2010-12-20,92.73999786376952,1385.5,45.167999267578125,1247.0799560546875,20.780000686645508,5947.0498046875,16.40999984741211
2010-12-21,93.1999969482422,1388.199951171875,45.2599983215332,1254.5999755859375,19.770000457763672,6000.64990234375,16.489999771118164
2010-12-22,93.6500015258789,1386.800048828125,45.18000030517578,1258.8399658203125,19.559999465942383,5984.39990234375,15.449999809265137
2010-12-23,94.25,1380.0,44.95000076293945,1256.77001953125,19.030000686645508,5980.0,16.469999313354492
2010-12-24,94.25,1380.0,45.060001373291016,1256.77001953125,17.649999618530273,6011.60009765625,16.469999313354492
2010-12-27,93.8499984741211,1382.4000244140625,45.0099983215332,1257.5400390625,18.450000762939453,5998.10009765625,17.670000076293945
2010-12-28,94.37999725341795,1405.199951171875,45.09999847412109,1258.510009765625,18.1299991607666,5996.0,17.520000457763672
2010-12-29,94.13999938964844,1413.0999755859375,44.95000076293945,1259.780029296875,17.1299991607666,6060.35009765625,17.280000686645508
2010-12-30,93.08999633789062,1405.5999755859375,44.91999816894531,1257.8800048828125,17.020000457763672,6101.85009765625,17.520000457763672
2010-12-31,94.75,1421.0999755859375,44.810001373291016,1257.6400146484375,16.559999465942383,6134.5,17.75
2011-01-03,94.83999633789062,1422.5999755859375,44.81800079345703,1271.8699951171875,16.989999771118164,6157.60009765625,17.610000610351562
2011-01-04,93.52999877929688,1378.5,44.61000061035156,1270.199951171875,17.030000686645508,6146.35009765625,17.3799991607666
2011-01-05,95.5,1373.4000244140625,44.900001525878906,1276.56005859375,17.8799991607666,6079.7998046875,17.020000457763672
2011-01-06,94.5199966430664,1371.4000244140625,45.209999084472656,1273.8499755859375,18.200000762939453,6048.25,17.399999618530273
2011-01-07,93.33000183105467,1368.5,45.18000030517578,1271.5,20.81999969482422,5904.60009765625,17.139999389648438
2011-01-10,95.6999969482422,1373.699951171875,45.358001708984375,1269.75,23.15999984741211,5762.85009765625,17.540000915527344
2011-01-11,97.61000061035156,1384.0,45.310001373291016,1274.47998046875,22.32999992370605,5754.10009765625,16.889999389648438
2011-01-12,98.12000274658205,1385.699951171875,45.09799957275391,1285.9599609375,21.40999984741211,5863.25,16.239999771118164
2011-01-13,98.05999755859376,1386.9000244140625,44.90999984741211,1283.760009765625,23.149999618530277,5751.89990234375,16.389999389648438
2011-01-14,98.05999755859376,1360.4000244140625,44.959999084472656,1293.239990234375,23.809999465942383,5654.5498046875,15.460000038146973
2011-01-17,98.05999755859376,1360.4000244140625,45.417999267578125,1293.239990234375,23.56999969482422,5654.75,15.460000038146973
2011-01-18,97.8000030517578,1368.0999755859375,45.43999862670898,1295.02001953125,21.459999084472656,5724.0498046875,15.869999885559082
2011-01-19,98.16000366210938,1370.199951171875,45.31999969482422,1281.9200439453125,21.09000015258789,5691.0498046875,17.309999465942383
2011-01-20,96.58000183105467,1346.5,45.29999923706055,1280.260009765625,21.01000022888184,5711.60009765625,17.989999771118164
2011-01-21,97.5999984741211,1341.0,45.77799987792969,1283.3499755859375,21.030000686645508,5696.5,18.46999931335449
2011-01-24,96.61000061035156,1344.5,45.5880012512207,1290.8399658203125,20.170000076293945,5743.25,17.649999618530273
2011-01-25,95.25,1332.300048828125,45.45000076293945,1291.1800537109375,20.780000686645508,5687.39990234375,17.59000015258789
2011-01-27,97.38999938964844,1318.4000244140625,45.45000076293945,1299.5400390625,22.09000015258789,5604.2998046875,16.149999618530273
2011-01-28,99.41999816894533,1340.699951171875,45.6879997253418,1276.3399658203125,22.57999992370605,5512.14990234375,20.040000915527344
2011-01-31,101.01000213623048,1333.800048828125,45.8380012512207,1286.1199951171875,23.40999984741211,5505.89990234375,19.530000686645508
2011-02-01,101.73999786376952,1339.5999755859375,45.79999923706055,1307.5899658203125,23.729999542236328,5417.2001953125,17.6299991607666
2011-02-02,102.33999633789062,1331.5,45.40999984741211,1304.030029296875,23.520000457763672,5432.0,17.299999237060547
2011-02-03,101.76000213623048,1352.300048828125,45.45000076293945,1307.0999755859375,22.690000534057617,5526.75,16.690000534057617
2011-02-04,99.83000183105467,1348.300048828125,45.560001373291016,1310.8699951171875,24.40999984741211,5395.75,15.93000030517578
2011-02-07,99.25,1347.5999755859375,45.608001708984375,1319.050048828125,24.690000534057617,5396.0,16.280000686645508
2011-02-08,99.91999816894533,1363.4000244140625,45.310001373291016,1324.5699462890625,24.739999771118164,5312.5498046875,15.8100004196167
2011-02-09,101.81999969482422,1364.800048828125,45.150001525878906,1320.8800048828125,25.239999771118164,5253.5498046875,15.869999885559082
2011-02-10,100.87000274658205,1361.9000244140625,45.34999847412109,1321.8699951171875,24.81999969482422,5225.7998046875,16.09000015258789
2011-02-11,101.43000030517578,1359.9000244140625,45.630001068115234,1329.1500244140625,23.46999931335449,5310.0,15.6899995803833
2011-02-14,103.08000183105467,1364.5999755859375,45.608001708984375,1332.3199462890625,22.57999992370605,5456.0,15.949999809265137
2011-02-15,101.63999938964844,1373.5999755859375,45.34999847412109,1328.010009765625,22.850000381469727,5481.0,16.3700008392334
2011-02-16,103.77999877929688,1374.699951171875,45.40999984741211,1336.3199462890625,23.049999237060547,5481.7001953125,16.719999313354492
2011-02-17,102.58999633789062,1384.699951171875,45.310001373291016,1340.4300537109375,22.56999969482422,5546.4501953125,16.59000015258789
2011-02-18,102.5199966430664,1388.199951171875,45.209999084472656,1343.010009765625,24.18000030517578,5458.9501953125,16.43000030517578
2011-02-21,102.5199966430664,1388.199951171875,45.108001708984375,1343.010009765625,24.90999984741211,5518.60009765625,16.43000030517578
2011-02-22,105.77999877929688,1400.5,44.917999267578125,1315.43994140625,26.850000381469727,5469.2001953125,20.799999237060547
2011-02-23,111.25,1413.4000244140625,45.150001525878906,1307.4000244140625,26.549999237060547,5437.35009765625,22.1299991607666
2011-02-24,111.36000061035156,1415.300048828125,45.04999923706055,1306.0999755859375,28.200000762939453,5262.7001953125,21.31999969482422
2011-02-25,112.13999938964844,1408.699951171875,45.400001525878906,1319.8800048828125,27.270000457763672,5303.5498046875,19.21999931335449
2011-02-28,111.8000030517578,1409.300048828125,45.25,1327.219970703125,24.399999618530277,5333.25,18.350000381469727
2011-03-01,115.41999816894533,1430.699951171875,45.09999847412109,1306.3299560546875,22.21999931335449,5522.2998046875,21.01000022888184
2011-03-03,114.79000091552734,1416.0,44.810001373291016,1330.969970703125,22.959999084472656,5536.2001953125,18.600000381469727
2011-03-04,115.97000122070312,1428.199951171875,44.84999847412109,1321.1500244140625,22.90999984741211,5538.75,19.059999465942383
2011-03-07,115.04000091552734,1434.0999755859375,44.90299987792969,1310.1300048828125,25.21999931335449,5463.14990234375,20.65999984741211
2011-03-08,113.05999755859376,1426.9000244140625,44.970001220703125,1321.8199462890625,23.670000076293945,5520.7998046875,19.81999969482422
2011-03-09,115.94000244140624,1429.300048828125,44.900001525878906,1320.02001953125,23.280000686645508,5531.0,20.21999931335449
2011-03-10,115.43000030517578,1412.199951171875,44.869998931884766,1295.1099853515625,23.530000686645508,5494.39990234375,21.8799991607666
2011-03-11,113.83999633789062,1421.5,45.11000061035156,1304.280029296875,24.1299991607666,5445.4501953125,20.07999992370605
2011-03-14,113.66999816894533,1424.5999755859375,45.23799896240234,1296.3900146484375,23.299999237060547,5531.5,21.1299991607666
2011-03-15,108.5199966430664,1392.5999755859375,44.95000076293945,1281.8699951171875,26.6299991607666,5449.64990234375,24.31999969482422
2011-03-16,110.62000274658205,1396.0,45.15999984741211,1256.8800048828125,24.88999938964844,5511.14990234375,29.399999618530277
2011-03-17,114.9000015258789,1404.0,45.02000045776367,1273.719970703125,25.26000022888184,5446.64990234375,26.3700008392334
2011-03-18,113.93000030517578,1415.9000244140625,45.04999923706055,1279.2099609375,25.88999938964844,5373.7001953125,24.440000534057617
2011-03-21,114.95999908447266,1426.199951171875,44.99800109863281,1298.3800048828125,25.209999084472656,5364.75,20.61000061035156
2011-03-22,115.6999969482422,1427.5,44.90999984741211,1293.77001953125,22.26000022888184,5413.85009765625,20.209999084472656
2011-03-23,115.5500030517578,1437.9000244140625,44.84999847412109,1297.5400390625,20.96999931335449,5480.25,19.170000076293945
2011-03-24,115.72000122070312,1434.800048828125,44.75,1309.6600341796875,19.84000015258789,5522.39990234375,18.0
2011-03-25,115.58999633789062,1426.0999755859375,44.59999847412109,1313.800048828125,20.46999931335449,5654.25,17.90999984741211
2011-03-28,114.8000030517578,1419.800048828125,44.69300079345703,1310.18994140625,21.020000457763672,5687.25,19.440000534057617
2011-03-29,114.8000030517578,1416.0,44.70000076293945,1319.43994140625,21.21999931335449,5736.35009765625,18.15999984741211
2011-03-30,115.12999725341795,1423.800048828125,44.65999984741211,1328.260009765625,22.040000915527344,5787.64990234375,17.709999084472656
2011-03-31,117.36000061035156,1438.9000244140625,44.61000061035156,1325.8299560546875,22.18000030517578,5833.75,17.739999771118164
2011-04-01,118.6999969482422,1428.0999755859375,44.45000076293945,1332.4100341796875,20.11000061035156,5826.0498046875,17.399999618530273
2011-04-04,121.05999755859376,1432.199951171875,44.448001861572266,1332.8699951171875,20.059999465942383,5908.4501953125,17.5
2011-04-05,122.22000122070312,1451.800048828125,44.31800079345703,1332.6300048828125,19.899999618530277,5910.0498046875,17.25
2011-04-06,122.3000030517578,1457.699951171875,44.29999923706055,1335.5400390625,20.36000061035156,5891.75,16.899999618530273
2011-04-07,122.66999816894533,1458.5,44.04999923706055,1333.510009765625,20.31999969482422,5885.7001953125,17.110000610351562
2011-04-08,126.6500015258789,1473.4000244140625,44.09999847412109,1328.1700439453125,20.540000915527344,5842.0,17.8700008392334
2011-04-11,123.9800033569336,1467.4000244140625,44.0629997253418,1324.4599609375,21.239999771118164,5785.7001953125,16.59000015258789
2011-04-13,122.87999725341795,1454.9000244140625,44.1879997253418,1314.4100341796875,20.40999984741211,5911.5,16.920000076293945
2011-04-15,123.4499969482422,1485.300048828125,44.1879997253418,1319.6800537109375,21.59000015258789,5824.5498046875,15.31999969482422
2011-04-18,121.61000061035156,1492.300048828125,44.27299880981445,1305.1400146484375,22.450000762939453,5729.10009765625,16.959999084472656
2011-04-19,121.33000183105467,1494.5,44.36000061035156,1312.6199951171875,22.06999969482422,5740.75,15.829999923706056
2011-04-20,121.33000183105467,1498.300048828125,44.40999984741211,1330.3599853515625,20.989999771118164,5851.64990234375,15.06999969482422
2011-04-21,123.98999786376952,1503.199951171875,44.2599983215332,1337.3800048828125,20.51000022888184,5884.7001953125,14.6899995803833
2011-04-25,123.66000366210938,1508.5999755859375,44.26800155639648,1335.25,20.90999984741211,5874.5,15.770000457763672
2011-04-26,124.13999938964844,1503.0,44.40999984741211,1347.239990234375,21.709999084472656,5868.39990234375,15.619999885559082
2011-04-27,125.12999725341795,1516.699951171875,44.40999984741211,1355.6600341796875,21.350000381469727,5833.89990234375,15.350000381469728
2011-04-28,125.0199966430664,1530.800048828125,44.33000183105469,1360.47998046875,20.920000076293945,5785.4501953125,14.619999885559082
2011-04-29,125.88999938964844,1556.0,44.29999923706055,1363.6099853515625,19.57999992370605,5749.5,14.75
2011-05-02,125.12000274658205,1556.699951171875,44.24800109863281,1361.219970703125,20.8799991607666,5701.2998046875,15.989999771118164
2011-05-03,122.4499969482422,1540.0999755859375,44.220001220703125,1356.6199951171875,21.57999992370605,5565.25,16.700000762939453
2011-05-04,121.19000244140624,1514.9000244140625,44.40999984741211,1347.3199462890625,21.18000030517578,5537.14990234375,17.079999923706055
2011-05-05,110.8000030517578,1480.9000244140625,44.31999969482422,1335.0999755859375,21.600000381469727,5459.85009765625,18.200000762939453
2011-05-06,109.12999725341795,1491.199951171875,44.70000076293945,1340.199951171875,20.96999931335449,5551.4501953125,18.399999618530277
2011-05-09,115.9000015258789,1502.9000244140625,44.72299957275391,1346.2900390625,21.5,5551.10009765625,17.15999984741211
2011-05-10,117.62999725341795,1516.5999755859375,44.61000061035156,1357.1600341796875,21.739999771118164,5541.25,15.90999984741211
2011-05-11,112.56999969482422,1501.0999755859375,44.61000061035156,1342.0799560546875,21.239999771118164,5565.0498046875,16.950000762939453
2011-05-12,112.9800033569336,1506.5999755859375,44.58000183105469,1348.6500244140625,21.229999542236328,5486.14990234375,16.030000686645508
2011-05-13,113.83000183105467,1493.4000244140625,44.709999084472656,1337.77001953125,20.6299991607666,5544.75,17.06999969482422
2011-05-16,112.7300033569336,1490.4000244140625,44.858001708984375,1329.469970703125,21.459999084472656,5499.0,18.239999771118164
2011-05-17,109.98999786376952,1479.800048828125,44.959999084472656,1328.97998046875,21.030000686645508,5438.9501953125,17.549999237060547
2011-05-18,112.3000030517578,1495.5999755859375,45.0099983215332,1340.6800537109375,20.709999084472656,5420.60009765625,16.229999542236328
2011-05-19,111.41999816894533,1492.199951171875,44.959999084472656,1343.5999755859375,20.40999984741211,5428.10009765625,15.520000457763672
2011-05-20,112.38999938964844,1508.800048828125,44.84999847412109,1333.27001953125,19.450000762939453,5486.35009765625,17.43000030517578
2011-05-23,110.0999984741211,1515.300048828125,44.99300003051758,1317.3699951171875,21.040000915527344,5386.5498046875,18.270000457763672
2011-05-24,112.52999877929688,1523.199951171875,45.150001525878906,1316.280029296875,19.93000030517578,5394.85009765625,17.81999969482422
2011-05-25,114.93000030517578,1526.5999755859375,45.15999984741211,1320.469970703125,20.65999984741211,5348.9501953125,17.06999969482422
2011-05-26,115.0500030517578,1522.800048828125,45.22999954223633,1325.68994140625,19.18000030517578,5412.35009765625,16.09000015258789
2011-05-27,115.02999877929688,1536.300048828125,45.18999862670898,1331.0999755859375,17.25,5476.10009765625,15.979999542236328
2011-05-30,115.02999877929688,1536.300048828125,45.17300033569336,1331.0999755859375,17.8700008392334,5473.10009765625,15.979999542236328
2011-06-01,114.52999877929688,1542.4000244140625,44.959999084472656,1314.550048828125,16.729999542236328,5592.0,18.299999237060547
2011-06-02,115.54000091552734,1532.0,44.7599983215332,1312.93994140625,17.979999542236328,5550.35009765625,18.09000015258789
2011-06-03,115.83999633789062,1541.699951171875,44.7599983215332,1300.1600341796875,17.610000610351562,5516.75,17.950000762939453
2011-06-06,114.4800033569336,1546.5,44.823001861572266,1286.1700439453125,18.209999084472656,5532.0498046875,18.489999771118164
2011-06-07,116.77999877929688,1543.300048828125,44.66999816894531,1284.93994140625,18.030000686645508,5556.14990234375,18.06999969482422
2011-06-08,117.8499984741211,1538.0999755859375,44.61000061035156,1279.56005859375,18.57999992370605,5526.85009765625,18.790000915527344
2011-06-09,119.56999969482422,1542.0999755859375,44.65999984741211,1289.0,18.57999992370605,5521.0498046875,17.770000457763672
2011-06-10,118.77999877929688,1528.5999755859375,44.59999847412109,1270.97998046875,18.540000915527344,5485.7998046875,18.86000061035156
2011-06-13,119.0999984741211,1515.0,44.72299957275391,1271.8299560546875,18.90999984741211,5482.7998046875,19.61000061035156
2011-06-14,120.16000366210938,1523.800048828125,44.79999923706055,1287.8699951171875,18.51000022888184,5500.5,18.26000022888184
2011-06-15,117.0999984741211,1525.5999755859375,44.73899841308594,1265.4200439453125,19.13999938964844,5447.5,21.31999969482422
2011-06-16,114.0199966430664,1529.300048828125,44.709999084472656,1267.6400146484375,19.65999984741211,5396.75,22.729999542236328
2011-06-17,113.20999908447266,1538.5999755859375,44.79999923706055,1271.5,20.270000457763672,5366.39990234375,21.850000381469727
2011-06-20,111.69000244140624,1541.5,44.76300048828125,1278.3599853515625,22.18000030517578,5257.89990234375,19.989999771118164
2011-06-21,110.9499969482422,1546.0,44.869998931884766,1295.52001953125,21.309999465942383,5275.85009765625,18.86000061035156
2011-06-22,114.20999908447266,1552.9000244140625,44.7599983215332,1287.1400146484375,20.88999938964844,5278.2998046875,18.520000457763672
2011-06-23,107.26000213623048,1520.0999755859375,44.75,1283.5,19.5,5320.0,19.290000915527344
2011-06-24,105.12000274658205,1500.5,44.84999847412109,1268.449951171875,19.31999969482422,5471.25,21.100000381469727
2011-06-27,105.98999786376952,1496.0,44.98799896240234,1280.0999755859375,19.989999771118164,5526.60009765625,20.559999465942383
2011-06-28,108.77999877929688,1499.699951171875,44.95000076293945,1296.6700439453125,19.489999771118164,5545.2998046875,19.170000076293945
2011-06-29,112.4000015258789,1509.9000244140625,44.93999862670898,1307.4100341796875,19.459999084472656,5600.4501953125,17.270000457763672
2011-06-30,112.4800033569336,1502.300048828125,44.7599983215332,1320.6400146484375,18.40999984741211,5647.39990234375,16.520000457763672
2011-07-01,111.7699966430664,1482.300048828125,44.59299850463867,1339.6700439453125,18.209999084472656,5627.2001953125,15.869999885559082
2011-07-04,111.7699966430664,1482.300048828125,44.62300109863281,1339.6700439453125,18.170000076293945,5650.5,15.869999885559082
2011-07-05,111.7699966430664,1512.300048828125,44.41999816894531,1337.8800048828125,18.25,5632.10009765625,16.059999465942383
2011-07-06,113.62000274658205,1528.699951171875,44.34000015258789,1339.219970703125,18.34000015258789,5625.4501953125,16.34000015258789
2011-07-07,118.58999633789062,1530.199951171875,44.33000183105469,1353.219970703125,18.6200008392334,5728.9501953125,15.949999809265137
2011-07-08,118.33000183105467,1541.199951171875,44.33000183105469,1343.800048828125,18.670000076293945,5660.64990234375,15.949999809265137
2011-07-11,117.23999786376952,1548.800048828125,44.41299819946289,1319.489990234375,19.690000534057617,5616.10009765625,18.38999938964844
2011-07-12,117.75,1561.9000244140625,44.34999847412109,1313.6400146484375,20.82999992370605,5526.14990234375,19.8700008392334
2011-07-13,117.75,1585.199951171875,44.560001373291016,1317.719970703125,19.520000457763672,5585.4501953125,19.90999984741211
2011-07-15,117.26000213623048,1589.800048828125,44.400001525878906,1316.1400146484375,19.950000762939453,5581.10009765625,19.530000686645508
2011-07-18,116.0500030517578,1602.0999755859375,44.507999420166016,1305.43994140625,20.200000762939453,5567.0498046875,20.950000762939453
2011-07-19,116.0500030517578,1600.9000244140625,44.5,1326.72998046875,19.25,5613.5498046875,19.209999084472656
2011-07-20,118.1500015258789,1596.699951171875,44.369998931884766,1325.8399658203125,19.11000061035156,5567.0498046875,19.09000015258789
2011-07-21,117.51000213623048,1586.800048828125,44.369998931884766,1343.800048828125,18.75,5541.60009765625,17.559999465942383
2011-07-22,118.66999816894533,1601.300048828125,44.29999923706055,1345.02001953125,17.90999984741211,5633.9501953125,17.520000457763672
2011-07-25,117.94000244140624,1612.0,44.34299850463867,1337.4300537109375,19.200000762939453,5680.2998046875,19.350000381469727
2011-07-26,118.27999877929688,1616.5999755859375,44.310001373291016,1331.93994140625,19.299999237060547,5574.85009765625,20.229999542236328
2011-07-27,117.43000030517578,1615.0,44.04999923706055,1304.8900146484375,18.25,5546.7998046875,22.979999542236328
2011-07-28,117.36000061035156,1613.4000244140625,44.02999877929688,1300.6700439453125,18.51000022888184,5487.75,23.739999771118164
2011-07-29,116.73999786376952,1628.300048828125,44.0099983215332,1292.280029296875,19.770000457763672,5482.0,25.25
2011-08-01,116.80999755859376,1619.0,44.20299911499024,1286.93994140625,18.780000686645508,5516.7998046875,23.65999984741211
2011-08-02,116.45999908447266,1641.9000244140625,44.0629997253418,1254.050048828125,19.149999618530277,5456.5498046875,24.790000915527344
2011-08-03,113.2300033569336,1663.4000244140625,44.26300048828125,1260.3399658203125,19.479999542236328,5404.7998046875,23.3799991607666
2011-08-04,107.25,1656.199951171875,44.3129997253418,1200.0699462890625,20.21999931335449,5331.7998046875,31.65999984741211
2011-08-05,109.37000274658205,1648.800048828125,44.5629997253418,1199.3800048828125,24.899999618530277,5211.25,32.0
2011-08-08,103.73999786376952,1710.199951171875,44.733001708984375,1119.4599609375,28.780000686645508,5118.5,48.0
2011-08-09,102.56999969482422,1740.0,45.00299835205078,1172.530029296875,34.880001068115234,5072.85009765625,35.060001373291016
2011-08-10,106.68000030517578,1781.300048828125,45.20299911499024,1120.760009765625,28.950000762939453,5161.0,42.9900016784668
2011-08-11,108.0199966430664,1748.800048828125,45.24800109863281,1172.6400146484375,29.09000015258789,5138.2998046875,39.0
2011-08-12,108.02999877929688,1740.199951171875,45.292999267578125,1178.81005859375,27.020000457763672,5072.9501953125,36.36000061035156
2011-08-16,108.02999877929688,1782.4000244140625,45.233001708984375,1192.760009765625,26.459999084472656,5035.7998046875,32.849998474121094
2011-08-17,110.5999984741211,1791.199951171875,45.25299835205078,1193.8900146484375,25.479999542236328,5056.60009765625,31.57999992370605
2011-08-18,106.98999786376952,1818.9000244140625,45.303001403808594,1140.6500244140625,27.450000762939453,4944.14990234375,42.66999816894531
2011-08-19,108.62000274658205,1848.9000244140625,45.709999084472656,1123.530029296875,29.190000534057617,4845.64990234375,43.04999923706055
2011-08-22,108.36000061035156,1888.699951171875,45.66299819946289,1123.8199462890625,27.07999992370605,4898.7998046875,42.43999862670898
2011-08-23,109.30999755859376,1858.300048828125,45.61000061035156,1162.3499755859375,25.920000076293945,4948.89990234375,36.27000045776367
2011-08-24,110.1500015258789,1754.0999755859375,45.540000915527344,1177.5999755859375,28.600000381469727,4888.89990234375,35.900001525878906
2011-08-25,110.1500015258789,1759.800048828125,45.93999862670898,1159.27001953125,27.940000534057617,4839.60009765625,39.7599983215332
2011-08-26,111.36000061035156,1794.0999755859375,46.0099983215332,1176.800048828125,33.2599983215332,4747.7998046875,35.59000015258789
2011-08-29,111.87999725341795,1788.4000244140625,46.15299987792969,1210.0799560546875,26.06999969482422,4919.60009765625,32.279998779296875
2011-08-30,114.0199966430664,1826.699951171875,45.84999847412109,1212.9200439453125,24.8799991607666,5001.0,32.88999938964844
2011-09-02,112.33000183105467,1873.699951171875,45.70000076293945,1173.969970703125,26.09000015258789,5040.0,33.91999816894531
2011-09-05,112.33000183105467,1873.699951171875,45.73799896240234,1173.969970703125,27.82999992370605,5017.2001953125,33.91999816894531
2011-09-06,112.88999938964844,1869.9000244140625,45.98400115966797,1165.239990234375,28.65999984741211,5064.2998046875,37.0
2011-09-07,115.8000030517578,1814.199951171875,46.040000915527344,1198.6199951171875,27.86000061035156,5124.64990234375,33.380001068115234
2011-09-08,114.5500030517578,1854.4000244140625,46.040000915527344,1185.9000244140625,27.63999938964844,5153.25,34.31999969482422
2011-09-09,112.7699966430664,1856.4000244140625,46.130001068115234,1154.22998046875,28.149999618530277,5059.4501953125,38.52000045776367
2011-09-12,112.25,1809.9000244140625,46.64300155639648,1162.27001953125,32.75,4946.7998046875,38.59000015258789
2011-09-13,111.88999938964844,1826.800048828125,47.15999984741211,1172.8699951171875,32.77000045776367,4940.9501953125,36.90999984741211
2011-09-14,112.4000015258789,1823.5,47.459999084472656,1188.6800537109375,32.45000076293945,5012.5498046875,34.599998474121094
2011-09-15,115.33999633789062,1778.5,47.560001373291016,1209.1099853515625,30.790000915527344,5075.7001953125,31.96999931335449
2011-09-16,112.22000122070312,1812.0999755859373,47.5,1216.010009765625,28.450000762939453,5084.25,30.979999542236328
2011-09-19,109.13999938964844,1776.4000244140625,47.16999816894531,1204.0899658203125,29.600000381469727,5031.9501953125,32.72999954223633
2011-09-20,110.54000091552734,1806.5999755859373,47.72299957275391,1202.0899658203125,27.25,5140.2001953125,32.86000061035156
2011-09-21,110.36000061035156,1805.5,47.90999984741211,1166.760009765625,27.670000076293945,5133.25,37.31999969482422
2011-09-22,105.48999786376952,1739.199951171875,48.209999084472656,1129.56005859375,33.880001068115234,4923.64990234375,41.34999847412109
2011-09-23,103.97000122070312,1637.5,49.47299957275391,1136.4300537109375,35.15999984741211,4867.75,41.25
2011-09-26,103.97000122070312,1592.5,49.34299850463867,1162.949951171875,35.43000030517578,4835.39990234375,39.02000045776367
2011-09-27,107.13999938964844,1650.5999755859375,49.400001525878906,1175.3800048828125,32.0099983215332,4971.25,37.709999084472656
2011-09-28,103.80999755859376,1616.300048828125,48.810001373291016,1151.06005859375,32.0,4945.89990234375,41.08000183105469
2011-09-29,103.9499969482422,1615.5,48.75,1160.4000244140625,31.06999969482422,5015.4501953125,38.84000015258789
2011-09-30,102.76000213623048,1620.4000244140625,48.86000061035156,1131.4200439453125,31.940000534057617,4943.25,42.959999084472656
2011-10-03,101.70999908447266,1656.0,49.04999923706055,1099.22998046875,35.06999969482422,4849.5,45.45000076293945
2011-10-04,99.79000091552734,1614.699951171875,49.09999847412109,1123.949951171875,37.18999862670898,4772.14990234375,40.81999969482422
2011-10-05,99.79000091552734,1640.300048828125,49.303001403808594,1144.030029296875,35.369998931884766,4751.2998046875,37.810001373291016
2011-10-07,105.87999725341795,1634.5,49.040000915527344,1155.4599609375,33.02000045776367,4888.0498046875,36.20000076293945
2011-10-10,108.9499969482422,1669.5999755859375,48.89300155639648,1194.8900146484375,30.030000686645508,4979.60009765625,33.02000045776367
2011-10-11,110.7300033569336,1659.699951171875,48.8129997253418,1195.5400390625,30.299999237060547,4974.35009765625,32.86000061035156
2011-10-12,111.36000061035156,1681.300048828125,49.23799896240234,1207.25,28.40999984741211,5099.39990234375,31.26000022888184
2011-10-13,111.11000061035156,1667.300048828125,48.90999984741211,1203.6600341796875,28.239999771118164,5077.85009765625,30.700000762939453
2011-10-14,114.68000030517578,1681.800048828125,49.20000076293945,1224.5799560546875,25.979999542236328,5132.2998046875,28.239999771118164
2011-10-17,110.16000366210938,1675.5,48.89300155639648,1200.8599853515625,25.43000030517578,5118.25,33.38999938964844
2011-10-18,111.1500015258789,1651.699951171875,48.900001525878906,1225.3800048828125,25.899999618530277,5037.5,31.559999465942383
2011-10-19,108.38999938964844,1646.0,49.2400016784668,1209.8800048828125,24.049999237060547,5139.14990234375,34.439998626708984
2011-10-20,109.76000213623048,1611.9000244140625,49.0099983215332,1215.3900146484375,25.600000381469727,5091.89990234375,34.779998779296875
2011-10-21,109.55999755859376,1635.0999755859375,49.86000061035156,1238.25,26.299999237060547,5049.9501953125,31.31999969482422
2011-10-24,111.4499969482422,1651.5,49.823001861572266,1254.18994140625,25.21999931335449,5098.35009765625,29.26000022888184
2011-10-25,110.91999816894533,1699.5999755859375,49.54999923706055,1229.050048828125,22.309999465942383,5191.60009765625,32.220001220703125
2011-10-28,109.91000366210938,1746.199951171875,49.790000915527344,1285.0899658203125,20.88999938964844,5360.7001953125,24.530000686645508
2011-10-31,109.55999755859376,1724.199951171875,48.62799835205078,1253.300048828125,22.65999984741211,5326.60009765625,29.959999084472656
2011-11-01,109.54000091552734,1711.0,48.67300033569336,1218.280029296875,24.020000457763672,5257.9501953125,34.77000045776367
2011-11-02,109.33999633789062,1728.699951171875,49.257999420166016,1237.9000244140625,24.88999938964844,5258.4501953125,32.7400016784668
2011-11-03,110.83000183105467,1764.199951171875,49.12300109863281,1261.1500244140625,24.65999984741211,5265.75,30.5
2011-11-04,111.97000122070312,1755.300048828125,49.04800033569336,1253.22998046875,23.43000030517578,5284.2001953125,30.15999984741211
2011-11-08,115.0,1798.4000244140625,48.90999984741211,1275.9200439453125,23.709999084472656,5289.35009765625,27.479999542236328
2011-11-09,112.30999755859376,1790.9000244140625,49.310001373291016,1229.0999755859375,24.299999237060547,5221.0498046875,36.15999984741211
2011-11-11,114.16000366210938,1787.5,49.959999084472656,1263.8499755859375,24.739999771118164,5168.85009765625,30.040000915527344
2011-11-14,111.88999938964844,1777.800048828125,50.03300094604492,1251.780029296875,25.290000915527344,5148.35009765625,31.1299991607666
2011-11-15,112.38999938964844,1781.699951171875,50.36800003051758,1257.81005859375,25.96999931335449,5068.5,31.21999931335449
2011-11-16,111.87999725341795,1773.800048828125,50.62300109863281,1236.9100341796875,25.040000915527344,5030.4501953125,33.5099983215332
2011-11-17,108.22000122070312,1719.800048828125,50.70299911499024,1216.1300048828125,26.920000076293945,4934.75,34.5099983215332
2011-11-18,107.55999755859376,1724.699951171875,50.948001861572266,1215.6500244140625,26.57999992370605,4905.7998046875,32.0
2011-11-21,107.55999755859376,1678.300048828125,51.22800064086914,1192.97998046875,28.61000061035156,4778.35009765625,32.90999984741211
2011-11-22,109.02999877929688,1702.199951171875,52.05799865722656,1188.0400390625,27.350000381469727,4812.35009765625,31.96999931335449
2011-11-23,107.0199966430664,1695.699951171875,52.483001708984375,1161.7900390625,30.68000030517578,4706.4501953125,33.97999954223633
2011-11-25,106.4000015258789,1685.5,52.0629997253418,1158.6700439453125,29.1200008392334,4710.0498046875,34.470001220703125
2011-11-28,109.0,1710.800048828125,52.22800064086914,1192.550048828125,26.63999938964844,4851.2998046875,32.130001068115234
2011-11-29,110.81999969482422,1713.4000244140625,51.94300079345703,1195.18994140625,26.8700008392334,4805.10009765625,30.63999938964844
2011-11-30,110.81999969482422,1745.5,51.90299987792969,1246.9599609375,26.549999237060547,4832.0498046875,27.799999237060547
2011-12-01,108.98999786376952,1735.300048828125,51.72999954223633,1244.5799560546875,25.020000457763672,4936.85009765625,27.40999984741211
2011-12-02,109.94000244140624,1747.0,51.29999923706055,1244.280029296875,23.989999771118164,5050.14990234375,27.520000457763672
2011-12-05,109.80999755859376,1730.699951171875,51.10300064086914,1257.0799560546875,25.020000457763672,5039.14990234375,27.84000015258789
2011-12-07,109.52999877929688,1740.9000244140625,51.20000076293945,1261.010009765625,26.459999084472656,5062.60009765625,28.670000076293945
2011-12-08,108.11000061035156,1709.800048828125,51.59999847412109,1234.3499755859375,28.57999992370605,4943.64990234375,30.59000015258789
2011-12-09,108.62000274658205,1712.800048828125,51.70000076293945,1255.18994140625,29.530000686645508,4866.7001953125,26.3799991607666
2011-12-12,107.26000213623048,1664.199951171875,51.86800003051758,1236.469970703125,29.270000457763672,4764.60009765625,25.670000076293945
2011-12-13,109.5,1659.9000244140625,52.650001525878906,1225.72998046875,28.11000061035156,4800.60009765625,25.40999984741211
2011-12-14,105.0199966430664,1584.300048828125,53.09999847412109,1211.8199462890625,28.790000915527344,4763.25,26.040000915527344
2011-12-15,105.08999633789062,1574.5999755859375,53.709999084472656,1215.75,28.809999465942383,4746.35009765625,25.11000061035156
2011-12-16,103.3499984741211,1595.5999755859375,53.209999084472656,1219.6600341796875,29.690000534057617,4651.60009765625,24.290000915527344
2011-12-19,103.63999938964844,1594.4000244140625,52.49300003051758,1205.3499755859375,30.57999992370605,4613.10009765625,24.920000076293945
2011-12-20,106.7300033569336,1615.5999755859375,52.70000076293945,1241.300048828125,30.530000686645508,4544.2001953125,23.21999931335449
2011-12-21,107.70999908447266,1611.9000244140625,52.709999084472656,1243.719970703125,27.530000686645508,4693.14990234375,21.43000030517578
2011-12-22,107.88999938964844,1608.9000244140625,52.39300155639648,1254.0,26.84000015258789,4733.85009765625,21.15999984741211
2011-12-23,107.95999908447266,1604.699951171875,52.5099983215332,1265.3299560546875,27.38999938964844,4714.0,20.729999542236328
2011-12-27,109.2699966430664,1594.199951171875,52.70000076293945,1265.4300537109375,26.290000915527344,4750.5,21.90999984741211
2011-12-28,107.55999755859376,1562.9000244140625,52.84999847412109,1249.6400146484375,26.739999771118164,4705.7998046875,23.520000457763672
2011-12-29,108.01000213623048,1539.9000244140625,52.86000061035156,1263.02001953125,26.6200008392334,4646.25,22.649999618530277
2011-12-30,107.37999725341795,1565.800048828125,53.0,1257.5999755859375,27.11000061035156,4624.2998046875,23.399999618530277
2012-01-03,112.12999725341795,1599.699951171875,53.29800033569336,1277.06005859375,26.15999984741211,4765.2998046875,22.96999931335449
2012-01-04,113.6999969482422,1611.9000244140625,53.04999923706055,1277.300048828125,26.40999984741211,4749.64990234375,22.21999931335449
2012-01-05,112.73999786376952,1619.4000244140625,52.84999847412109,1281.06005859375,25.90999984741211,4749.9501953125,21.479999542236328
2012-01-06,113.05999755859376,1616.0999755859375,52.7599983215332,1277.81005859375,25.459999084472656,4754.10009765625,20.6299991607666
2012-01-09,112.4499969482422,1607.5,52.67300033569336,1280.699951171875,25.68000030517578,4742.7998046875,21.06999969482422
2012-01-10,113.27999877929688,1631.0,52.380001068115234,1292.0799560546875,24.0,4849.5498046875,20.690000534057617
2012-01-11,112.23999786376952,1639.199951171875,51.59999847412109,1292.47998046875,24.540000915527344,4860.9501953125,21.049999237060547
2012-01-12,111.26000213623048,1647.300048828125,51.75,1295.5,24.030000686645508,4831.25,20.46999931335449
2012-01-13,110.44000244140624,1630.4000244140625,51.45000076293945,1289.0899658203125,23.479999542236328,4866.0,20.90999984741211
2012-01-16,110.44000244140624,1630.4000244140625,51.43299865722656,1289.0899658203125,24.06999969482422,4873.89990234375,20.90999984741211
2012-01-17,111.52999877929688,1655.199951171875,51.380001068115234,1293.6700439453125,22.61000061035156,4967.2998046875,22.200000762939453
2012-01-18,110.66000366210938,1659.5,50.650001525878906,1308.0400390625,22.68000030517578,4955.7998046875,20.88999938964844
2012-01-19,111.5500030517578,1654.0999755859375,50.36000061035156,1314.5,21.68000030517578,5018.39990234375,19.8700008392334
2012-01-20,109.86000061035156,1663.699951171875,50.303001403808594,1315.3800048828125,21.959999084472656,5048.60009765625,18.280000686645508
2012-01-23,110.58000183105467,1678.0,50.22299957275391,1316.0,22.13999938964844,5046.25,18.670000076293945
2012-01-24,110.02999877929688,1664.199951171875,49.84000015258789,1314.6500244140625,21.420000076293945,5127.35009765625,18.90999984741211
2012-01-25,109.80999755859376,1699.800048828125,50.0,1326.06005859375,21.020000457763672,5158.2998046875,18.309999465942383
2012-01-27,111.45999908447266,1731.800048828125,52.49300003051758,1316.3299560546875,21.700000762939453,5204.7001953125,18.530000686645508
2012-01-30,110.75,1731.0,49.38800048828125,1313.010009765625,23.459999084472656,5087.2998046875,19.399999618530277
2012-01-31,110.9800033569336,1737.800048828125,52.49300003051758,1312.4100341796875,22.65999984741211,5199.25,19.440000534057617
2012-02-01,111.55999755859376,1747.0999755859375,49.5,1324.0899658203125,22.88999938964844,5235.7001953125,18.549999237060547
2012-02-02,112.06999969482422,1756.800048828125,49.0099983215332,1325.5400390625,23.690000534057617,5269.89990234375,17.979999542236328
2012-02-03,114.58000183105467,1737.9000244140625,49.0,1344.9000244140625,24.09000015258789,5325.85009765625,17.100000381469727
2012-02-06,115.93000030517578,1722.800048828125,48.65299987792969,1344.3299560546875,24.6200008392334,5361.64990234375,17.760000228881836
2012-02-07,116.2300033569336,1746.4000244140625,49.053001403808594,1347.050048828125,24.90999984741211,5335.14990234375,17.649999618530273
2012-02-08,117.1999969482422,1729.300048828125,49.042999267578125,1349.9599609375,24.270000457763672,5368.14990234375,18.15999984741211
2012-02-09,118.58999633789062,1739.0,49.14799880981445,1351.949951171875,23.299999237060547,5412.35009765625,18.6299991607666
2012-02-10,117.30999755859376,1723.300048828125,49.48799896240234,1342.6400146484375,23.82999992370605,5381.60009765625,20.790000915527344
2012-02-13,117.93000030517578,1723.0,49.35300064086914,1351.77001953125,23.709999084472656,5390.2001953125,19.040000915527344
2012-02-14,118.16000366210938,1715.9000244140625,49.1879997253418,1350.5,22.709999084472656,5416.0498046875,19.540000915527344
2012-02-15,118.93000030517578,1726.300048828125,49.358001708984375,1343.22998046875,22.100000381469727,5531.9501953125,21.13999938964844
2012-02-16,120.11000061035156,1726.800048828125,49.28300094604492,1358.0400390625,23.32999992370605,5521.9501953125,19.21999931335449
2012-02-17,119.58000183105467,1724.5,49.28300094604492,1361.22998046875,24.18000030517578,5564.2998046875,17.780000686645508
2012-02-21,121.66000366210938,1757.0999755859375,49.14799880981445,1362.2099609375,26.25,5607.14990234375,18.190000534057617
2012-02-22,122.9000015258789,1770.0,49.303001403808594,1357.6600341796875,26.799999237060547,5505.35009765625,18.190000534057617
2012-02-23,123.62000274658205,1784.9000244140625,49.21799850463867,1363.4599609375,24.32999992370605,5483.2998046875,16.799999237060547
2012-02-24,125.47000122070312,1775.0999755859375,49.09299850463867,1365.739990234375,24.81999969482422,5429.2998046875,17.309999465942383
2012-02-27,124.16999816894533,1773.5999755859375,49.007999420166016,1367.5899658203125,27.3799991607666,5281.2001953125,18.190000534057617
2012-02-28,121.5500030517578,1787.0,49.17300033569336,1372.1800537109375,25.850000381469727,5375.5,17.959999084472656
2012-02-29,122.66000366210938,1709.9000244140625,49.06800079345703,1365.6800537109375,26.93000030517578,5385.2001953125,18.43000030517578
2012-03-01,126.1999969482422,1721.0999755859375,49.00299835205078,1374.0899658203125,27.670000076293945,5339.75,17.260000228881836
2012-03-02,123.6500015258789,1708.800048828125,49.198001861572266,1369.6300048828125,27.84000015258789,5359.35009765625,17.290000915527344
2012-03-05,123.8000030517578,1703.0,49.51800155639648,1364.3299560546875,28.920000076293945,5280.35009765625,18.049999237060547
2012-03-06,121.9800033569336,1671.4000244140625,49.83300018310547,1343.3599853515625,27.34000015258789,5222.39990234375,20.8700008392334
2012-03-07,124.12000274658205,1683.300048828125,50.358001708984375,1352.6300048828125,26.32999992370605,5220.4501953125,19.06999969482422
2012-03-09,125.9800033569336,1710.9000244140625,50.073001861572266,1370.8699951171875,25.46999931335449,5333.5498046875,17.110000610351562
2012-03-12,125.33999633789062,1699.199951171875,49.75299835205078,1371.0899658203125,26.270000457763672,5359.5498046875,15.640000343322754
2012-03-13,126.22000122070312,1693.699951171875,49.96799850463867,1395.949951171875,24.75,5429.5,14.800000190734863
2012-03-14,124.97000122070312,1642.5,49.83000183105469,1394.280029296875,24.71999931335449,5463.89990234375,15.3100004196167
2012-03-15,123.5500030517578,1659.0999755859375,49.90800094604492,1402.5999755859375,25.420000076293945,5380.5,15.420000076293944
2012-03-16,125.80999755859376,1655.5,50.37799835205078,1404.1700439453125,23.1299991607666,5317.89990234375,14.470000267028809
2012-03-19,125.70999908447266,1666.9000244140625,50.132999420166016,1409.75,22.96999931335449,5257.0498046875,15.039999961853027
2012-03-20,124.12000274658205,1646.699951171875,50.22800064086914,1405.52001953125,21.940000534057617,5274.85009765625,15.579999923706056
2012-03-21,124.1999969482422,1650.0,50.38800048828125,1402.8900146484375,21.0,5364.9501953125,15.130000114440918
2012-03-22,123.13999938964844,1642.300048828125,50.62799835205078,1392.780029296875,24.770000457763672,5228.4501953125,15.56999969482422
2012-03-23,125.12999725341795,1662.300048828125,51.119998931884766,1397.1099853515625,23.34000015258789,5278.2001953125,14.81999969482422
2012-03-26,125.6500015258789,1685.5,51.167999267578125,1416.510009765625,26.739999771118164,5184.25,14.260000228881836
2012-03-27,125.54000091552734,1684.800048828125,51.02299880981445,1412.52001953125,25.049999237060547,5243.14990234375,15.59000015258789
2012-03-28,124.16000366210938,1657.9000244140625,50.678001403808594,1405.5400390625,24.8700008392334,5194.75,15.470000267028809
2012-03-29,122.38999938964844,1652.199951171875,50.77299880981445,1403.280029296875,24.32999992370605,5178.85009765625,15.479999542236328
2012-03-30,122.87999725341795,1669.300048828125,51.3380012512207,1408.469970703125,22.3799991607666,5295.5498046875,15.5
2012-04-02,125.43000030517578,1677.5,50.86800003051758,1419.0400390625,20.8799991607666,5317.89990234375,15.640000343322754
2012-04-03,124.86000061035156,1670.0,50.86800003051758,1413.3800048828125,20.01000022888184,5358.5,15.65999984741211
2012-04-04,122.33999633789062,1612.300048828125,50.25,1398.9599609375,20.6299991607666,5322.89990234375,16.440000534057617
2012-04-09,122.66999816894533,1642.5,51.03300094604492,1382.199951171875,22.32999992370605,5234.39990234375,18.809999465942383
2012-04-10,119.87999725341795,1659.5,51.04999923706055,1358.5899658203125,21.920000076293945,5243.60009765625,20.38999938964844
2012-04-11,120.18000030517578,1659.0,51.47299957275391,1368.7099609375,22.290000915527344,5226.85009765625,20.020000457763672
2012-04-12,121.70999908447266,1679.5,51.45800018310547,1387.5699462890625,21.780000686645508,5276.85009765625,17.200000762939453
2012-04-13,121.83000183105467,1659.0999755859375,51.22800064086914,1370.260009765625,22.75,5207.4501953125,19.549999237060547
2012-04-16,118.68000030517578,1648.699951171875,51.542999267578125,1369.5699462890625,22.229999542236328,5226.2001953125,19.549999237060547
2012-04-17,118.77999877929688,1650.300048828125,51.667999267578125,1390.780029296875,20.309999465942383,5289.7001953125,18.459999084472656
2012-04-18,117.97000122070312,1638.800048828125,51.46799850463867,1385.1400146484375,20.030000686645508,5300.0,18.63999938964844
2012-04-19,118.0,1640.5999755859375,51.78799819946289,1376.9200439453125,19.350000381469727,5332.39990234375,18.36000061035156
2012-04-20,118.76000213623048,1642.0999755859375,52.13800048828125,1378.530029296875,20.09000015258789,5290.85009765625,17.440000534057617
2012-04-23,118.70999908447266,1631.9000244140625,52.06800079345703,1366.93994140625,21.56999969482422,5200.60009765625,18.96999931335449
2012-04-24,118.16000366210938,1643.0,52.49800109863281,1371.969970703125,19.25,5222.64990234375,18.100000381469727
2012-04-25,119.12000274658205,1641.4000244140625,52.67300033569336,1390.68994140625,18.940000534057617,5202.0,16.81999969482422
2012-04-26,119.91999816894533,1659.5999755859375,52.53799819946289,1399.97998046875,18.739999771118164,5189.0,16.239999771118164
2012-04-27,119.83000183105467,1664.0,52.40299987792969,1403.3599853515625,17.889999389648438,5190.60009765625,16.31999969482422
2012-04-30,119.47000122070312,1663.4000244140625,52.53799819946289,1397.9100341796875,17.81999969482422,5248.14990234375,17.149999618530273
2012-05-02,118.1999969482422,1653.4000244140625,52.52999877929688,1402.31005859375,18.540000915527344,5239.14990234375,16.8799991607666
2012-05-03,116.08000183105467,1634.199951171875,52.95800018310547,1391.5699462890625,19.25,5188.39990234375,17.559999465942383
2012-05-04,113.18000030517578,1644.699951171875,53.40800094604492,1369.0999755859375,21.1200008392334,5086.85009765625,19.15999984741211
2012-05-07,113.16000366210938,1638.5999755859375,53.46799850463867,1369.5799560546875,20.21999931335449,5114.14990234375,18.940000534057617
2012-05-08,112.7300033569336,1604.0,52.90299987792969,1363.719970703125,22.15999984741211,4999.9501953125,19.049999237060547
2012-05-09,113.1999969482422,1593.699951171875,53.11800003051758,1354.5799560546875,23.040000915527344,4974.7998046875,20.07999992370605
2012-05-10,112.7300033569336,1595.0999755859375,53.81800079345703,1357.989990234375,22.71999931335449,4965.7001953125,18.82999992370605
2012-05-11,112.26000213623048,1583.5999755859375,53.25299835205078,1353.3900146484375,22.479999542236328,4928.89990234375,19.88999938964844
2012-05-14,111.56999969482422,1560.5999755859375,53.62799835205078,1338.3499755859375,23.26000022888184,4907.7998046875,21.8700008392334
2012-05-15,112.23999786376952,1556.800048828125,53.95800018310547,1330.6600341796875,22.280000686645508,4942.7998046875,21.96999931335449
2012-05-16,111.70999908447266,1536.199951171875,53.78799819946289,1324.800048828125,23.709999084472656,4858.25,22.270000457763672
2012-05-17,107.48999786376952,1574.5,54.48799896240234,1304.8599853515625,23.59000015258789,4870.2001953125,24.489999771118164
2012-05-18,107.13999938964844,1591.5999755859375,54.46799850463867,1295.219970703125,23.549999237060547,4891.4501953125,25.100000381469727
2012-05-22,108.41000366210938,1576.300048828125,55.02799987792969,1316.6300048828125,24.38999938964844,4860.5,22.479999542236328
2012-05-23,105.55999755859376,1548.0999755859375,55.38800048828125,1318.8599853515625,27.1299991607666,4835.64990234375,22.32999992370605
2012-05-24,106.5500030517578,1557.300048828125,55.99300003051758,1320.6800537109375,25.489999771118164,4921.39990234375,21.540000915527344
2012-05-25,106.83000183105467,1568.800048828125,55.560001373291016,1317.8199462890625,25.13999938964844,4920.39990234375,21.76000022888184
2012-05-28,106.83000183105467,1568.800048828125,55.36800003051758,1317.8199462890625,23.68000030517578,4985.64990234375,21.76000022888184
2012-05-29,106.68000030517578,1548.5999755859375,55.36800003051758,1332.4200439453125,24.030000686645508,4990.10009765625,21.030000686645508
2012-05-30,103.47000122070312,1563.4000244140625,55.667999267578125,1313.3199462890625,25.299999237060547,4950.75,24.13999938964844
2012-05-31,101.87000274658205,1562.5999755859375,56.22800064086914,1310.3299560546875,25.25,4924.25,24.059999465942383
2012-06-01,98.43000030517578,1620.5,56.07799911499024,1278.0400390625,26.770000457763672,4841.60009765625,26.65999984741211
2012-06-04,98.8499984741211,1612.199951171875,55.53799819946289,1278.1800537109375,25.600000381469727,4848.14990234375,26.1200008392334
2012-06-05,98.83999633789062,1615.199951171875,55.64799880981445,1285.5,26.26000022888184,4863.2998046875,24.68000030517578
2012-06-06,100.63999938964844,1632.800048828125,55.63800048828125,1315.1300048828125,24.899999618530277,4997.10009765625,22.15999984741211
2012-06-07,99.93000030517578,1586.5999755859375,55.358001708984375,1314.989990234375,23.63999938964844,5049.64990234375,21.71999931335449
2012-06-08,99.47000122070312,1590.0999755859375,54.9379997253418,1325.6600341796875,23.46999931335449,5068.35009765625,21.229999542236328
2012-06-11,98.0,1595.5,55.417999267578125,1308.9300537109375,25.020000457763672,5054.10009765625,23.559999465942383
2012-06-12,97.13999938964844,1612.699951171875,55.65800094604492,1324.1800537109375,24.200000762939453,5115.89990234375,22.09000015258789
2012-06-13,97.12999725341795,1618.0999755859375,55.79800033569336,1314.8800048828125,24.36000061035156,5121.4501953125,24.270000457763672
2012-06-14,97.02999877929688,1618.4000244140625,55.678001403808594,1329.0999755859375,25.709999084472656,5054.75,21.68000030517578
2012-06-15,97.61000061035156,1627.0,55.79800033569336,1342.8399658203125,25.540000915527344,5139.0498046875,21.11000061035156
2012-06-18,96.0500030517578,1625.699951171875,55.38800048828125,1344.780029296875,22.600000381469727,5064.25,18.31999969482422
2012-06-19,95.76000213623048,1622.199951171875,55.90299987792969,1357.97998046875,21.43000030517578,5103.85009765625,18.3799991607666
2012-06-20,92.69000244140624,1614.800048828125,55.948001861572266,1355.68994140625,21.030000686645508,5120.5498046875,17.239999771118164
2012-06-21,89.2300033569336,1564.5,56.14799880981445,1325.510009765625,19.940000534057617,5165.0,20.07999992370605
2012-06-22,90.9800033569336,1566.0,56.29800033569336,1335.02001953125,20.57999992370605,5146.0498046875,18.11000061035156
2012-06-25,91.01000213623048,1587.5,57.11800003051758,1313.719970703125,21.56999969482422,5114.64990234375,20.3799991607666
2012-06-26,93.0199966430664,1574.0,57.007999420166016,1319.989990234375,20.229999542236328,5120.7998046875,19.71999931335449
2012-06-27,93.5,1577.5,57.007999420166016,1331.8499755859375,20.3700008392334,5141.89990234375,19.450000762939453
2012-06-28,91.36000061035156,1549.699951171875,56.84999847412109,1329.0400390625,20.6200008392334,5149.14990234375,19.709999084472656
2012-06-29,97.8000030517578,1603.5,56.79800033569336,1362.1600341796875,19.07999992370605,5278.89990234375,17.079999923706055
2012-07-02,97.33999633789062,1597.199951171875,55.50299835205078,1365.510009765625,19.01000022888184,5278.60009765625,16.799999237060547
2012-07-03,100.68000030517578,1621.300048828125,55.428001403808594,1374.02001953125,18.559999465942383,5287.9501953125,16.65999984741211
2012-07-04,100.68000030517578,1621.300048828125,54.358001708984375,1374.02001953125,18.270000457763672,5302.5498046875,16.65999984741211
2012-07-05,100.6999969482422,1608.9000244140625,54.47800064086914,1367.5799560546875,18.350000381469727,5327.2998046875,17.5
2012-07-06,98.19000244140624,1578.4000244140625,54.9379997253418,1354.6800537109375,18.040000915527344,5316.9501953125,17.100000381469727
2012-07-09,100.31999969482422,1588.5999755859375,55.40299987792969,1352.4599609375,18.71999931335449,5275.14990234375,17.979999542236328
2012-07-10,97.97000122070312,1579.300048828125,55.84299850463867,1341.469970703125,17.829999923706055,5345.35009765625,18.71999931335449
2012-07-11,100.2300033569336,1575.199951171875,55.38800048828125,1341.449951171875,18.38999938964844,5306.2998046875,17.950000762939453
2012-07-12,101.06999969482422,1564.9000244140625,55.61800003051758,1334.760009765625,18.709999084472656,5235.25,18.32999992370605
2012-07-13,102.4000015258789,1591.5999755859375,55.928001403808594,1356.780029296875,18.26000022888184,5227.25,16.739999771118164
2012-07-16,103.5500030517578,1591.199951171875,55.13800048828125,1353.6400146484375,18.770000457763672,5197.25,17.110000610351562
2012-07-17,104.0,1589.0999755859375,55.04800033569336,1363.6700439453125,17.780000686645508,5192.85009765625,16.479999542236328
2012-07-18,105.16000366210938,1570.4000244140625,55.09799957275391,1372.780029296875,17.440000534057617,5216.2998046875,16.15999984741211
2012-07-19,107.8000030517578,1580.0999755859375,55.3129997253418,1376.510009765625,16.3799991607666,5242.7001953125,15.449999809265137
2012-07-20,106.83000183105467,1582.5,55.11800003051758,1362.6600341796875,16.889999389648438,5205.10009765625,16.270000457763672
2012-07-23,103.26000213623048,1577.0999755859375,55.31800079345703,1350.52001953125,18.65999984741211,5117.9501953125,18.6200008392334
2012-07-24,103.41999816894533,1576.0,55.9630012512207,1338.31005859375,16.969999313354492,5128.2001953125,20.46999931335449
2012-07-25,104.37999725341795,1608.0,56.108001708984375,1337.8900146484375,16.75,5109.60009765625,19.34000015258789
2012-07-26,105.26000213623048,1615.0,56.15800094604492,1360.02001953125,16.3700008392334,5043.0,17.530000686645508
2012-07-27,106.47000122070312,1617.9000244140625,55.51800155639648,1385.969970703125,16.440000534057617,5099.85009765625,16.700000762939453
2012-07-30,106.1999969482422,1619.699951171875,55.24800109863281,1385.300048828125,16.600000381469727,5199.7998046875,18.030000686645508
2012-07-31,104.91999816894533,1610.5,55.42300033569336,1379.3199462890625,16.010000228881836,5229.0,18.93000030517578
2012-08-01,105.95999908447266,1603.699951171875,55.64799880981445,1375.3199462890625,16.450000762939453,5240.5,18.959999084472656
2012-08-02,105.9000015258789,1587.4000244140625,55.46799850463867,1365.0,16.770000457763672,5227.75,17.56999969482422
2012-08-03,108.94000244140624,1606.0,55.8380012512207,1390.989990234375,16.1200008392334,5215.7001953125,15.640000343322754
2012-08-06,109.5500030517578,1612.9000244140625,55.74800109863281,1394.22998046875,16.219999313354492,5282.5498046875,15.949999809265137
2012-08-07,112.0,1609.699951171875,55.51800155639648,1401.3499755859375,16.209999084472656,5336.7001953125,15.989999771118164
2012-08-08,112.13999938964844,1612.9000244140625,55.0629997253418,1402.219970703125,16.3700008392334,5338.0,15.31999969482422
2012-08-09,113.22000122070312,1617.0999755859375,55.417999267578125,1402.800048828125,16.329999923706055,5322.9501953125,15.279999732971191
2012-08-10,112.9499969482422,1619.699951171875,55.26800155639648,1405.8699951171875,16.06999969482422,5320.39990234375,14.739999771118164
2012-08-13,113.5999984741211,1609.5999755859375,55.27799987792969,1404.1099853515625,16.010000228881836,5347.89990234375,13.699999809265137
2012-08-14,114.02999877929688,1599.4000244140625,55.3380012512207,1403.9300537109375,15.640000343322754,5380.35009765625,14.850000381469728
2012-08-16,116.9000015258789,1616.0999755859375,55.64799880981445,1415.510009765625,15.6899995803833,5362.9501953125,14.289999961853027
2012-08-17,113.70999908447266,1616.300048828125,55.61800003051758,1418.1600341796875,15.729999542236328,5366.2998046875,13.449999809265137
2012-08-21,114.63999938964844,1639.9000244140625,55.49800109863281,1413.1700439453125,16.299999237060547,5421.0,15.020000457763672
2012-08-22,114.91000366210938,1637.4000244140625,55.36299896240234,1413.489990234375,16.0,5412.85009765625,15.109999656677246
2012-08-23,115.01000213623048,1669.5999755859375,55.49300003051758,1402.0799560546875,16.1200008392334,5415.35009765625,15.960000038146973
2012-08-24,113.58999633789062,1669.800048828125,55.257999420166016,1411.1300048828125,16.15999984741211,5386.7001953125,15.18000030517578
2012-08-27,112.26000213623048,1672.4000244140625,55.49800109863281,1410.43994140625,16.469999313354492,5350.25,16.350000381469727
2012-08-29,112.54000091552734,1659.800048828125,55.66299819946289,1410.489990234375,16.739999771118164,5287.7998046875,17.059999465942383
2012-08-30,112.6500015258789,1653.5,55.62300109863281,1399.47998046875,16.670000076293945,5315.0498046875,17.829999923706055
2012-08-31,114.56999969482422,1684.5999755859375,55.62799835205078,1406.5799560546875,17.299999237060547,5258.5,17.469999313354492
2012-09-03,114.56999969482422,1684.5999755859375,55.51800155639648,1406.5799560546875,17.280000686645508,5253.75,17.469999313354492
2012-09-04,114.18000030517578,1692.9000244140625,55.52799987792969,1404.93994140625,16.59000015258789,5274.0,17.979999542236328
2012-09-05,113.08999633789062,1690.800048828125,55.64799880981445,1403.43994140625,17.010000228881836,5225.7001953125,17.739999771118164
2012-09-06,113.48999786376952,1702.5999755859375,55.90299987792969,1432.1199951171875,16.979999542236328,5238.39990234375,15.600000381469728
2012-09-07,114.25,1737.5,55.65800094604492,1437.9200439453125,15.260000228881836,5342.10009765625,14.380000114440918
2012-09-10,114.80999755859376,1728.699951171875,55.358001708984375,1429.0799560546875,15.270000457763672,5363.4501953125,16.280000686645508
2012-09-11,115.4000015258789,1731.800048828125,55.4379997253418,1433.56005859375,15.380000114440918,5390.0,16.40999984741211
2012-09-12,115.95999908447266,1730.5999755859375,55.3380012512207,1436.56005859375,15.039999961853027,5431.0,15.800000190734863
2012-09-13,116.9000015258789,1769.0999755859375,55.20800018310547,1459.989990234375,15.670000076293944,5435.35009765625,14.050000190734863
2012-09-14,116.9000015258789,1769.800048828125,55.417999267578125,1465.77001953125,15.380000114440918,5577.64990234375,14.510000228881836
2012-09-17,116.9000015258789,1767.699951171875,54.29800033569336,1461.18994140625,17.780000686645508,5610.0,14.59000015258789
2012-09-18,112.02999877929688,1768.4000244140625,54.007999420166016,1459.3199462890625,17.829999923706055,5600.0498046875,14.18000030517578
2012-09-20,110.02999877929688,1767.699951171875,54.01800155639648,1460.260009765625,18.6200008392334,5554.25,14.06999969482422
2012-09-21,111.41999816894533,1775.5,54.257999420166016,1460.1500244140625,18.93000030517578,5691.14990234375,13.979999542236328
2012-09-24,109.80999755859376,1762.0999755859375,53.358001708984375,1456.8900146484375,18.82999992370605,5669.60009765625,14.149999618530272
2012-09-25,110.4499969482422,1763.800048828125,53.46799850463867,1441.5899658203125,17.110000610351562,5673.89990234375,15.43000030517578
2012-09-26,110.04000091552734,1750.5999755859375,53.358001708984375,1433.3199462890625,16.969999313354492,5663.4501953125,16.809999465942383
2012-09-27,112.01000213623048,1777.5999755859375,53.507999420166016,1447.1500244140625,16.90999984741211,5649.5,14.84000015258789
2012-09-28,112.38999938964844,1771.0999755859375,53.007999420166016,1440.6700439453125,16.15999984741211,5703.2998046875,15.729999542236328
2012-10-01,112.19000244140624,1780.5,52.84799957275391,1444.489990234375,16.34000015258789,5718.7998046875,16.31999969482422
2012-10-03,108.16999816894533,1777.300048828125,52.39799880981445,1450.989990234375,16.5,5731.25,15.43000030517578
2012-10-04,112.58000183105467,1794.0999755859375,52.15299987792969,1461.4000244140625,16.440000534057617,5787.60009765625,14.550000190734863
2012-10-05,112.0199966430664,1778.5999755859375,51.73799896240234,1460.9300537109375,16.780000686645508,5746.9501953125,14.329999923706056
2012-10-08,111.81999969482422,1773.5,51.90800094604492,1455.8800048828125,17.170000076293945,5676.0,15.109999656677246
2012-10-09,114.5,1763.0,52.63800048828125,1441.47998046875,16.799999237060547,5704.60009765625,16.3700008392334
2012-10-10,114.33000183105467,1763.199951171875,52.71799850463867,1432.56005859375,16.829999923706055,5652.14990234375,16.290000915527344
2012-10-11,115.70999908447266,1768.800048828125,53.042999267578125,1432.8399658203125,16.489999771118164,5708.0498046875,15.59000015258789
2012-10-12,114.62000274658205,1758.0,52.667999267578125,1428.5899658203125,16.489999771118164,5676.0498046875,16.139999389648438
2012-10-15,115.8000030517578,1736.0,52.803001403808594,1440.1300048828125,15.899999618530272,5687.25,15.270000457763672
2012-10-16,115.06999969482422,1744.699951171875,53.01300048828125,1454.9200439453125,15.56999969482422,5648.0,15.220000267028809
2012-10-17,115.06999969482422,1751.5,52.86800003051758,1460.9100341796875,15.170000076293944,5660.25,15.06999969482422
2012-10-18,115.06999969482422,1743.300048828125,52.86800003051758,1457.3399658203125,14.760000228881836,5718.7001953125,15.029999732971191
2012-10-19,110.13999938964844,1722.800048828125,53.40800094604492,1433.18994140625,14.539999961853027,5684.25,17.059999465942383
2012-10-22,109.44000244140624,1725.0999755859375,53.8380012512207,1433.8199462890625,13.039999961853027,5717.14990234375,16.6200008392334
2012-10-23,108.25,1708.300048828125,53.46799850463867,1413.1099853515625,13.710000038146973,5691.39990234375,18.82999992370605
2012-10-25,108.48999786376952,1712.0,53.733001708984375,1412.969970703125,13.520000457763672,5705.2998046875,18.1200008392334
2012-10-29,108.48999786376952,1712.0,53.54800033569336,1412.969970703125,15.119999885559082,5665.60009765625,18.1200008392334
2012-10-30,108.48999786376952,1712.0,54.07799911499024,1412.969970703125,15.170000076293944,5597.89990234375,18.1200008392334
2012-10-31,108.6999969482422,1717.5,53.95800018310547,1412.1600341796875,14.399999618530272,5619.7001953125,18.600000381469727
2012-11-01,108.16999816894533,1714.0999755859375,53.87799835205078,1427.5899658203125,14.079999923706056,5645.0498046875,16.690000534057617
2012-11-02,105.68000030517578,1674.0999755859375,53.65299987792969,1414.199951171875,13.65999984741211,5697.7001953125,17.59000015258789
2012-11-05,107.7300033569336,1682.199951171875,53.80799865722656,1417.260009765625,14.630000114440918,5704.2001953125,18.420000076293945
2012-11-06,111.06999969482422,1714.0999755859375,54.5880012512207,1428.3900146484375,15.210000038146973,5724.39990234375,17.579999923706055
2012-11-07,106.81999969482422,1713.199951171875,54.417999267578125,1394.530029296875,14.510000228881836,5760.10009765625,19.07999992370605
2012-11-08,107.25,1725.4000244140625,54.198001861572266,1377.510009765625,14.220000267028809,5738.75,18.489999771118164
2012-11-09,109.4000015258789,1730.300048828125,54.358001708984375,1379.8499755859375,14.369999885559082,5686.25,18.61000061035156
2012-11-12,109.06999969482422,1730.300048828125,54.5880012512207,1380.030029296875,14.859999656677246,5683.7001953125,16.68000030517578
2012-11-15,110.9800033569336,1713.300048828125,54.803001403808594,1353.3299560546875,15.529999732971191,5631.0,17.989999771118164
2012-11-16,110.9800033569336,1714.300048828125,54.698001861572266,1359.8800048828125,16.219999313354492,5574.0498046875,16.40999984741211
2012-11-19,110.83999633789062,1734.0,55.15800094604492,1386.8900146484375,16.68000030517578,5571.39990234375,15.239999771118164
2012-11-20,109.83000183105467,1723.199951171875,55.05799865722656,1387.81005859375,15.8100004196167,5571.5498046875,15.079999923706056
2012-11-21,110.86000061035156,1727.9000244140625,55.09799957275391,1391.030029296875,15.460000038146973,5614.7998046875,15.3100004196167
2012-11-22,110.86000061035156,1727.9000244140625,55.108001708984375,1391.030029296875,14.90999984741211,5627.75,15.3100004196167
2012-11-23,111.37999725341795,1751.300048828125,55.20800018310547,1409.1500244140625,14.68000030517578,5626.60009765625,15.140000343322754
2012-11-26,110.91999816894533,1749.5,55.44300079345703,1406.2900390625,14.670000076293944,5635.89990234375,15.5
2012-11-27,109.87000274658205,1742.199951171875,55.63600158691406,1398.93994140625,13.960000038146973,5727.4501953125,15.920000076293944
2012-11-29,110.76000213623048,1727.199951171875,55.70299911499024,1415.949951171875,15.369999885559082,5825.0,15.0600004196167
2012-11-30,111.2300033569336,1710.9000244140625,54.8380012512207,1416.1800537109375,15.149999618530272,5879.85009765625,15.869999885559082
2012-12-03,110.91999816894533,1719.5999755859375,54.257999420166016,1409.4599609375,15.619999885559082,5870.9501953125,16.639999389648438
2012-12-04,109.83999633789062,1694.4000244140625,54.76800155639648,1407.050048828125,15.90999984741211,5889.25,17.1200008392334
2012-12-05,108.80999755859376,1692.4000244140625,54.67300033569336,1409.280029296875,16.6200008392334,5900.5,16.459999084472656
2012-12-06,107.02999877929688,1700.300048828125,54.53799819946289,1413.93994140625,15.239999771118164,5930.89990234375,16.579999923706055
2012-12-07,107.0199966430664,1704.0,54.132999420166016,1418.0699462890625,14.960000038146973,5907.39990234375,15.899999618530272
2012-12-10,107.33000183105467,1713.0,54.3380012512207,1418.550048828125,14.510000228881836,5908.89990234375,16.049999237060547
2012-12-11,108.01000213623048,1708.199951171875,54.48799896240234,1427.8399658203125,14.670000076293944,5898.7998046875,15.56999969482422
2012-12-12,109.5,1716.5999755859375,54.257999420166016,1428.47998046875,14.510000228881836,5888.0,15.949999809265137
2012-12-13,107.91000366210938,1695.5999755859375,54.31800079345703,1419.449951171875,14.710000038146973,5851.5,16.559999465942383
2012-12-14,109.1500015258789,1695.800048828125,54.45800018310547,1413.5799560546875,14.229999542236328,5879.60009765625,17.0
2012-12-17,109.1500015258789,1697.0,54.4379997253418,1430.3599853515625,14.920000076293944,5857.89990234375,16.34000015258789
2012-12-18,109.1500015258789,1669.5,54.84799957275391,1446.7900390625,14.4399995803833,5896.7998046875,15.56999969482422
2012-12-19,110.36000061035156,1666.5,54.84799957275391,1435.81005859375,14.470000267028809,5929.60009765625,17.360000610351562
2012-12-20,110.1999969482422,1644.9000244140625,54.54800033569336,1443.68994140625,14.31999969482422,5916.39990234375,17.670000076293945
2012-12-21,108.97000122070312,1659.0999755859375,54.84799957275391,1430.1500244140625,14.630000114440918,5847.7001953125,17.84000015258789
2012-12-24,108.8000030517578,1658.5999755859375,55.05799865722656,1426.6600341796875,14.489999771118164,5855.75,17.84000015258789
2012-12-26,111.06999969482422,1659.800048828125,55.007999420166016,1419.8299560546875,14.100000381469728,5905.60009765625,19.479999542236328
2012-12-27,110.8000030517578,1662.5999755859375,54.8380012512207,1418.0999755859375,13.739999771118164,5870.10009765625,19.46999931335449
2012-12-28,110.62000274658205,1654.9000244140625,54.94200134277344,1402.4300537109375,13.630000114440918,5908.35009765625,22.71999931335449
2012-12-31,111.11000061035156,1674.800048828125,54.75299835205078,1426.18994140625,14.949999809265137,5905.10009765625,18.020000457763672
2013-01-02,112.47000122070312,1687.9000244140625,54.678001403808594,1462.4200439453125,13.710000038146973,5993.25,14.68000030517578
2013-01-03,112.13999938964844,1673.699951171875,54.34799957275391,1459.3699951171875,13.470000267028809,6009.5,14.5600004196167
2013-01-04,111.30999755859376,1648.0999755859375,54.49800109863281,1466.469970703125,13.369999885559082,6016.14990234375,13.829999923706056
2013-01-07,111.4000015258789,1645.5,54.880001068115234,1461.8900146484375,13.920000076293944,5988.39990234375,13.789999961853027
2013-01-08,111.94000244140624,1661.5,55.21799850463867,1457.1500244140625,13.270000457763672,6001.7001953125,13.619999885559082
2013-01-09,111.76000213623048,1654.800048828125,54.98799896240234,1461.02001953125,13.31999969482422,5971.5,13.8100004196167
2013-01-10,111.88999938964844,1677.300048828125,54.74800109863281,1472.1199951171875,13.270000457763672,5968.64990234375,13.489999771118164
2013-01-11,110.63999938964844,1660.0,54.55799865722656,1472.050048828125,13.229999542236328,5951.2998046875,13.359999656677246
2013-01-14,111.87999725341795,1668.9000244140625,54.86800003051758,1470.6800537109375,13.699999809265137,6024.0498046875,13.520000457763672
2013-01-15,110.3000030517578,1683.4000244140625,54.49300003051758,1472.3399658203125,13.579999923706056,6056.60009765625,13.550000190734863
2013-01-16,110.61000061035156,1682.699951171875,54.61299896240234,1472.6300048828125,13.989999771118164,6001.85009765625,13.420000076293944
2013-01-17,110.61000061035156,1690.4000244140625,54.6879997253418,1480.93994140625,14.010000228881836,6039.2001953125,13.56999969482422
2013-01-18,110.61000061035156,1686.5999755859375,54.34799957275391,1485.97998046875,13.890000343322754,6064.39990234375,12.460000038146973
2013-01-21,110.61000061035156,1686.5999755859375,53.73799896240234,1485.97998046875,13.65999984741211,6082.2998046875,12.460000038146973
2013-01-22,112.41999816894533,1692.800048828125,53.76800155639648,1492.56005859375,13.890000343322754,6048.5,12.43000030517578
2013-01-23,112.8000030517578,1686.300048828125,53.80799865722656,1494.81005859375,13.670000076293944,6054.2998046875,12.460000038146973
2013-01-24,113.27999877929688,1669.5,53.667999267578125,1494.8199462890625,14.460000038146973,6019.35009765625,12.6899995803833
2013-01-25,113.27999877929688,1656.4000244140625,53.678001403808594,1502.9599609375,14.770000457763672,6074.64990234375,12.890000343322754
2013-01-28,113.4800033569336,1652.4000244140625,53.792999267578125,1500.1800537109375,15.170000076293944,6074.7998046875,13.56999969482422
2013-01-29,114.36000061035156,1660.699951171875,53.90800094604492,1507.8399658203125,14.470000267028809,6049.89990234375,13.3100004196167
2013-01-30,114.9000015258789,1679.9000244140625,53.757999420166016,1501.9599609375,14.380000114440918,6055.75,14.31999969482422
2013-01-31,115.5500030517578,1660.5999755859375,53.303001403808594,1498.1099853515625,14.130000114440918,6034.75,14.279999732971191
2013-02-01,116.76000213623048,1669.4000244140625,53.2130012512207,1513.1700439453125,13.760000228881836,5998.89990234375,12.899999618530272
2013-02-04,115.5999984741211,1675.300048828125,53.16299819946289,1495.7099609375,14.34000015258789,5987.25,14.670000076293944
2013-02-05,116.5199966430664,1672.4000244140625,53.28300094604492,1511.2900390625,14.609999656677246,5956.89990234375,13.720000267028809
2013-02-06,116.7300033569336,1677.699951171875,53.132999420166016,1512.1199951171875,14.260000228881836,5959.2001953125,13.40999984741211
2013-02-07,117.23999786376952,1670.4000244140625,53.15299987792969,1509.3900146484375,14.890000343322754,5938.7998046875,13.5
2013-02-08,118.9000015258789,1666.0,53.21799850463867,1517.9300537109375,15.15999984741211,5903.5,13.020000457763672
2013-02-11,118.12999725341795,1648.199951171875,53.5880012512207,1517.010009765625,15.649999618530272,5897.85009765625,12.9399995803833
2013-02-12,118.66000366210938,1648.699951171875,53.95800018310547,1519.4300537109375,15.3100004196167,5922.5,12.640000343322754
2013-02-13,118.72000122070312,1644.199951171875,53.84799957275391,1520.3299560546875,15.140000343322754,5932.9501953125,12.979999542236328
2013-02-14,118.58000183105467,1634.699951171875,53.81800079345703,1521.3800048828125,15.09000015258789,5896.9501953125,12.65999984741211
2013-02-15,118.58000183105467,1608.800048828125,53.917999267578125,1519.7900390625,15.239999771118164,5887.39990234375,12.460000038146973
2013-02-18,118.58000183105467,1608.800048828125,54.31800079345703,1519.7900390625,16.290000915527344,5898.2001953125,12.460000038146973
2013-02-19,117.5199966430664,1603.5999755859375,54.178001403808594,1530.93994140625,15.8100004196167,5939.7001953125,12.3100004196167
2013-02-20,115.5999984741211,1577.5999755859375,54.16299819946289,1511.949951171875,15.600000381469728,5943.0498046875,14.68000030517578
2013-02-21,113.52999877929688,1578.199951171875,54.06800079345703,1502.4200439453125,16.940000534057617,5852.25,15.220000267028809
2013-02-22,114.0999984741211,1572.4000244140625,54.46799850463867,1515.5999755859375,16.790000915527344,5850.2998046875,14.170000076293944
2013-02-25,114.44000244140624,1586.199951171875,54.27299880981445,1487.8499755859375,16.729999542236328,5854.75,18.989999771118164
2013-02-26,112.70999908447266,1615.199951171875,53.86299896240234,1496.93994140625,17.360000610351562,5761.35009765625,16.8700008392334
2013-02-27,111.87000274658205,1595.199951171875,54.0880012512207,1515.989990234375,16.229999542236328,5796.89990234375,14.729999542236328
2013-02-28,111.37999725341795,1577.699951171875,53.858001708984375,1514.6800537109375,14.859999656677246,5693.0498046875,15.510000228881836
2013-03-01,110.4000015258789,1571.9000244140625,54.36299896240234,1518.199951171875,14.0600004196167,5719.7001953125,15.359999656677246
2013-03-04,110.08999633789062,1572.0999755859375,54.89799880981445,1525.199951171875,13.670000076293944,5698.5,14.010000228881836
2013-03-05,111.61000061035156,1574.5999755859375,54.858001708984375,1539.7900390625,13.390000343322754,5784.25,13.479999542236328
2013-03-06,111.05999755859376,1574.5999755859375,54.917999267578125,1541.4599609375,13.399999618530272,5818.60009765625,13.529999732971191
2013-03-07,111.1500015258789,1574.800048828125,54.7130012512207,1544.260009765625,13.06999969482422,5863.2998046875,13.0600004196167
2013-03-08,110.8499984741211,1576.5999755859375,54.55799865722656,1551.1800537109375,13.34000015258789,5945.7001953125,12.59000015258789
2013-03-11,110.22000122070312,1577.800048828125,54.34299850463867,1556.219970703125,14.25,5942.35009765625,11.5600004196167
2013-03-12,109.6500015258789,1591.5,54.40800094604492,1552.47998046875,15.130000114440918,5914.10009765625,12.270000457763672
2013-03-13,108.5199966430664,1588.300048828125,54.141998291015625,1554.52001953125,16.200000762939453,5851.2001953125,11.829999923706056
2013-03-14,109.41999816894533,1590.5999755859375,54.36299896240234,1563.22998046875,14.65999984741211,5908.9501953125,11.300000190734863
2013-03-15,109.37999725341795,1592.5,54.35300064086914,1560.699951171875,15.15999984741211,5872.60009765625,11.300000190734863
2013-03-18,109.37999725341795,1604.5999755859375,54.02299880981445,1552.0999755859375,15.850000381469728,5835.25,13.359999656677246
2013-03-19,107.4499969482422,1611.300048828125,54.073001861572266,1548.3399658203125,16.709999084472656,5745.9501953125,14.390000343322754
2013-03-20,108.72000122070312,1607.5,54.36800003051758,1558.7099609375,16.65999984741211,5694.39990234375,12.670000076293944
2013-03-21,107.47000122070312,1613.800048828125,54.34999847412109,1545.800048828125,16.510000228881836,5658.75,13.989999771118164
2013-03-22,107.66000366210938,1606.199951171875,54.27799987792969,1556.8900146484375,15.539999961853027,5651.35009765625,13.56999969482422
2013-03-25,108.16999816894533,1604.5999755859375,54.34299850463867,1551.68994140625,16.360000610351562,5633.85009765625,13.739999771118164
2013-03-26,109.36000061035156,1595.800048828125,54.167999267578125,1563.77001953125,15.800000190734863,5641.60009765625,12.770000457763672
2013-03-28,110.0199966430664,1594.800048828125,54.38800048828125,1569.18994140625,15.220000267028809,5682.5498046875,12.699999809265137
2013-04-01,111.08000183105467,1600.0,54.27799987792969,1562.1700439453125,14.850000381469728,5704.39990234375,13.579999923706056
2013-04-02,110.69000244140624,1575.0999755859375,54.25,1570.25,14.100000381469728,5748.10009765625,12.779999732971191
2013-04-03,107.11000061035156,1552.800048828125,54.42300033569336,1553.68994140625,14.869999885559082,5672.89990234375,14.210000038146973
2013-04-04,106.33999633789062,1551.800048828125,54.428001403808594,1559.97998046875,15.850000381469728,5574.75,13.890000343322754
2013-04-05,104.12000274658205,1575.4000244140625,54.882999420166016,1553.280029296875,16.15999984741211,5553.25,13.920000076293944
2013-04-08,104.66000366210938,1572.0,54.803001403808594,1563.0699462890625,16.770000457763672,5542.9501953125,13.1899995803833
2013-04-09,106.2300033569336,1586.199951171875,54.55799865722656,1568.6099853515625,16.81999969482422,5495.10009765625,12.84000015258789
2013-04-10,105.79000091552734,1558.300048828125,54.57799911499024,1587.72998046875,16.489999771118164,5558.7001953125,12.359999656677246
2013-04-11,104.2699966430664,1564.300048828125,54.51300048828125,1593.3699951171875,16.969999313354492,5594.0,12.239999771118164
2013-04-12,103.11000061035156,1501.0,54.29800033569336,1588.8499755859375,16.450000762939453,5528.5498046875,12.0600004196167
2013-04-15,100.38999938964844,1360.5999755859375,54.51300048828125,1552.3599853515625,16.610000610351562,5568.39990234375,17.270000457763672
2013-04-16,100.36000061035156,1386.800048828125,54.542999267578125,1574.5699462890625,16.25,5688.9501953125,13.960000038146973
2013-04-17,100.36000061035156,1382.199951171875,54.14799880981445,1552.010009765625,16.360000610351562,5688.7001953125,16.510000228881836
2013-04-18,99.12999725341795,1392.0,54.20800018310547,1541.6099853515625,15.359999656677246,5783.10009765625,17.559999465942383
2013-04-22,100.38999938964844,1421.0,53.93299865722656,1562.5,16.219999313354492,5834.39990234375,14.390000343322754
2013-04-23,100.30999755859376,1408.5999755859375,54.13800048828125,1578.780029296875,15.06999969482422,5836.89990234375,13.479999542236328
2013-04-25,103.41000366210938,1461.800048828125,54.27299880981445,1585.1600341796875,14.199999809265137,5916.2998046875,13.619999885559082
2013-04-26,103.16000366210938,1453.5999755859375,54.21799850463867,1582.239990234375,13.880000114440918,5871.4501953125,13.609999656677246
2013-04-29,103.80999755859376,1467.4000244140625,54.37300109863281,1593.6099853515625,14.329999923706056,5904.10009765625,13.710000038146973
2013-04-30,102.37000274658205,1472.199951171875,54.22800064086914,1597.5699462890625,15.100000381469728,5930.2001953125,13.520000457763672
2013-05-02,102.8499984741211,1467.699951171875,53.65800094604492,1597.5899658203125,16.280000686645508,5999.35009765625,13.59000015258789
2013-05-03,104.19000244140624,1464.300048828125,53.80799865722656,1614.4200439453125,15.550000190734863,5944.0,12.850000381469728
2013-05-06,105.45999908447266,1468.0999755859375,53.77999877929688,1617.5,15.84000015258789,5971.0498046875,12.65999984741211
2013-05-07,104.4000015258789,1449.0,54.17300033569336,1625.9599609375,16.5,6043.5498046875,12.829999923706056
2013-05-08,104.33999633789062,1473.9000244140625,54.12799835205078,1632.68994140625,16.760000228881836,6069.2998046875,12.65999984741211
2013-05-09,104.47000122070312,1468.800048828125,54.15800094604492,1626.6700439453125,16.600000381469727,6050.14990234375,13.130000114440918
2013-05-10,103.91000366210938,1436.800048828125,54.24800109863281,1633.699951171875,16.860000610351562,6094.75,12.59000015258789
2013-05-13,102.81999969482422,1434.5,54.803001403808594,1633.77001953125,17.510000228881836,5980.4501953125,12.550000190734863
2013-05-14,102.5999984741211,1424.699951171875,54.82799911499024,1650.3399658203125,17.170000076293945,5995.39990234375,12.770000457763672
2013-05-15,103.68000030517578,1396.5,54.79800033569336,1658.780029296875,18.1299991607666,6146.75,12.8100004196167
2013-05-16,103.8000030517578,1387.0999755859375,54.77799987792969,1650.469970703125,17.739999771118164,6169.89990234375,13.06999969482422
2013-05-17,103.72000122070312,1364.9000244140625,54.77799987792969,1667.469970703125,17.56999969482422,6187.2998046875,12.449999809265137
2013-05-20,103.72000122070312,1384.300048828125,54.88800048828125,1666.2900390625,17.709999084472656,6156.89990234375,13.020000457763672
2013-05-21,103.91000366210938,1377.800048828125,55.108001708984375,1669.1600341796875,17.8799991607666,6114.10009765625,13.369999885559082
2013-05-22,102.5999984741211,1367.5999755859375,55.40800094604492,1655.3499755859375,17.719999313354492,6094.5,13.81999969482422
2013-05-23,102.44000244140624,1392.0,55.65299987792969,1650.510009765625,18.729999542236328,5967.0498046875,14.06999969482422
2013-05-24,102.63999938964844,1386.800048828125,55.70800018310547,1649.5999755859375,17.700000762939453,5983.5498046875,13.989999771118164
2013-05-27,102.63999938964844,1386.800048828125,55.8129997253418,1649.5999755859375,17.030000686645508,6083.14990234375,13.989999771118164
2013-05-28,104.2300033569336,1379.0999755859375,55.56499862670898,1660.06005859375,17.1200008392334,6111.25,14.479999542236328
2013-05-29,102.43000030517578,1391.300048828125,56.108001708984375,1648.3599853515625,17.860000610351562,6104.2998046875,14.829999923706056
2013-05-30,102.19000244140624,1411.5,56.29800033569336,1654.4100341796875,16.040000915527344,6124.0498046875,14.529999732971191
2013-05-31,100.38999938964844,1392.5999755859375,56.37799835205078,1630.739990234375,16.989999771118164,5985.9501953125,16.299999237060547
2013-06-03,102.05999755859376,1411.699951171875,56.573001861572266,1640.4200439453125,17.290000915527344,5939.2998046875,16.280000686645508
2013-06-04,103.23999786376952,1397.0999755859375,56.667999267578125,1631.3800048828125,17.260000228881836,5919.4501953125,16.270000457763672
2013-06-05,103.04000091552734,1398.4000244140625,56.4379997253418,1608.9000244140625,16.780000686645508,5923.85009765625,17.5
2013-06-06,103.61000061035156,1415.699951171875,56.72299957275391,1622.56005859375,17.350000381469727,5921.39990234375,16.6299991607666
2013-06-07,104.55999755859376,1383.0,56.8380012512207,1643.3800048828125,17.350000381469727,5881.0,15.140000343322754
2013-06-10,103.9499969482422,1386.199951171875,56.8380012512207,1642.81005859375,18.11000061035156,5878.0,15.4399995803833
2013-06-11,102.95999908447266,1377.0,56.8380012512207,1626.1300048828125,19.489999771118164,5788.7998046875,17.06999969482422
2013-06-12,103.48999786376952,1391.800048828125,56.8380012512207,1612.52001953125,18.850000381469727,5760.2001953125,18.59000015258789
2013-06-13,104.25,1377.5999755859375,57.82799911499024,1636.3599853515625,19.440000534057617,5699.10009765625,16.40999984741211
2013-06-14,104.29000091552734,1387.300048828125,57.99800109863281,1626.72998046875,18.350000381469727,5808.39990234375,17.149999618530273
2013-06-17,104.29000091552734,1382.800048828125,57.49800109863281,1639.0400390625,18.18000030517578,5850.0498046875,16.799999237060547
2013-06-18,106.0199966430664,1366.5999755859375,58.10300064086914,1651.81005859375,18.290000915527344,5813.60009765625,16.610000610351562
2013-06-19,106.12000274658205,1373.5999755859375,58.8380012512207,1628.9300537109375,18.459999084472656,5822.25,16.639999389648438
2013-06-20,102.1500015258789,1285.9000244140625,58.7130012512207,1588.18994140625,19.190000534057617,5655.89990234375,20.489999771118164
2013-06-21,100.91000366210938,1291.5999755859375,59.56800079345703,1592.4300537109375,19.030000686645508,5667.64990234375,18.899999618530277
2013-06-24,101.16000366210938,1276.800048828125,59.26800155639648,1573.0899658203125,21.01000022888184,5590.25,20.11000061035156
2013-06-25,101.26000213623048,1274.800048828125,59.80799865722656,1588.030029296875,21.13999938964844,5609.10009765625,18.46999931335449
2013-06-26,101.66000366210938,1229.5999755859375,59.65800094604492,1603.260009765625,21.06999969482422,5588.7001953125,17.209999084472656
2013-06-27,102.81999969482422,1211.4000244140625,60.7130012512207,1613.199951171875,18.850000381469727,5682.35009765625,16.860000610351562
2013-06-28,102.16000366210938,1223.800048828125,60.1879997253418,1606.280029296875,17.950000762939453,5842.2001953125,16.860000610351562
2013-07-01,103.0,1255.9000244140625,59.5260009765625,1614.9599609375,18.09000015258789,5898.85009765625,16.3700008392334
2013-07-02,104.0,1243.5999755859375,59.37799835205078,1614.0799560546875,18.209999084472656,5857.5498046875,16.440000534057617
2013-07-03,105.76000213623048,1252.0999755859375,59.54800033569336,1615.4100341796875,18.90999984741211,5770.89990234375,16.200000762939453
2013-07-04,105.76000213623048,1252.0999755859375,60.21900177001953,1615.4100341796875,18.57999992370605,5836.9501953125,16.200000762939453
2013-07-05,107.72000122070312,1212.9000244140625,60.17499923706055,1631.8900146484375,18.670000076293945,5867.89990234375,14.890000343322754
2013-07-08,107.43000030517578,1234.9000244140625,60.22299957275391,1640.4599609375,19.34000015258789,5811.5498046875,14.779999732971191
2013-07-09,107.80999755859376,1245.9000244140625,60.6879997253418,1652.3199462890625,19.31999969482422,5859.0,14.350000381469728
2013-07-10,108.51000213623048,1247.4000244140625,60.095001220703125,1652.6199951171875,19.979999542236328,5816.7001953125,14.210000038146973
2013-07-11,107.7300033569336,1280.0999755859375,59.88800048828125,1675.02001953125,18.88999938964844,5935.10009765625,14.010000228881836
2013-07-12,108.80999755859376,1277.800048828125,59.82699966430664,1680.18994140625,18.690000534057617,6009.0,13.84000015258789
2013-07-15,109.08999633789062,1283.800048828125,59.88399887084961,1682.5,18.790000915527344,6030.7998046875,13.789999961853027
2013-07-16,109.4000015258789,1290.800048828125,59.80799865722656,1676.260009765625,18.989999771118164,5955.25,14.420000076293944
2013-07-17,109.36000061035156,1277.9000244140625,59.292999267578125,1680.9100341796875,19.36000061035156,5973.2998046875,13.779999732971191
2013-07-18,109.36000061035156,1284.5999755859375,59.323001861572266,1689.3699951171875,18.270000457763672,6038.0498046875,13.770000457763672
2013-07-19,108.06999969482422,1293.300048828125,59.73799896240234,1692.0899658203125,18.1299991607666,6029.2001953125,12.539999961853027
2013-07-22,108.1500015258789,1336.4000244140625,59.33300018310547,1695.530029296875,17.6299991607666,6031.7998046875,12.289999961853027
2013-07-23,108.41999816894533,1335.0999755859375,59.71799850463867,1692.3900146484375,16.719999313354492,6077.7998046875,12.65999984741211
2013-07-24,107.19000244140624,1319.699951171875,59.757999420166016,1685.93994140625,16.90999984741211,5990.5,13.18000030517578
2013-07-25,107.6500015258789,1329.0,59.12699890136719,1690.25,16.719999313354492,5907.5,12.970000267028809
2013-07-26,107.16999816894533,1321.699951171875,58.95800018310547,1691.6500244140625,16.780000686645508,5886.2001953125,12.720000267028809
2013-07-29,107.4499969482422,1328.4000244140625,59.060001373291016,1685.3299560546875,18.25,5831.64990234375,13.390000343322754
2013-07-30,106.91000366210938,1324.0,59.4119987487793,1685.9599609375,18.1200008392334,5755.0498046875,13.390000343322754
2013-07-31,107.6999969482422,1312.4000244140625,60.80799865722656,1685.72998046875,18.770000457763672,5742.0,13.449999809265137
2013-08-01,109.54000091552734,1311.0,60.630001068115234,1706.8699951171875,19.809999465942383,5727.85009765625,12.9399995803833
2013-08-02,108.9499969482422,1310.5999755859375,60.43299865722656,1709.6700439453125,20.88999938964844,5677.89990234375,11.979999542236328
2013-08-05,108.6999969482422,1302.5999755859375,61.09799957275391,1707.1400146484375,20.799999237060547,5685.39990234375,11.84000015258789
2013-08-06,108.18000030517578,1283.199951171875,60.87699890136719,1697.3699951171875,22.729999542236328,5542.25,12.720000267028809
2013-08-07,107.44000244140624,1286.0999755859375,60.78300094604492,1690.9100341796875,22.040000915527344,5519.10009765625,12.979999542236328
2013-08-08,106.68000030517578,1310.699951171875,61.20299911499024,1697.47998046875,21.190000534057617,5565.64990234375,12.729999542236328
2013-08-12,108.97000122070312,1334.699951171875,60.672000885009766,1689.469970703125,21.280000686645508,5612.39990234375,12.8100004196167
2013-08-13,109.81999969482422,1321.199951171875,61.369998931884766,1694.1600341796875,19.26000022888184,5699.2998046875,12.3100004196167
2013-08-14,110.1999969482422,1334.0,61.45000076293945,1685.3900146484375,18.700000762939453,5742.2998046875,13.039999961853027
2013-08-16,111.16999816894533,1371.699951171875,61.2599983215332,1655.8299560546875,23.63999938964844,5507.85009765625,14.369999885559082
2013-08-19,111.16999816894533,1366.199951171875,62.4900016784668,1646.06005859375,25.59000015258789,5414.75,15.100000381469728
2013-08-20,110.1500015258789,1373.0999755859375,63.84999847412109,1652.3499755859375,27.229999542236328,5401.4501953125,14.90999984741211
2013-08-21,109.80999755859376,1370.5999755859375,63.36000061035156,1642.800048828125,28.09000015258789,5302.5498046875,15.9399995803833
2013-08-22,109.9000015258789,1371.199951171875,64.69000244140625,1656.9599609375,29.059999465942383,5408.4501953125,14.760000228881836
2013-08-23,111.04000091552734,1395.699951171875,64.41000366210938,1663.5,25.75,5471.75,13.979999542236328
2013-08-26,110.7300033569336,1393.0,64.06999969482422,1656.780029296875,26.3799991607666,5476.5,14.989999771118164
2013-08-27,114.36000061035156,1420.5999755859375,64.29299926757812,1630.47998046875,29.420000076293945,5287.4501953125,16.770000457763672
2013-08-28,116.61000061035156,1419.0,66.86000061035156,1634.9599609375,32.380001068115234,5285.0,16.489999771118164
2013-08-29,115.16000366210938,1412.9000244140625,67.3499984741211,1638.1700439453125,29.40999984741211,5409.0498046875,16.809999465942383
2013-08-30,114.01000213623048,1396.0999755859375,67.38999938964844,1632.969970703125,27.809999465942383,5471.7998046875,17.010000228881836
2013-09-02,114.01000213623048,1396.0999755859375,66.58999633789062,1632.969970703125,27.549999237060547,5550.75,17.010000228881836
2013-09-03,115.68000030517578,1412.0,66.51000213623047,1639.77001953125,32.4900016784668,5341.4501953125,16.610000610351562
2013-09-04,114.91000366210938,1389.9000244140625,68.61000061035156,1653.0799560546875,31.11000061035156,5448.10009765625,15.880000114440918
2013-09-05,115.26000213623048,1373.0999755859375,66.2699966430664,1655.0799560546875,28.530000686645508,5592.9501953125,15.770000457763672
2013-09-06,116.12000274658205,1386.699951171875,66.00800323486328,1655.1700439453125,28.649999618530277,5680.39990234375,15.850000381469728
2013-09-10,111.25,1364.0999755859375,64.05999755859375,1683.989990234375,29.440000534057617,5896.75,14.529999732971191
2013-09-11,111.5,1363.9000244140625,63.619998931884766,1689.1300048828125,29.75,5913.14990234375,13.81999969482422
2013-09-12,112.62999725341795,1330.4000244140625,63.15999984741211,1683.4200439453125,29.709999084472656,5850.7001953125,14.289999961853027
2013-09-13,112.77999877929688,1308.4000244140625,63.619998931884766,1687.989990234375,28.290000915527344,5850.60009765625,14.15999984741211
2013-09-16,112.77999877929688,1317.9000244140625,63.290000915527344,1697.5999755859375,28.81999969482422,5840.5498046875,14.380000114440918
2013-09-17,112.77999877929688,1309.5,63.290000915527344,1704.760009765625,27.93000030517578,5850.2001953125,14.529999732971191
2013-09-18,110.5999984741211,1307.800048828125,63.18000030517578,1725.52001953125,27.690000534057617,5899.4501953125,13.59000015258789
2013-09-19,108.76000213623048,1369.4000244140625,63.58000183105469,1722.3399658203125,24.5,6115.5498046875,13.15999984741211
2013-09-20,109.22000122070312,1332.5,62.18999862670898,1709.9100341796875,24.729999542236328,6012.10009765625,13.119999885559082
2013-09-23,108.16000366210938,1326.9000244140625,62.720001220703125,1701.8399658203125,27.020000457763672,5889.75,14.3100004196167
2013-09-24,108.63999938964844,1316.0,62.68000030517578,1697.4200439453125,26.71999931335449,5892.4501953125,14.079999923706056
2013-09-25,108.31999969482422,1335.9000244140625,62.720001220703125,1692.77001953125,25.68000030517578,5873.85009765625,14.010000228881836
2013-09-26,109.20999908447266,1323.5999755859375,62.43000030517578,1698.6700439453125,24.0,5882.25,14.0600004196167
2013-09-27,108.62999725341795,1338.4000244140625,61.72999954223633,1691.75,24.059999465942383,5833.2001953125,15.460000038146973
2013-09-30,108.37000274658205,1326.5,62.90999984741211,1681.550048828125,26.649999618530277,5735.2998046875,16.600000381469727
2013-10-01,107.94000244140624,1286.0,62.58000183105469,1695.0,25.770000457763672,5780.0498046875,15.539999961853027
2013-10-03,109.0,1317.4000244140625,62.06999969482422,1678.6600341796875,25.170000076293945,5909.7001953125,17.670000076293945
2013-10-04,109.45999908447266,1309.699951171875,61.959999084472656,1690.5,26.1299991607666,5907.2998046875,16.739999771118164
2013-10-07,109.68000030517578,1324.800048828125,61.380001068115234,1676.1199951171875,26.82999992370605,5906.14990234375,19.40999984741211
2013-10-08,110.16000366210938,1324.199951171875,61.380001068115234,1655.449951171875,26.549999237060547,5928.39990234375,20.34000015258789
2013-10-09,109.05999755859376,1306.9000244140625,62.02999877929688,1656.4000244140625,25.8700008392334,6007.4501953125,19.600000381469727
2013-10-10,111.8000030517578,1296.5999755859375,61.810001373291016,1692.56005859375,25.8799991607666,6020.9501953125,16.479999542236328
2013-10-11,111.27999877929688,1268.0,61.61000061035156,1703.199951171875,23.59000015258789,6096.2001953125,15.720000267028809
2013-10-14,111.04000091552734,1276.4000244140625,60.9900016784668,1710.1400146484375,22.850000381469727,6112.7001953125,16.06999969482422
2013-10-15,109.95999908447266,1273.0,61.380001068115234,1698.06005859375,23.239999771118164,6089.0498046875,18.65999984741211
2013-10-17,110.97000122070312,1322.699951171875,61.45000076293945,1733.1500244140625,21.059999465942383,6045.85009765625,13.479999542236328
2013-10-18,110.97000122070312,1314.4000244140625,61.09999847412109,1744.5,20.1200008392334,6189.35009765625,13.039999961853027
2013-10-21,109.63999938964844,1315.699951171875,61.2400016784668,1744.6600341796875,20.18000030517578,6204.9501953125,13.15999984741211
2013-10-22,109.97000122070312,1342.5,60.619998931884766,1754.6700439453125,19.959999084472656,6202.7998046875,13.329999923706056
2013-10-23,107.8000030517578,1333.9000244140625,61.18999862670898,1746.3800048828125,20.350000381469727,6178.35009765625,13.420000076293944
2013-10-24,106.98999786376952,1350.199951171875,61.52000045776367,1752.0699462890625,20.63999938964844,6164.35009765625,13.199999809265137
2013-10-25,106.93000030517578,1352.4000244140625,61.45000076293945,1759.77001953125,20.420000076293945,6144.89990234375,13.09000015258789
2013-10-28,109.61000061035156,1352.0,61.43999862670898,1762.1099853515625,21.290000915527344,6101.10009765625,13.3100004196167
2013-10-29,109.01000213623048,1345.199951171875,61.5099983215332,1771.949951171875,19.76000022888184,6220.89990234375,13.40999984741211
2013-10-30,109.86000061035156,1349.0,61.45000076293945,1763.31005859375,19.530000686645508,6251.7001953125,13.649999618530272
2013-10-31,108.83999633789062,1323.5999755859375,61.31999969482422,1756.5400390625,18.38999938964844,6299.14990234375,13.75
2013-11-01,105.91000366210938,1313.0999755859375,62.220001220703125,1761.6400146484375,18.63999938964844,6307.2001953125,13.279999732971191
2013-11-05,105.33000183105467,1308.0,61.97999954223633,1762.969970703125,19.940000534057617,6253.14990234375,13.270000457763672
2013-11-06,105.23999786376952,1317.699951171875,62.15999984741211,1770.489990234375,20.25,6215.14990234375,12.670000076293944
2013-11-07,103.45999908447266,1308.4000244140625,62.470001220703125,1747.1500244140625,19.8700008392334,6187.25,13.90999984741211
2013-11-08,105.12000274658205,1284.5,62.84999847412109,1770.6099853515625,19.63999938964844,6140.75,12.899999618530272
2013-11-11,106.4000015258789,1281.0,63.34000015258789,1771.8900146484375,19.979999542236328,6078.7998046875,12.529999732971191
2013-11-12,105.80999755859376,1271.0999755859375,63.47999954223633,1767.68994140625,20.86000061035156,6018.0498046875,12.81999969482422
2013-11-13,107.12000274658205,1268.300048828125,63.959999084472656,1782.0,20.450000762939453,5989.60009765625,12.520000457763672
2013-11-14,108.54000091552734,1286.199951171875,63.369998931884766,1790.6199951171875,19.26000022888184,6056.14990234375,12.369999885559082
2013-11-18,108.54000091552734,1272.199951171875,62.709999084472656,1791.530029296875,18.81999969482422,6189.0,13.100000381469728
2013-11-19,106.91999816894533,1273.4000244140625,62.20000076293945,1787.8699951171875,19.299999237060547,6203.35009765625,13.390000343322754
2013-11-20,108.05999755859376,1257.9000244140625,62.11000061035156,1781.3699951171875,20.82999992370605,6122.89990234375,13.399999618530272
2013-11-21,110.08000183105467,1243.5,62.7599983215332,1795.8499755859375,21.13999938964844,5999.0498046875,12.65999984741211
2013-11-22,111.0500030517578,1244.0,62.9900016784668,1804.760009765625,20.040000915527344,5995.4501953125,12.260000228881836
2013-11-25,111.0,1241.0999755859375,62.2400016784668,1802.47998046875,21.049999237060547,6115.35009765625,12.789999961853027
2013-11-26,110.87999725341795,1241.4000244140625,62.50299835205078,1802.75,21.59000015258789,6059.10009765625,12.8100004196167
2013-11-27,111.30999755859376,1237.800048828125,62.459999084472656,1807.22998046875,21.13999938964844,6057.10009765625,12.979999542236328
2013-11-28,111.30999755859376,1237.800048828125,62.540000915527344,1807.22998046875,20.709999084472656,6091.85009765625,12.979999542236328
2013-11-29,109.69000244140624,1250.5999755859375,62.41299819946289,1805.81005859375,21.3799991607666,6176.10009765625,13.699999809265137
2013-12-02,111.4499969482422,1222.300048828125,62.459999084472656,1800.9000244140625,23.36000061035156,6217.85009765625,14.229999542236328
2013-12-03,112.62000274658205,1221.699951171875,62.31800079345703,1795.1500244140625,24.71999931335449,6201.85009765625,14.550000190734863
2013-12-04,111.87999725341795,1248.199951171875,62.36299896240234,1792.81005859375,23.709999084472656,6160.9501953125,14.699999809265137
2013-12-05,110.9800033569336,1233.199951171875,61.70000076293945,1785.030029296875,21.68000030517578,6241.10009765625,15.079999923706056
2013-12-06,111.61000061035156,1230.300048828125,61.58000183105469,1805.0899658203125,22.209999084472656,6259.89990234375,13.789999961853027
2013-12-09,109.38999938964844,1235.300048828125,61.150001525878906,1808.3699951171875,19.15999984741211,6363.89990234375,13.489999771118164
2013-12-10,109.37999725341795,1262.4000244140625,60.869998931884766,1802.6199951171875,17.979999542236328,6332.85009765625,13.90999984741211
2013-12-11,109.6999969482422,1258.5,60.97999954223633,1782.219970703125,17.540000915527344,6307.89990234375,15.420000076293944
2013-12-12,108.66999816894533,1226.0,61.59000015258789,1775.5,17.739999771118164,6237.0498046875,15.539999961853027
2013-12-13,108.83000183105467,1235.699951171875,62.15999984741211,1775.3199462890625,17.84000015258789,6168.39990234375,15.760000228881836
2013-12-16,110.47000122070312,1245.5,62.1879997253418,1786.5400390625,18.36000061035156,6154.7001953125,16.030000686645508
2013-12-17,110.41000366210938,1231.199951171875,61.77999877929688,1781.0,18.32999992370605,6139.0498046875,16.209999084472656
2013-12-18,110.41000366210938,1236.0999755859375,61.709999084472656,1810.6500244140625,17.540000915527344,6217.14990234375,13.800000190734863
2013-12-19,110.29000091552734,1195.0,62.02999877929688,1809.5999755859373,16.579999923706055,6166.64990234375,14.149999618530272
2013-12-20,111.7699966430664,1205.0999755859375,62.459999084472656,1818.3199462890625,16.020000457763672,6274.25,13.789999961853027
2013-12-23,111.55999755859376,1198.4000244140625,62.02000045776367,1827.989990234375,16.260000228881836,6284.5,13.039999961853027
2013-12-24,111.9000015258789,1205.0999755859375,61.84000015258789,1833.3199462890625,15.579999923706056,6268.39990234375,12.479999542236328
2013-12-26,111.9800033569336,1214.0999755859375,61.790000915527344,1842.02001953125,14.880000114440918,6278.89990234375,12.329999923706056
2013-12-27,112.18000030517578,1216.0999755859375,61.88999938964844,1841.4000244140625,14.65999984741211,6313.7998046875,12.460000038146973
2013-12-30,111.20999908447266,1203.0999755859375,61.66999816894531,1841.0699462890625,15.079999923706056,6291.10009765625,13.5600004196167
2013-12-31,110.8000030517578,1201.9000244140625,61.77999877929688,1848.3599853515625,15.119999885559082,6304.0,13.720000267028809
2014-01-02,107.77999877929688,1225.0,61.84000015258789,1831.97998046875,16.549999237060547,6221.14990234375,14.229999542236328
2014-01-03,106.88999938964844,1238.4000244140625,62.060001373291016,1831.3699951171875,15.869999885559082,6211.14990234375,13.760000228881836
2014-01-06,106.7300033569336,1237.800048828125,62.22999954223633,1826.77001953125,16.5,6191.4501953125,13.550000190734863
2014-01-07,107.3499984741211,1229.4000244140625,62.310001373291016,1837.8800048828125,16.31999969482422,6162.25,12.920000076293944
2014-01-08,107.1500015258789,1225.300048828125,62.08000183105469,1837.489990234375,16.31999969482422,6174.60009765625,12.869999885559082
2014-01-09,106.38999938964844,1229.300048828125,62.119998931884766,1838.1300048828125,16.18000030517578,6168.35009765625,12.890000343322754
2014-01-10,107.25,1246.699951171875,61.77999877929688,1842.3699951171875,15.579999923706056,6171.4501953125,12.140000343322754
2014-01-13,106.75,1250.9000244140625,61.43999862670898,1819.199951171875,15.949999809265137,6272.75,13.279999732971191
2014-01-14,106.38999938964844,1245.199951171875,61.470001220703125,1838.8800048828125,15.739999771118164,6241.85009765625,12.279999732971191
2014-01-15,107.12999725341795,1238.0999755859375,61.470001220703125,1848.3800048828125,15.420000076293944,6320.89990234375,12.279999732971191
2014-01-16,107.08999633789062,1240.0,61.540000915527344,1845.8900146484373,15.539999961853027,6318.89990234375,12.529999732971191
2014-01-17,107.05999755859376,1251.699951171875,61.41999816894531,1838.699951171875,15.40999984741211,6261.64990234375,12.4399995803833
2014-01-20,107.05999755859376,1251.699951171875,61.54999923706055,1838.699951171875,15.350000381469728,6303.9501953125,12.4399995803833
2014-01-21,107.05999755859376,1242.300048828125,61.61800003051758,1843.800048828125,15.550000190734863,6313.7998046875,12.869999885559082
2014-01-22,108.2699966430664,1239.0,61.970001220703125,1844.8599853515625,15.850000381469728,6338.9501953125,12.84000015258789
2014-01-23,107.58000183105467,1262.5999755859375,61.869998931884766,1828.4599609375,15.579999923706056,6345.64990234375,13.770000457763672
2014-01-24,107.87999725341795,1264.5,62.130001068115234,1790.2900390625,15.829999923706056,6266.75,18.13999938964844
2014-01-27,106.69000244140624,1263.5999755859375,62.72999954223633,1781.56005859375,18.670000076293945,6135.85009765625,17.420000076293945
2014-01-28,107.41000366210938,1251.0,63.380001068115234,1792.5,17.719999313354492,6126.25,15.800000190734863
2014-01-29,107.8499984741211,1262.199951171875,62.380001068115234,1774.199951171875,18.040000915527344,6120.25,17.350000381469727
2014-01-30,107.9499969482422,1242.199951171875,62.46799850463867,1794.18994140625,17.25,6073.7001953125,17.290000915527344
2014-01-31,106.4000015258789,1240.0999755859375,62.310001373291016,1782.5899658203125,16.81999969482422,6089.5,18.40999984741211
2014-02-03,106.04000091552734,1260.4000244140625,62.5,1741.8900146484375,18.270000457763672,6001.7998046875,21.440000534057617
2014-02-04,105.77999877929688,1251.699951171875,62.869998931884766,1755.199951171875,18.690000534057617,6000.89990234375,19.11000061035156
2014-02-05,106.25,1257.300048828125,62.130001068115234,1751.6400146484375,18.93000030517578,6022.39990234375,19.950000762939453
2014-02-06,107.19000244140624,1257.5999755859375,62.22999954223633,1773.4300537109375,18.940000534057617,6036.2998046875,17.229999542236328
2014-02-07,109.56999969482422,1263.300048828125,62.22999954223633,1797.02001953125,18.549999237060547,6063.2001953125,15.289999961853027
2014-02-10,108.62999725341795,1274.800048828125,62.09000015258789,1799.8399658203125,19.049999237060547,6053.4501953125,15.260000228881836
2014-02-11,108.68000030517578,1290.0999755859375,62.448001861572266,1819.75,18.6299991607666,6062.7001953125,14.510000228881836
2014-02-12,108.79000091552734,1295.300048828125,62.02999877929688,1819.260009765625,17.43000030517578,6084.0,14.300000190734863
2014-02-13,108.7300033569336,1300.4000244140625,61.68000030517578,1829.8299560546875,17.799999237060547,6001.10009765625,14.140000343322754
2014-02-14,108.7300033569336,1319.0,62.150001525878906,1838.6300048828125,16.65999984741211,6048.35009765625,13.56999969482422
2014-02-18,108.7300033569336,1324.699951171875,61.790000915527344,1840.760009765625,15.40999984741211,6127.10009765625,13.869999885559082
2014-02-19,110.47000122070312,1320.5999755859375,62.209999084472656,1828.75,15.06999969482422,6152.75,15.5
2014-02-20,110.3000030517578,1317.0999755859375,62.2599983215332,1839.780029296875,15.15999984741211,6091.4501953125,14.789999961853027
2014-02-21,109.8499984741211,1323.9000244140625,62.130001068115234,1836.25,14.039999961853027,6155.4501953125,14.68000030517578
2014-02-24,110.63999938964844,1338.300048828125,62.0099983215332,1847.6099853515625,14.359999656677246,6186.10009765625,14.229999542236328
2014-02-25,109.51000213623048,1343.0,62.06800079345703,1845.1199951171875,13.949999809265137,6200.0498046875,13.670000076293944
2014-02-26,109.5199966430664,1328.199951171875,61.97800064086914,1845.1600341796875,13.960000038146973,6238.7998046875,14.350000381469728
2014-02-28,109.06999969482422,1321.4000244140625,62.02000045776367,1859.449951171875,14.18000030517578,6276.9501953125,14.0
2014-03-03,111.1999969482422,1350.0999755859375,61.81999969482422,1845.72998046875,15.279999732971191,6221.4501953125,16.0
2014-03-04,109.3000030517578,1337.800048828125,62.16999816894531,1873.9100341796875,14.390000343322754,6297.9501953125,14.100000381469728
2014-03-05,107.76000213623048,1340.199951171875,61.59999847412109,1873.81005859375,13.84000015258789,6328.64990234375,13.890000343322754
2014-03-06,108.0999984741211,1351.699951171875,61.74800109863281,1877.030029296875,14.479999542236328,6401.14990234375,14.210000038146973
2014-03-07,109.0,1338.0999755859375,60.79999923706055,1878.0400390625,16.719999313354492,6526.64990234375,14.109999656677246
2014-03-10,108.08000183105467,1341.4000244140625,61.22999954223633,1877.1700439453125,17.780000686645508,6537.25,14.199999809265137
2014-03-11,108.5500030517578,1346.5,60.810001373291016,1867.6300048828125,17.329999923706055,6511.89990234375,14.800000190734863
2014-03-12,108.0199966430664,1370.300048828125,61.040000915527344,1868.199951171875,17.040000915527344,6516.89990234375,14.470000267028809
2014-03-13,107.38999938964844,1372.199951171875,60.77000045776367,1846.3399658203125,16.81999969482422,6493.10009765625,16.219999313354492
2014-03-14,108.56999969482422,1379.0,61.459999084472656,1841.1300048828125,16.450000762939453,6504.2001953125,17.81999969482422
2014-03-18,106.79000091552734,1359.0,61.040000915527344,1872.25,17.1299991607666,6516.64990234375,14.520000457763672
2014-03-19,105.8499984741211,1341.4000244140625,61.108001708984375,1860.77001953125,16.8799991607666,6524.0498046875,15.119999885559082
2014-03-20,106.4499969482422,1330.5,60.95000076293945,1872.010009765625,16.90999984741211,6483.10009765625,14.520000457763672
2014-03-21,106.91999816894533,1336.0,61.33300018310547,1866.52001953125,16.18000030517578,6493.2001953125,15.0
2014-03-24,106.80999755859376,1311.199951171875,61.02000045776367,1857.43994140625,16.540000915527344,6583.5,15.09000015258789
2014-03-25,106.98999786376952,1311.4000244140625,60.59000015258789,1865.6199951171875,16.920000076293945,6589.75,14.020000457763672
2014-03-26,107.02999877929688,1303.4000244140625,60.220001220703125,1852.56005859375,17.770000457763672,6601.39990234375,14.93000030517578
2014-03-27,107.83000183105467,1294.699951171875,60.15999984741211,1849.0400390625,18.3700008392334,6641.75,14.619999885559082
2014-03-28,108.06999969482422,1293.800048828125,60.23799896240234,1857.6199951171875,18.6299991607666,6695.89990234375,14.40999984741211
2014-03-31,107.76000213623048,1283.4000244140625,59.84000015258789,1872.3399658203125,21.6200008392334,6704.2001953125,13.880000114440918
2014-04-01,105.62000274658205,1279.5999755859375,59.9900016784668,1885.52001953125,20.690000534057617,6721.0498046875,13.100000381469728
2014-04-02,104.79000091552734,1290.5,59.77999877929688,1890.9000244140625,21.209999084472656,6752.5498046875,13.09000015258789
2014-04-03,106.1500015258789,1284.4000244140625,59.89799880981445,1888.77001953125,22.11000061035156,6736.10009765625,13.369999885559082
2014-04-04,106.72000122070312,1303.199951171875,60.38999938964844,1865.0899658203125,22.690000534057617,6694.35009765625,13.960000038146973
2014-04-07,105.81999969482422,1298.0,59.66999816894531,1845.0400390625,24.950000762939453,6695.0498046875,15.56999969482422
2014-04-09,107.9800033569336,1305.5,60.09000015258789,1872.1800537109373,26.90999984741211,6796.2001953125,13.81999969482422
2014-04-10,107.45999908447266,1320.0999755859375,59.959999084472656,1833.0799560546875,28.71999931335449,6796.39990234375,15.890000343322754
2014-04-11,107.33000183105467,1318.699951171875,60.29999923706055,1815.68994140625,29.190000534057617,6776.2998046875,17.030000686645508
2014-04-15,108.73999786376952,1300.0,60.34000015258789,1842.97998046875,31.8799991607666,6733.10009765625,15.609999656677246
2014-04-16,108.8000030517578,1303.0999755859375,60.29999923706055,1862.31005859375,31.15999984741211,6675.2998046875,14.18000030517578
2014-04-17,109.52999877929688,1293.4000244140625,60.25,1864.8499755859373,30.850000381469727,6779.39990234375,13.359999656677246
2014-04-21,109.9499969482422,1288.0,60.150001525878906,1871.8900146484373,34.38999938964844,6817.64990234375,13.25
2014-04-22,109.2699966430664,1280.5999755859375,60.47999954223633,1879.550048828125,33.349998474121094,6815.35009765625,13.1899995803833
2014-04-23,109.11000061035156,1284.199951171875,60.757999420166016,1875.3900146484373,31.1299991607666,6840.7998046875,13.270000457763672
2014-04-25,109.58000183105467,1300.699951171875,61.119998931884766,1863.4000244140625,30.68000030517578,6782.75,14.0600004196167
2014-04-28,108.12000274658205,1298.9000244140625,60.63800048828125,1869.4300537109373,31.38999938964844,6761.25,13.970000267028809
2014-04-29,108.9800033569336,1296.0,60.64300155639648,1878.3299560546875,31.049999237060547,6715.25,13.710000038146973
2014-04-30,108.06999969482422,1295.5999755859375,60.417999267578125,1883.949951171875,30.59000015258789,6696.39990234375,13.40999984741211
2014-05-02,108.58999633789062,1302.5999755859375,60.13999938964844,1881.1400146484373,33.060001373291016,6694.7998046875,12.90999984741211
2014-05-05,107.72000122070312,1309.0,60.02000045776367,1884.6600341796875,34.189998626708984,6699.35009765625,13.289999961853027
2014-05-06,107.05999755859376,1308.300048828125,60.11000061035156,1867.719970703125,33.27000045776367,6715.2998046875,13.800000190734863
2014-05-07,108.12999725341795,1288.5999755859375,59.97800064086914,1878.2099609375,33.61000061035156,6652.5498046875,13.399999618530272
2014-05-08,108.04000091552734,1287.4000244140625,59.88999938964844,1875.6300048828125,34.29999923706055,6659.85009765625,13.43000030517578
2014-05-09,107.88999938964844,1287.300048828125,59.93000030517578,1878.47998046875,37.709999084472656,6858.7998046875,12.920000076293944
2014-05-12,108.41000366210938,1295.5999755859375,59.84999847412109,1896.6500244140625,37.09999847412109,7014.25,12.229999542236328
2014-05-13,109.23999786376952,1294.5999755859375,59.41999816894531,1897.449951171875,32.04999923706055,7108.75,12.130000114440918
2014-05-14,110.19000244140624,1305.699951171875,59.310001373291016,1888.530029296875,32.41999816894531,7108.75,12.170000076293944
2014-05-15,110.44000244140624,1293.5,59.400001525878906,1870.8499755859373,36.77000045776367,7123.14990234375,13.170000076293944
2014-05-16,110.41999816894533,1293.300048828125,59.33000183105469,1877.8599853515625,24.290000915527344,7203.0,12.4399995803833
2014-05-19,109.37000274658205,1293.699951171875,58.560001373291016,1885.0799560546875,20.6299991607666,7263.5498046875,12.420000076293944
2014-05-20,109.69000244140624,1294.5,58.36800003051758,1872.8299560546875,19.229999542236328,7275.5,12.960000038146973
2014-05-21,110.5500030517578,1288.0,58.58300018310547,1888.030029296875,17.90999984741211,7252.89990234375,11.90999984741211
2014-05-22,110.36000061035156,1294.9000244140625,58.6879997253418,1892.489990234375,17.84000015258789,7276.39990234375,12.029999732971191
2014-05-23,110.54000091552734,1291.5999755859375,58.27799987792969,1900.530029296875,17.700000762939453,7367.10009765625,11.359999656677246
2014-05-26,110.54000091552734,1291.5999755859375,58.41999816894531,1900.530029296875,19.84000015258789,7359.0498046875,11.359999656677246
2014-05-27,110.0199966430664,1265.4000244140625,58.650001525878906,1911.9100341796875,19.100000381469727,7318.0,11.510000228881836
2014-05-28,109.80999755859376,1259.300048828125,59.03799819946289,1909.780029296875,17.559999465942383,7329.64990234375,11.68000030517578
2014-05-29,109.97000122070312,1256.300048828125,58.83000183105469,1920.030029296875,16.690000534057617,7235.64990234375,11.56999969482422
2014-05-30,109.41000366210938,1245.5999755859375,58.900001525878906,1923.5699462890625,16.34000015258789,7229.9501953125,11.399999618530272
2014-06-02,108.83000183105467,1243.699951171875,59.1879997253418,1924.969970703125,16.5,7362.5,11.579999923706056
2014-06-03,108.81999969482422,1244.300048828125,59.15999984741211,1924.239990234375,15.800000190734863,7415.85009765625,11.869999885559082
2014-06-04,108.4000015258789,1244.0,59.29999923706055,1927.8800048828125,15.56999969482422,7402.25,12.079999923706056
2014-06-05,108.79000091552734,1253.0,59.2599983215332,1940.4599609375,15.449999809265137,7474.10009765625,11.68000030517578
2014-06-06,108.61000061035156,1252.0999755859375,59.16299819946289,1949.43994140625,15.979999542236328,7583.39990234375,10.729999542236328
2014-06-09,109.98999786376952,1253.5,59.167999267578125,1951.27001953125,17.100000381469727,7654.60009765625,11.149999618530272
2014-06-10,109.5199966430664,1259.800048828125,59.198001861572266,1950.7900390625,16.65999984741211,7656.39990234375,10.989999771118164
2014-06-11,109.9499969482422,1260.800048828125,59.119998931884766,1943.8900146484373,17.059999465942383,7626.85009765625,11.600000381469728
2014-06-12,113.0199966430664,1273.5999755859375,59.33300018310547,1930.1099853515625,16.899999618530273,7649.89990234375,12.5600004196167
2014-06-13,113.41000366210938,1273.699951171875,59.28799819946289,1936.1600341796875,17.760000228881836,7542.10009765625,12.18000030517578
2014-06-16,113.22000122070312,1274.9000244140625,59.70299911499024,1937.780029296875,17.979999542236328,7533.5498046875,12.649999618530272
2014-06-17,113.4499969482422,1271.699951171875,60.09000015258789,1941.989990234375,17.700000762939453,7631.7001953125,12.0600004196167
2014-06-18,114.26000213623048,1272.4000244140625,60.323001861572266,1956.97998046875,18.57999992370605,7558.2001953125,10.609999656677246
2014-06-19,115.05999755859376,1313.699951171875,59.810001373291016,1959.47998046875,18.739999771118164,7540.7001953125,10.619999885559082
2014-06-20,114.80999755859376,1316.199951171875,60.15999984741211,1962.8699951171875,18.850000381469727,7511.4501953125,10.850000381469728
2014-06-23,114.12000274658205,1318.0,60.167999267578125,1962.6099853515625,18.959999084472656,7493.35009765625,10.979999542236328
2014-06-24,114.45999908447266,1320.9000244140625,60.15299987792969,1949.97998046875,19.190000534057617,7580.2001953125,12.130000114440918
2014-06-25,114.0,1322.199951171875,60.18999862670898,1959.530029296875,18.309999465942383,7569.25,11.59000015258789
2014-06-26,113.20999908447266,1316.0999755859375,59.95000076293945,1957.219970703125,17.700000762939453,7493.2001953125,11.630000114440918
2014-06-27,113.3000030517578,1319.0,60.08000183105469,1960.9599609375,17.6299991607666,7508.7998046875,11.260000228881836
2014-06-30,112.36000061035156,1321.800048828125,60.03799819946289,1960.22998046875,17.8700008392334,7611.35009765625,11.56999969482422
2014-07-01,112.29000091552734,1326.4000244140625,59.970001220703125,1973.3199462890625,17.65999984741211,7634.7001953125,11.149999618530272
2014-07-02,111.23999786376952,1330.699951171875,60.02799987792969,1974.6199951171875,17.56999969482422,7725.14990234375,10.81999969482422
2014-07-03,111.0,1320.4000244140625,59.43999862670898,1985.43994140625,17.809999465942383,7714.7998046875,10.31999969482422
2014-07-04,111.0,1320.4000244140625,59.61000061035156,1985.43994140625,18.15999984741211,7751.60009765625,10.31999969482422
2014-07-07,110.23999786376952,1316.5,59.71799850463867,1977.6500244140625,19.40999984741211,7787.14990234375,11.329999923706056
2014-07-08,108.94000244140624,1316.0,59.948001861572266,1963.7099609375,19.18000030517578,7623.2001953125,11.979999542236328
2014-07-09,108.27999877929688,1323.800048828125,59.74800109863281,1972.8299560546875,18.190000534057617,7585.0,11.649999618530272
2014-07-10,108.66999816894533,1338.699951171875,59.757999420166016,1964.6800537109373,15.970000267028809,7567.75,12.59000015258789
2014-07-11,106.66000366210938,1337.0,60.1879997253418,1967.5699462890625,15.720000267028809,7459.60009765625,12.079999923706056
2014-07-14,106.9800033569336,1306.300048828125,60.0880012512207,1977.0999755859373,15.5600004196167,7454.14990234375,11.81999969482422
2014-07-15,106.0199966430664,1296.9000244140625,60.060001373291016,1973.280029296875,14.770000457763672,7526.64990234375,11.960000038146973
2014-07-16,105.8499984741211,1299.5999755859375,60.16999816894531,1981.5699462890625,14.729999542236328,7624.39990234375,11.0
2014-07-17,105.95999908447266,1316.699951171875,60.08000183105469,1958.1199951171875,14.970000267028809,7640.4501953125,14.539999961853027
2014-07-18,107.23999786376952,1309.199951171875,60.59999847412109,1978.219970703125,15.100000381469728,7663.89990234375,12.0600004196167
2014-07-21,107.68000030517578,1313.699951171875,60.27799987792969,1973.6300048828125,14.899999618530272,7684.2001953125,12.8100004196167
2014-07-22,107.33000183105467,1306.0999755859375,60.25,1983.530029296875,14.640000343322754,7767.85009765625,12.239999771118164
2014-07-23,108.02999877929688,1304.5,60.09799957275391,1987.010009765625,14.6899995803833,7795.75,11.520000457763672
2014-07-24,107.06999969482422,1290.5999755859375,59.86000061035156,1987.97998046875,14.720000267028809,7830.60009765625,11.84000015258789
2014-07-25,108.38999938964844,1303.0999755859375,60.060001373291016,1978.3399658203125,14.220000267028809,7790.4501953125,12.6899995803833
2014-07-28,107.56999969482422,1303.300048828125,60.053001403808594,1978.9100341796875,14.31999969482422,7748.7001953125,12.5600004196167
2014-07-30,106.51000213623048,1294.9000244140625,60.040000915527344,1970.0699462890625,13.890000343322754,7791.39990234375,13.329999923706056
2014-07-31,106.0199966430664,1281.300048828125,60.25,1930.6700439453125,13.81999969482422,7721.2998046875,16.950000762939453
2014-08-01,104.83999633789062,1293.5999755859375,60.77000045776367,1925.1500244140625,15.220000267028809,7602.60009765625,17.030000686645508
2014-08-04,105.41000366210938,1287.699951171875,61.20800018310547,1938.989990234375,14.81999969482422,7683.64990234375,15.119999885559082
2014-08-05,104.61000061035156,1284.0,60.900001525878906,1920.2099609375,13.949999809265137,7746.5498046875,16.8700008392334
2014-08-06,104.58999633789062,1306.699951171875,60.84299850463867,1920.239990234375,14.300000190734863,7672.0498046875,16.3700008392334
2014-08-07,105.44000244140624,1310.800048828125,61.18999862670898,1909.5699462890625,14.140000343322754,7649.25,16.65999984741211
2014-08-08,105.0199966430664,1308.9000244140625,61.23799896240234,1931.5899658203125,14.619999885559082,7568.5498046875,15.770000457763672
2014-08-11,104.68000030517578,1308.5,61.13800048828125,1936.9200439453125,14.0,7625.9501953125,14.229999542236328
2014-08-12,103.0199966430664,1308.800048828125,61.119998931884766,1933.75,13.470000267028809,7727.0498046875,14.130000114440918
2014-08-13,104.27999877929688,1312.800048828125,61.220001220703125,1946.719970703125,13.760000228881836,7739.5498046875,12.899999618530272
2014-08-14,102.01000213623048,1313.9000244140625,61.02000045776367,1955.1800537109373,13.220000267028809,7791.7001953125,12.420000076293944
2014-08-18,101.5999984741211,1297.699951171875,60.77299880981445,1971.739990234375,13.5,7874.25,12.31999969482422
2014-08-19,101.55999755859376,1295.0999755859375,60.81999969482422,1981.5999755859373,13.90999984741211,7897.5,12.210000038146973
2014-08-20,102.27999877929688,1293.4000244140625,60.7400016784668,1986.510009765625,13.65999984741211,7875.2998046875,11.779999732971191
2014-08-21,102.62999725341795,1273.699951171875,60.608001708984375,1992.3699951171875,13.729999542236328,7891.10009765625,11.760000228881836
2014-08-22,102.29000091552734,1278.5999755859375,60.43999862670898,1988.4000244140625,13.619999885559082,7913.2001953125,11.470000267028809
2014-08-25,102.6500015258789,1277.300048828125,60.4630012512207,1997.9200439453125,13.789999961853027,7906.2998046875,11.699999809265137
2014-08-26,102.5,1283.800048828125,60.5099983215332,2000.02001953125,13.899999618530272,7904.75,11.630000114440918
2014-08-27,102.72000122070312,1281.9000244140625,60.428001403808594,2000.1199951171875,13.0600004196167,7936.0498046875,11.779999732971191
2014-08-28,102.45999908447266,1288.699951171875,60.448001861572266,1996.739990234375,13.06999969482422,7954.35009765625,12.050000190734863
2014-09-01,102.45999908447266,1288.699951171875,60.51300048828125,1996.739990234375,13.529999732971191,8027.7001953125,12.050000190734863
2014-09-02,100.33999633789062,1263.699951171875,60.52299880981445,2002.280029296875,13.449999809265137,8083.0498046875,12.25
2014-09-03,102.7699966430664,1268.9000244140625,60.678001403808594,2000.719970703125,13.390000343322754,8114.60009765625,12.359999656677246
2014-09-04,101.83000183105467,1265.0999755859375,60.38999938964844,1997.6500244140625,13.079999923706056,8095.9501953125,12.640000343322754
2014-09-05,100.81999969482422,1265.800048828125,60.369998931884766,2007.7099609375,12.9399995803833,8086.85009765625,12.09000015258789
2014-09-08,100.1999969482422,1252.699951171875,60.38800048828125,2001.5400390625,12.789999961853027,8173.89990234375,12.65999984741211
2014-09-09,99.16000366210938,1246.800048828125,60.380001068115234,1988.43994140625,12.760000228881836,8152.9501953125,13.5
2014-09-10,98.04000091552734,1243.5,60.790000915527344,1995.68994140625,12.93000030517578,8094.10009765625,12.880000114440918
2014-09-11,98.08000183105467,1237.4000244140625,60.79999923706055,1997.449951171875,12.520000457763672,8085.7001953125,12.800000190734863
2014-09-12,97.11000061035156,1229.9000244140625,60.810001373291016,1985.5400390625,12.369999885559082,8105.5,13.3100004196167
2014-09-15,96.6500015258789,1233.5999755859375,60.64799880981445,1984.1300048828125,13.260000228881836,8042.0,14.119999885559082
2014-09-16,96.62999725341795,1235.199951171875,60.970001220703125,1998.97998046875,13.279999732971191,7932.89990234375,12.729999542236328
2014-09-17,98.97000122070312,1234.4000244140625,61.053001403808594,2001.5699462890625,12.949999809265137,7975.5,12.649999618530272
2014-09-18,97.6999969482422,1225.699951171875,60.90800094604492,2011.3599853515625,12.329999923706056,8114.75,12.029999732971191
2014-09-19,98.38999938964844,1215.300048828125,60.68999862670898,2010.4000244140625,11.890000343322754,8121.4501953125,12.109999656677246
2014-09-22,96.97000122070312,1216.800048828125,60.85300064086914,1994.2900390625,11.56999969482422,8146.2998046875,13.6899995803833
2014-09-23,96.8499984741211,1221.0,61.0,1982.77001953125,12.40999984741211,8017.5498046875,14.93000030517578
2014-09-24,96.9499969482422,1218.5999755859375,60.97999954223633,1998.300048828125,12.539999961853027,8002.39990234375,13.270000457763672
2014-09-25,97.0,1221.199951171875,60.810001373291016,1965.989990234375,13.300000190734863,7911.85009765625,15.640000343322754
2014-09-26,97.0,1214.0999755859375,61.4900016784668,1982.8499755859373,12.93000030517578,7968.85009765625,14.850000381469728
2014-09-29,97.1999969482422,1217.5,61.13800048828125,1977.800048828125,13.390000343322754,7958.89990234375,15.979999542236328
2014-09-30,94.66999816894533,1210.5,61.553001403808594,1972.2900390625,13.149999618530272,7964.7998046875,16.309999465942383
2014-10-01,94.16000366210938,1214.5999755859375,61.81999969482422,1946.1600341796875,13.0,7945.5498046875,16.709999084472656
2014-10-07,92.11000061035156,1211.699951171875,61.209999084472656,1935.0999755859373,14.460000038146973,7852.39990234375,17.200000762939453
2014-10-08,91.37999725341795,1205.300048828125,61.27000045776367,1968.8900146484373,14.109999656677246,7842.7001953125,15.109999656677246
2014-10-09,90.05000305175781,1224.5999755859375,60.880001068115234,1928.2099609375,13.15999984741211,7960.5498046875,18.76000022888184
2014-10-10,90.20999908447266,1221.0,61.02000045776367,1906.1300048828125,14.329999923706056,7859.9501953125,21.239999771118164
2014-10-13,88.88999938964844,1229.300048828125,61.27799987792969,1874.739990234375,14.5,7884.25,24.63999938964844
2014-10-14,85.04000091552734,1233.5999755859375,61.00299835205078,1877.699951171875,14.59000015258789,7864.0,22.790000915527344
2014-10-16,84.47000122070312,1240.5,61.37300109863281,1862.760009765625,16.43000030517578,7748.2001953125,25.200000762939453
2014-10-17,84.54000091552734,1238.300048828125,61.72299957275391,1886.760009765625,16.399999618530273,7779.7001953125,21.989999771118164
2014-10-20,85.4000015258789,1244.0,61.358001708984375,1904.010009765625,14.1899995803833,7879.39990234375,18.56999969482422
2014-10-21,86.22000122070312,1251.0,61.22800064086914,1941.280029296875,13.329999923706056,7927.75,16.079999923706055
2014-10-22,84.70999908447266,1244.800048828125,61.14300155639648,1927.1099853515625,13.029999732971191,7995.89990234375,17.8700008392334
2014-10-27,85.83000183105469,1229.0999755859375,61.16299819946289,1961.6300048828125,13.520000457763672,7991.7001953125,16.040000915527344
2014-10-28,86.02999877929688,1229.199951171875,61.29800033569336,1985.050048828125,13.31999969482422,8027.60009765625,14.390000343322754
2014-10-29,87.12000274658203,1224.300048828125,61.180999755859375,1982.300048828125,13.010000228881836,8090.4501953125,15.149999618530272
2014-10-30,86.23999786376953,1198.0999755859375,61.28300094604492,1994.6500244140625,13.270000457763672,8169.2001953125,14.520000457763672
2014-10-31,85.86000061035156,1171.0999755859375,61.43299865722656,2018.050048828125,13.300000190734863,8322.2001953125,14.029999732971191
2014-11-03,84.77999877929688,1169.4000244140625,61.39799880981445,2017.81005859375,13.739999771118164,8324.150390625,14.729999542236328
2014-11-05,82.94999694824219,1145.4000244140625,61.28799819946289,2023.5699462890625,13.760000228881836,8338.2998046875,14.170000076293944
2014-11-07,83.38999938964844,1169.5999755859375,61.49300003051758,2031.9200439453125,14.109999656677246,8337.0,13.119999885559082
2014-11-10,82.33999633789062,1159.5999755859375,61.51300048828125,2038.260009765625,13.93000030517578,8344.25,12.670000076293944
2014-11-11,81.66999816894531,1162.800048828125,61.52999877929688,2039.6800537109373,14.800000190734863,8362.650390625,12.920000076293944
2014-11-12,80.37999725341797,1158.9000244140625,61.4900016784668,2038.25,14.4399995803833,8383.2998046875,13.020000457763672
2014-11-13,77.91999816894531,1161.0999755859375,61.36800003051758,2039.3299560546875,13.800000190734863,8357.849609375,13.789999961853027
2014-11-14,77.73999786376953,1185.0,61.59299850463867,2039.8199462890625,13.970000267028809,8389.900390625,13.3100004196167
2014-11-17,79.30999755859375,1183.0,61.70800018310547,2041.3199462890625,14.40999984741211,8430.75,13.989999771118164
2014-11-18,78.47000122070312,1196.699951171875,61.823001861572266,2051.800048828125,14.06999969482422,8425.900390625,13.859999656677246
2014-11-19,78.0999984741211,1193.5999755859375,61.71799850463867,2048.719970703125,14.350000381469728,8382.2998046875,13.960000038146973
2014-11-20,79.33000183105469,1190.699951171875,61.9379997253418,2052.75,14.170000076293944,8401.900390625,13.579999923706056
2014-11-21,80.36000061035156,1197.5,61.92300033569336,2063.5,13.850000381469728,8477.349609375,12.899999618530272
2014-11-24,79.68000030517578,1195.5,61.7599983215332,2069.409912109375,13.020000457763672,8530.150390625,12.619999885559082
2014-11-25,78.33000183105469,1197.0999755859375,61.85300064086914,2067.030029296875,13.529999732971191,8463.099609375,12.25
2014-11-26,77.75,1196.5999755859375,61.84000015258789,2072.830078125,12.989999771118164,8475.75,12.06999969482422
2014-11-27,77.75,1196.5999755859375,61.78799819946289,2072.830078125,12.739999771118164,8494.2001953125,12.06999969482422
2014-11-28,70.1500015258789,1175.199951171875,61.85300064086914,2067.56005859375,12.899999618530272,8588.25,13.329999923706056
2014-12-01,72.54000091552734,1218.0,62.20299911499024,2053.43994140625,13.199999809265137,8555.900390625,14.15999984741211
2014-12-02,70.54000091552734,1199.199951171875,61.948001861572266,2066.550048828125,12.399999618530272,8524.7001953125,12.850000381469728
2014-12-03,69.91999816894531,1208.5,61.78799819946289,2074.330078125,12.369999885559082,8537.650390625,12.5
2014-12-04,69.63999938964844,1207.5,61.85599899291992,2071.919921875,12.449999809265137,8564.400390625,12.380000114440918
2014-12-05,69.06999969482422,1190.0999755859375,61.78300094604492,2075.3701171875,11.949999809265137,8538.2998046875,11.890000343322754
2014-12-08,66.19000244140625,1194.699951171875,61.9109992980957,2060.31005859375,12.210000038146973,8438.25,14.210000038146973
2014-12-09,66.83999633789062,1231.5,61.81800079345703,2059.820068359375,12.5,8340.7001953125,15.350000381469728
2014-12-10,64.23999786376953,1228.9000244140625,61.87300109863281,2026.1400146484373,12.239999771118164,8355.650390625,18.530000686645508
2014-12-11,63.68000030517578,1225.0999755859375,62.00299835205078,2035.3299560546875,12.770000457763672,8292.900390625,20.07999992370605
2014-12-12,61.84999847412109,1222.0,62.47299957275391,2002.3299560546875,13.75,8224.099609375,21.07999992370605
2014-12-15,61.060001373291016,1207.199951171875,62.51800155639648,1989.6300048828125,14.020000457763672,8219.599609375,20.420000076293945
2014-12-16,59.86000061035156,1193.9000244140625,63.167999267578125,1972.739990234375,16.309999465942383,8067.60009765625,23.56999969482422
2014-12-17,59.79999923706055,1194.300048828125,63.65299987792969,2012.8900146484373,16.93000030517578,8029.7998046875,19.440000534057617
2014-12-18,59.27000045776367,1194.699951171875,63.51800155639648,2061.22998046875,14.600000381469728,8159.2998046875,16.809999465942383
2014-12-19,61.380001068115234,1195.9000244140625,62.983001708984375,2070.64990234375,14.510000228881836,8225.2001953125,16.489999771118164
2014-12-22,60.11000061035156,1179.699951171875,63.2400016784668,2078.5400390625,14.210000038146973,8324.0,15.25
2014-12-23,61.68999862670898,1177.9000244140625,63.22299957275391,2082.169921875,15.300000190734863,8267.0,14.800000190734863
2014-12-24,60.2400016784668,1173.5,63.43299865722656,2081.8798828125,15.06999969482422,8174.10009765625,14.369999885559082
2014-12-26,59.45000076293945,1195.300048828125,63.51300048828125,2088.77001953125,14.649999618530272,8200.7001953125,14.5
2014-12-29,57.880001068115234,1181.699951171875,63.59000015258789,2090.570068359375,14.579999923706056,8246.2998046875,15.0600004196167
2014-12-30,57.900001525878906,1200.199951171875,63.66299819946289,2080.35009765625,14.859999656677246,8248.25,15.920000076293944
2014-12-31,57.33000183105469,1183.9000244140625,63.37799835205078,2058.89990234375,15.119999885559082,8282.7001953125,19.200000762939453
2015-01-02,56.41999816894531,1186.0,63.02799987792969,2058.199951171875,13.800000190734863,8395.4501953125,17.790000915527344
2015-01-05,53.11000061035156,1203.9000244140625,63.27799987792969,2020.5799560546875,14.149999618530272,8378.400390625,19.920000076293945
2015-01-06,51.09999847412109,1219.300048828125,63.3380012512207,2002.6099853515625,17.420000076293945,8127.35009765625,21.1200008392334
2015-01-07,51.150001525878906,1210.5999755859375,63.56800079345703,2025.9000244140625,18.13999938964844,8102.10009765625,19.309999465942383
2015-01-08,50.959999084472656,1208.4000244140625,63.27299880981445,2062.139892578125,16.469999313354492,8234.599609375,17.010000228881836
2015-01-09,50.11000061035156,1216.0,62.667999267578125,2044.81005859375,15.960000038146973,8284.5,17.549999237060547
2015-01-12,47.43000030517578,1232.699951171875,62.34799957275391,2028.260009765625,16.110000610351562,8323.0,19.600000381469727
2015-01-13,46.59000015258789,1234.300048828125,62.06800079345703,2023.030029296875,16.479999542236328,8299.400390625,20.559999465942383
2015-01-14,48.68999862670898,1234.4000244140625,61.97299957275391,2011.27001953125,17.25,8277.5498046875,21.479999542236328
2015-01-15,47.66999816894531,1264.699951171875,62.0880012512207,1992.6700439453125,16.15999984741211,8494.150390625,22.38999938964844
2015-01-16,47.68999862670898,1276.9000244140625,62.05799865722656,2019.4200439453125,17.270000457763672,8513.7998046875,20.950000762939453
2015-01-19,47.68999862670898,1276.9000244140625,61.86299896240234,2019.4200439453125,17.649999618530273,8550.7001953125,20.950000762939453
2015-01-20,47.9900016784668,1294.199951171875,61.63800048828125,2022.550048828125,17.270000457763672,8695.599609375,19.88999938964844
2015-01-21,49.02999877929688,1293.699951171875,61.64799880981445,2032.1199951171875,17.709999084472656,8729.5,18.850000381469727
2015-01-22,48.52000045776367,1300.699951171875,61.553001403808594,2063.14990234375,18.56999969482422,8761.400390625,16.399999618530273
2015-01-23,48.790000915527344,1292.5999755859375,61.59799957275391,2051.820068359375,17.889999389648438,8835.599609375,16.65999984741211
2015-01-27,49.59999847412109,1291.699951171875,61.47299957275391,2029.550048828125,18.09000015258789,8910.5,17.219999313354492
2015-01-28,48.470001220703125,1285.9000244140625,61.40299987792969,2002.1600341796875,19.770000457763672,8914.2998046875,20.440000534057617
2015-01-29,49.130001068115234,1254.5999755859375,61.35100173950195,2021.25,19.43000030517578,8952.349609375,18.76000022888184
2015-01-30,52.9900016784668,1278.5,61.79600143432617,1994.989990234375,20.170000076293945,8808.900390625,20.96999931335449
2015-02-02,54.75,1276.199951171875,62.01300048828125,2020.8499755859373,20.40999984741211,8797.400390625,19.43000030517578
2015-02-03,57.90999984741211,1259.699951171875,61.72800064086914,2050.030029296875,19.809999465942383,8756.5498046875,17.329999923706055
2015-02-04,54.15999984741211,1263.800048828125,61.61399841308594,2041.510009765625,20.049999237060547,8723.7001953125,18.32999992370605
2015-02-05,56.56999969482422,1262.0,61.86000061035156,2062.52001953125,20.6200008392334,8711.7001953125,16.850000381469727
2015-02-06,57.79999923706055,1233.9000244140625,61.733001708984375,2055.469970703125,20.690000534057617,8661.0498046875,17.290000915527344
2015-02-09,58.34000015258789,1240.800048828125,61.9630012512207,2046.739990234375,22.020000457763672,8526.349609375,18.549999237060547
2015-02-10,56.43000030517578,1231.5999755859375,62.130001068115234,2068.590087890625,21.190000534057617,8565.5498046875,17.229999542236328
2015-02-11,54.65999984741211,1219.0,62.34199905395508,2068.530029296875,20.5,8627.400390625,16.959999084472656
2015-02-12,57.04999923706055,1220.0999755859375,62.38199996948242,2088.47998046875,20.15999984741211,8711.5498046875,15.34000015258789
2015-02-13,57.38999938964844,1226.5,62.16999816894531,2096.989990234375,20.100000381469727,8805.5,14.6899995803833
2015-02-16,57.38999938964844,1226.5,62.06900024414063,2096.989990234375,20.82999992370605,8809.349609375,14.6899995803833
2015-02-18,60.52999877929688,1199.699951171875,62.11199951171875,2099.679931640625,20.90999984741211,8869.099609375,15.449999809265137
2015-02-19,60.209999084472656,1207.0999755859375,62.07400131225586,2097.449951171875,20.399999618530277,8895.2998046875,15.289999961853027
2015-02-20,60.220001220703125,1204.4000244140625,62.165000915527344,2110.300048828125,21.270000457763672,8833.599609375,14.300000190734863
2015-02-23,58.900001525878906,1200.300048828125,62.10100173950195,2109.659912109375,21.6299991607666,8754.9501953125,14.5600004196167
2015-02-24,58.65999984741211,1196.9000244140625,62.17100143432617,2115.47998046875,21.549999237060547,8762.099609375,13.6899995803833
2015-02-25,61.630001068115234,1201.0,62.233001708984375,2113.860107421875,20.780000686645508,8767.25,13.84000015258789
2015-02-26,60.04999923706055,1209.5999755859375,61.87699890136719,2110.739990234375,20.57999992370605,8683.849609375,13.90999984741211
2015-02-27,62.58000183105469,1212.5999755859375,61.75400161743164,2104.5,19.56999969482422,8844.599609375,13.34000015258789
2015-03-02,59.540000915527344,1207.699951171875,61.6510009765625,2117.389892578125,15.850000381469728,8956.75,13.039999961853027
2015-03-03,61.02000045776367,1204.0,61.9010009765625,2107.780029296875,15.489999771118164,8996.25,13.859999656677246
2015-03-04,60.54999923706055,1200.5999755859375,61.8129997253418,2098.530029296875,15.199999809265137,8922.650390625,14.229999542236328
2015-03-05,60.47999954223633,1195.9000244140625,62.30500030517578,2101.0400390625,14.4399995803833,8937.75,14.039999961853027
2015-03-09,58.52999877929688,1166.4000244140625,62.45299911499024,2079.429931640625,15.8100004196167,8756.75,15.0600004196167
2015-03-10,56.38999938964844,1160.0999755859375,62.67300033569336,2044.1600341796875,15.529999732971191,8712.0498046875,16.690000534057617
2015-03-11,57.540000915527344,1150.699951171875,62.7130012512207,2040.239990234375,15.130000114440918,8699.9501953125,16.8700008392334
2015-03-12,57.08000183105469,1152.0999755859375,62.755001068115234,2065.949951171875,14.75,8776.0,15.420000076293944
2015-03-13,54.66999816894531,1152.5999755859375,62.53499984741211,2053.39990234375,14.970000267028809,8647.75,16.0
2015-03-16,53.43999862670898,1153.300048828125,63.07600021362305,2081.18994140625,15.18000030517578,8633.150390625,15.609999656677246
2015-03-17,53.43000030517578,1148.300048828125,62.78900146484375,2074.280029296875,15.130000114440918,8723.2998046875,15.65999984741211
2015-03-18,55.90999984741211,1151.4000244140625,62.61600112915039,2099.5,15.510000228881836,8685.900390625,13.970000267028809
2015-03-19,54.43000030517578,1169.0999755859375,62.69300079345703,2089.27001953125,15.199999809265137,8634.650390625,14.06999969482422
2015-03-20,55.31999969482422,1184.800048828125,62.483001708984375,2108.10009765625,14.260000228881836,8570.900390625,13.020000457763672
2015-03-23,55.91999816894531,1188.0,62.40299987792969,2104.419921875,14.270000457763672,8550.900390625,13.40999984741211
2015-03-24,55.11000061035156,1191.699951171875,62.22299957275391,2091.5,13.670000076293944,8542.9501953125,13.619999885559082
2015-03-25,56.47999954223633,1197.300048828125,62.27799987792969,2061.050048828125,13.140000343322754,8530.7998046875,15.4399995803833
2015-03-26,59.18999862670898,1205.0999755859375,62.46200180053711,2056.14990234375,15.15999984741211,8342.150390625,15.800000190734863
2015-03-27,56.40999984741211,1199.800048828125,62.82899856567383,2061.02001953125,14.5,8341.400390625,15.06999969482422
2015-03-30,56.290000915527344,1184.800048828125,62.51499938964844,2086.239990234375,14.260000228881836,8492.2998046875,14.510000228881836
2015-03-31,55.11000061035156,1183.0999755859375,62.50899887084961,2067.889892578125,14.489999771118164,8491.0,15.289999961853027
2015-04-01,57.09999847412109,1208.0999755859375,62.305999755859375,2059.68994140625,13.670000076293944,8586.25,15.109999656677246
2015-04-06,58.119998931884766,1218.5999755859375,62.060001373291016,2080.6201171875,14.56999969482422,8659.900390625,14.739999771118164
2015-04-07,59.09999847412109,1210.5999755859375,62.060001373291016,2076.330078125,14.25,8660.2998046875,14.779999732971191
2015-04-08,55.54999923706055,1203.0999755859375,62.30899810791016,2081.89990234375,14.350000381469728,8714.400390625,13.979999542236328
2015-04-09,56.56999969482422,1193.5999755859375,62.18199920654297,2091.179931640625,14.420000076293944,8778.2998046875,13.09000015258789
2015-04-10,57.869998931884766,1204.5999755859375,62.31399917602539,2102.06005859375,14.260000228881836,8780.349609375,12.579999923706056
2015-04-13,57.93000030517578,1199.300048828125,62.26900100708008,2092.429931640625,14.489999771118164,8834.0,13.9399995803833
2015-04-16,60.400001525878906,1198.0,62.38999938964844,2104.989990234375,14.949999809265137,8706.7001953125,12.600000381469728
2015-04-17,63.45000076293945,1202.9000244140625,62.32600021362305,2081.179931640625,15.039999961853027,8606.0,13.890000343322754
2015-04-20,63.45000076293945,1193.5,62.542999267578125,2100.39990234375,16.299999237060547,8448.099609375,13.300000190734863
2015-04-21,62.08000183105469,1202.9000244140625,63.14500045776367,2097.2900390625,17.030000686645508,8377.75,13.25
2015-04-22,62.72999954223633,1186.9000244140625,62.87799835205078,2107.9599609375,17.209999084472656,8429.7001953125,12.710000038146973
2015-04-23,64.8499984741211,1194.4000244140625,62.935001373291016,2112.929931640625,18.5,8398.2998046875,12.479999542236328
2015-04-24,65.27999877929688,1175.199951171875,63.2869987487793,2117.68994140625,19.11000061035156,8305.25,12.289999961853027
2015-04-27,64.83000183105469,1203.300048828125,63.65499877929688,2108.919921875,18.739999771118164,8213.7998046875,13.119999885559082
2015-04-28,64.63999938964844,1214.0,63.13999938964844,2114.760009765625,17.40999984741211,8285.599609375,12.40999984741211
2015-04-29,65.83999633789062,1209.800048828125,63.03300094604492,2106.85009765625,17.239999771118164,8239.75,13.390000343322754
2015-04-30,66.77999877929688,1182.4000244140625,63.44200134277344,2085.510009765625,17.229999542236328,8181.5,14.550000190734863
2015-05-04,66.44999694824219,1186.800048828125,63.52299880981445,2114.489990234375,17.309999465942383,8331.9501953125,12.850000381469728
2015-05-05,67.5199966430664,1193.199951171875,63.59299850463867,2089.4599609375,17.360000610351562,8324.7998046875,14.3100004196167
2015-05-06,67.7699966430664,1190.300048828125,63.34400177001953,2080.14990234375,19.670000076293945,8097.0,15.149999618530272
2015-05-07,65.54000091552734,1182.4000244140625,63.65999984741211,2088.0,19.649999618530277,8057.2998046875,15.130000114440918
2015-05-08,65.38999938964844,1189.0999755859375,64.08200073242188,2116.10009765625,19.11000061035156,8191.5,12.859999656677246
2015-05-11,64.91000366210938,1183.199951171875,63.70399856567383,2105.330078125,18.6299991607666,8325.25,13.850000381469728
2015-05-12,66.86000061035156,1192.5999755859375,64.0199966430664,2099.1201171875,20.549999237060547,8126.9501953125,13.859999656677246
2015-05-13,66.80999755859375,1218.4000244140625,64.21099853515625,2098.47998046875,20.690000534057617,8235.4501953125,13.760000228881836
2015-05-14,66.58999633789062,1225.4000244140625,64.04399871826172,2121.10009765625,20.700000762939453,8224.2001953125,12.739999771118164
2015-05-15,66.56999969482422,1225.5,63.40800094604492,2122.72998046875,19.81999969482422,8262.349609375,12.380000114440918
2015-05-18,66.2699966430664,1227.800048828125,63.43299865722656,2129.199951171875,17.899999618530273,8373.650390625,12.729999542236328
2015-05-19,64.0199966430664,1206.9000244140625,63.729000091552734,2127.830078125,18.270000457763672,8365.650390625,12.850000381469728
2015-05-20,65.02999877929688,1208.9000244140625,63.78499984741211,2125.85009765625,17.719999313354492,8423.25,12.880000114440918
2015-05-21,66.54000091552734,1204.4000244140625,63.625,2130.820068359375,17.40999984741211,8421.0,12.109999656677246
2015-05-22,65.37000274658203,1204.300048828125,63.6259994506836,2126.06005859375,16.950000762939453,8458.9501953125,12.130000114440918
2015-05-25,65.37000274658203,1204.300048828125,63.483001708984375,2126.06005859375,16.93000030517578,8370.25,12.130000114440918
2015-05-26,63.720001220703125,1187.199951171875,63.57099914550781,2104.199951171875,17.06999969482422,8339.349609375,14.0600004196167
2015-05-27,62.060001373291016,1185.9000244140625,63.97600173950195,2123.47998046875,17.280000686645508,8334.599609375,13.270000457763672
2015-05-28,62.58000183105469,1188.0999755859375,63.874000549316406,2120.7900390625,17.1299991607666,8319.0,13.3100004196167
2015-05-29,65.55999755859375,1189.4000244140625,63.82500076293945,2107.389892578125,16.65999984741211,8433.650390625,13.84000015258789
2015-06-01,64.87999725341797,1188.300048828125,63.73600006103516,2111.72998046875,16.90999984741211,8433.400390625,13.970000267028809
2015-06-02,65.48999786376953,1194.0999755859375,63.61000061035156,2109.60009765625,16.81999969482422,8236.4501953125,14.239999771118164
2015-06-03,63.79999923706055,1184.699951171875,63.6619987487793,2114.070068359375,17.510000228881836,8135.10009765625,13.65999984741211
2015-06-04,62.02999877929688,1174.9000244140625,64.05899810791016,2095.840087890625,18.1200008392334,8130.64990234375,14.710000038146973
2015-06-05,63.310001373291016,1167.800048828125,64.0009994506836,2092.830078125,18.09000015258789,8114.7001953125,14.210000038146973
2015-06-08,62.68999862670898,1173.199951171875,63.762001037597656,2079.280029296875,18.88999938964844,8044.14990234375,15.289999961853027
2015-06-09,64.87999725341797,1177.300048828125,63.97600173950195,2080.14990234375,18.010000228881836,8022.39990234375,14.470000267028809
2015-06-10,65.69999694824219,1186.0999755859375,64.03800201416016,2105.199951171875,17.079999923706055,8124.4501953125,13.220000267028809
2015-06-11,65.11000061035156,1179.9000244140625,63.79899978637695,2108.860107421875,17.809999465942383,7965.35009765625,12.850000381469728
2015-06-12,63.869998931884766,1178.800048828125,63.999000549316406,2094.110107421875,17.479999542236328,7982.89990234375,13.779999732971191
2015-06-15,62.61000061035156,1185.300048828125,64.09200286865234,2084.429931640625,17.520000457763672,8013.89990234375,15.390000343322754
2015-06-16,62.630001068115234,1180.5,64.052001953125,2096.2900390625,17.170000076293945,8047.2998046875,14.8100004196167
2015-06-17,63.869998931884766,1176.4000244140625,64.18199920654297,2100.43994140625,16.729999542236328,8091.5498046875,14.5
2015-06-18,64.26000213623047,1201.5,64.00299835205078,2121.239990234375,16.020000457763672,8174.60009765625,13.1899995803833
2015-06-19,63.02000045776367,1201.5,63.64500045776367,2109.989990234375,15.09000015258789,8224.9501953125,13.960000038146973
2015-06-22,63.34000015258789,1183.699951171875,63.492000579833984,2122.85009765625,15.489999771118164,8353.099609375,12.739999771118164
2015-06-23,64.44999694824219,1176.199951171875,63.50699996948242,2124.199951171875,15.039999961853027,8381.5498046875,12.109999656677246
2015-06-24,63.4900016784668,1172.5999755859375,63.59999847412109,2108.580078125,15.920000076293944,8360.849609375,13.260000228881836
2015-06-25,63.20000076293945,1171.5,63.5620002746582,2102.31005859375,15.93000030517578,8398.0,14.010000228881836
2015-06-26,63.2599983215332,1172.9000244140625,63.51100158691406,2101.489990234375,15.760000228881836,8381.099609375,14.020000457763672
2015-06-29,62.0099983215332,1178.5,63.44400024414063,2057.639892578125,17.299999237060547,8318.400390625,18.850000381469727
2015-06-30,63.59000015258789,1171.5,63.7239990234375,2063.110107421875,16.93000030517578,8368.5,18.229999542236328
2015-07-01,62.0099983215332,1169.0,63.59000015258789,2077.419921875,15.850000381469728,8453.0498046875,16.09000015258789
2015-07-02,62.06999969482422,1163.0,63.57400131225586,2076.780029296875,15.5600004196167,8444.900390625,16.790000915527344
2015-07-03,62.06999969482422,1163.0,63.369998931884766,2076.780029296875,16.309999465942383,8484.900390625,16.790000915527344
2015-07-06,56.540000915527344,1172.9000244140625,63.40399932861328,2068.760009765625,16.020000457763672,8522.150390625,17.010000228881836
2015-07-07,56.84999847412109,1152.4000244140625,63.3650016784668,2081.340087890625,16.309999465942383,8510.7998046875,16.09000015258789
2015-07-08,57.04999923706055,1163.300048828125,63.51800155639648,2046.6800537109373,17.790000915527344,8363.0498046875,19.65999984741211
2015-07-09,58.61000061035156,1159.0,63.5620002746582,2051.31005859375,17.440000534057617,8328.5498046875,19.96999931335449
2015-07-10,58.72999954223633,1157.699951171875,63.36399841308594,2076.6201171875,17.06999969482422,8360.5498046875,16.829999923706055
2015-07-13,57.84999847412109,1155.199951171875,63.35200119018555,2099.60009765625,16.270000457763672,8459.650390625,13.899999618530272
2015-07-14,58.5099983215332,1153.300048828125,63.51399993896485,2108.949951171875,16.010000228881836,8454.099609375,13.369999885559082
2015-07-15,57.04999923706055,1147.199951171875,63.32400131225586,2107.39990234375,15.56999969482422,8523.7998046875,13.229999542236328
2015-07-16,57.5099983215332,1143.800048828125,63.52399826049805,2124.2900390625,14.779999732971191,8608.0498046875,12.109999656677246
2015-07-17,57.52000045776367,1131.800048828125,63.48199844360352,2126.639892578125,14.800000190734863,8609.849609375,11.949999809265137
2015-07-20,56.650001525878906,1106.699951171875,63.48400115966797,2128.280029296875,14.960000038146973,8603.4501953125,12.25
2015-07-21,57.040000915527344,1103.4000244140625,63.625,2119.2099609375,15.100000381469728,8529.4501953125,12.220000267028809
2015-07-22,56.130001068115234,1091.4000244140625,63.58300018310547,2114.14990234375,15.130000114440918,8633.5,12.119999885559082
2015-07-23,55.27000045776367,1094.0,63.66400146484375,2102.14990234375,15.520000457763672,8589.7998046875,12.640000343322754
2015-07-24,54.619998931884766,1085.5999755859375,63.84799957275391,2079.64990234375,15.460000038146973,8521.5498046875,13.739999771118164
2015-07-27,53.470001220703125,1096.5,64.0999984741211,2067.639892578125,16.3700008392334,8361.0,15.600000381469728
2015-07-28,53.29999923706055,1096.300048828125,64.21700286865234,2093.25,15.920000076293944,8337.0,13.4399995803833
2015-07-29,53.380001068115234,1092.699951171875,63.8390007019043,2108.570068359375,15.880000114440918,8375.0498046875,12.5
2015-07-30,53.310001373291016,1088.4000244140625,63.882999420166016,2108.6298828125,15.329999923706056,8421.7998046875,12.130000114440918
2015-07-31,52.209999084472656,1094.9000244140625,64.11799621582031,2103.840087890625,14.56999969482422,8532.849609375,12.119999885559082
2015-08-03,49.52000045776367,1089.4000244140625,63.97999954223633,2098.0400390625,15.390000343322754,8543.0498046875,12.5600004196167
2015-08-04,49.9900016784668,1090.699951171875,64.1240005493164,2093.320068359375,14.829999923706056,8516.900390625,13.0
2015-08-05,49.59000015258789,1085.699951171875,63.81900024414063,2099.840087890625,14.670000076293944,8567.9501953125,12.510000228881836
2015-08-06,49.52000045776367,1090.199951171875,63.69599914550781,2083.56005859375,14.729999542236328,8588.650390625,13.770000457763672
2015-08-07,48.61000061035156,1094.0999755859375,63.733001708984375,2077.570068359375,14.90999984741211,8564.599609375,13.390000343322754
2015-08-10,50.40999984741211,1104.199951171875,63.733001708984375,2104.179931640625,15.470000267028809,8525.599609375,12.229999542236328
2015-08-11,49.18000030517578,1107.5999755859375,63.8380012512207,2084.070068359375,15.890000343322754,8462.349609375,13.710000038146973
2015-08-12,49.65999984741211,1123.199951171875,64.32599639892578,2086.050048828125,17.450000762939453,8349.4501953125,13.609999656677246
2015-08-13,49.220001220703125,1115.699951171875,64.79900360107422,2083.389892578125,17.020000457763672,8355.849609375,13.489999771118164
2015-08-14,49.02999877929688,1112.9000244140625,65.26899719238281,2091.5400390625,16.020000457763672,8518.5498046875,12.829999923706056
2015-08-17,49.02999877929688,1118.5999755859375,65.12200164794922,2102.43994140625,16.459999084472656,8477.2998046875,13.020000457763672
2015-08-18,48.810001373291016,1117.0999755859375,65.44300079345703,2096.919921875,16.360000610351562,8466.5498046875,13.789999961853027
2015-08-19,47.15999984741211,1128.0999755859375,65.44599914550781,2079.610107421875,16.68000030517578,8495.150390625,15.25
2015-08-20,46.619998931884766,1153.0,65.05400085449219,2035.72998046875,16.979999542236328,8372.75,19.13999938964844
2015-08-21,45.459999084472656,1159.5999755859375,65.46099853515625,1970.8900146484373,17.110000610351562,8299.9501953125,28.030000686645508
2015-08-24,42.68999862670898,1153.4000244140625,66.0260009765625,1893.2099609375,28.1299991607666,7809.0,40.7400016784668
2015-08-25,43.209999084472656,1138.199951171875,66.80699920654297,1867.6099853515625,26.850000381469727,7880.7001953125,36.02000045776367
2015-08-26,43.13999938964844,1124.5999755859375,66.28299713134766,1940.510009765625,25.520000457763672,7791.85009765625,30.31999969482422
2015-08-27,47.560001373291016,1122.4000244140625,66.05599975585938,1987.6600341796875,22.040000915527344,7948.9501953125,26.100000381469727
2015-08-28,50.04999923706055,1133.0999755859375,66.05500030517578,1988.8699951171875,23.32999992370605,8001.9501953125,26.049999237060547
2015-08-31,54.150001525878906,1131.5999755859375,66.14299774169922,1972.1800537109373,24.600000381469727,7971.2998046875,28.43000030517578
2015-09-01,49.560001373291016,1138.699951171875,66.3499984741211,1913.8499755859373,28.71999931335449,7785.85009765625,31.399999618530277
2015-09-02,50.5,1132.5,66.4229965209961,1948.8599853515625,26.649999618530277,7717.0,26.09000015258789
2015-09-03,50.68000030517578,1123.699951171875,66.22599792480469,1951.1300048828125,24.1200008392334,7823.0,25.61000061035156
2015-09-04,49.61000061035156,1120.5999755859375,66.16000366210938,1921.219970703125,26.420000076293945,7655.0498046875,27.799999237060547
2015-09-07,49.61000061035156,1120.5999755859375,66.6780014038086,1921.219970703125,26.350000381469727,7558.7998046875,27.799999237060547
2015-09-08,49.52000045776367,1120.4000244140625,66.8030014038086,1969.4100341796875,24.56999969482422,7688.25,24.899999618530277
2015-09-09,47.58000183105469,1102.199951171875,66.40599822998047,1942.0400390625,24.299999237060547,7818.60009765625,26.229999542236328
2015-09-10,48.88999938964844,1109.5,66.59700012207031,1952.2900390625,24.75,7788.10009765625,24.3700008392334
2015-09-11,48.13999938964844,1103.5,66.31900024414062,1961.050048828125,24.979999542236328,7789.2998046875,23.200000762939453
2015-09-14,46.369998931884766,1107.699951171875,66.23400115966797,1953.030029296875,24.31999969482422,7872.25,24.25
2015-09-15,46.630001068115234,1102.800048828125,66.31500244140625,1978.0899658203125,23.739999771118164,7829.10009765625,22.540000915527344
2015-09-16,46.61000061035156,1119.199951171875,66.43000030517578,1995.31005859375,22.0,7899.14990234375,21.350000381469727
2015-09-18,47.470001220703125,1138.0999755859375,66.12200164794922,1958.030029296875,18.290000915527344,7981.89990234375,22.280000686645508
2015-09-21,48.91999816894531,1133.0999755859375,65.86100006103516,1966.969970703125,18.18000030517578,7977.10009765625,20.13999938964844
2015-09-22,49.08000183105469,1125.0,65.73899841308594,1942.739990234375,20.350000381469727,7812.0,22.440000534057617
2015-09-23,47.75,1131.5999755859375,65.875,1938.760009765625,20.690000534057617,7845.9501953125,22.1299991607666
2015-09-24,48.16999816894531,1153.800048828125,66.16200256347656,1932.239990234375,20.8799991607666,7868.5,23.46999931335449
2015-09-28,47.34000015258789,1132.0,66.16300201416016,1881.77001953125,21.670000076293945,7795.7001953125,27.6299991607666
2015-09-29,48.22999954223633,1127.0999755859375,66.26000213623047,1884.0899658203125,21.56999969482422,7843.2998046875,26.82999992370605
2015-09-30,48.369998931884766,1115.5,65.91999816894531,1920.030029296875,19.6299991607666,7948.89990234375,24.5
2015-10-01,47.68999862670898,1114.199951171875,65.5270004272461,1923.8199462890625,19.239999771118164,7950.89990234375,22.549999237060547
2015-10-05,49.25,1138.0999755859375,65.35700225830078,1987.050048828125,19.1299991607666,8119.2998046875,19.540000915527344
2015-10-06,51.91999816894531,1146.800048828125,65.12300109863281,1979.9200439453125,19.309999465942383,8152.89990234375,19.399999618530277
2015-10-07,51.33000183105469,1149.0,65.18399810791016,1995.8299560546875,19.34000015258789,8177.39990234375,18.399999618530277
2015-10-08,53.04999923706055,1144.699951171875,64.93900299072266,2013.4300537109373,19.559999465942383,8129.35009765625,17.420000076293945
2015-10-09,52.650001525878906,1156.300048828125,64.99500274658203,2014.8900146484373,18.93000030517578,8189.7001953125,17.079999923706055
2015-10-12,49.86000061035156,1164.9000244140625,64.77200317382812,2017.4599609375,19.1200008392334,8143.60009765625,16.170000076293945
2015-10-13,49.2400016784668,1165.800048828125,64.78199768066406,2003.68994140625,18.020000457763672,8131.7001953125,17.670000076293945
2015-10-14,49.150001525878906,1180.0999755859375,65.08499908447266,1994.239990234375,17.719999313354492,8107.89990234375,18.030000686645508
2015-10-15,48.709999084472656,1187.9000244140625,64.8489990234375,2023.8599853515625,17.170000076293945,8179.5,16.049999237060547
2015-10-16,48.72999954223633,1183.5999755859375,64.78399658203125,2033.1099853515625,16.270000457763672,8238.150390625,15.050000190734863
2015-10-19,48.61000061035156,1173.300048828125,64.69499969482422,2033.6600341796875,16.8799991607666,8275.0498046875,14.979999542236328
2015-10-20,48.709999084472656,1178.0,64.95099639892578,2030.77001953125,17.0,8261.650390625,15.75
2015-10-21,47.84999847412109,1167.5999755859375,64.99400329589844,2018.93994140625,16.6200008392334,8251.7001953125,16.700000762939453
2015-10-23,47.9900016784668,1163.300048828125,65.05000305175781,2075.14990234375,16.190000534057617,8295.4501953125,14.460000038146973
2015-10-26,47.540000915527344,1167.0,64.88500213623047,2071.179931640625,17.229999542236328,8260.5498046875,15.289999961853027
2015-10-27,46.810001373291016,1166.800048828125,64.9010009765625,2065.889892578125,16.540000915527344,8232.900390625,15.43000030517578
2015-10-28,49.04999923706055,1177.0999755859375,65.06700134277344,2090.35009765625,17.040000915527344,8171.2001953125,14.329999923706056
2015-10-29,48.79999923706055,1147.199951171875,64.94599914550781,2089.409912109375,17.579999923706055,8111.75,14.609999656677246
2015-10-30,49.560001373291016,1141.5,65.44400024414062,2079.360107421875,17.8799991607666,8065.7998046875,15.06999969482422
2015-11-02,48.790000915527344,1135.800048828125,65.41500091552734,2104.050048828125,19.479999542236328,8050.7998046875,14.149999618530272
2015-11-03,50.540000915527344,1114.199951171875,65.54100036621094,2109.7900390625,19.559999465942383,8060.7001953125,14.539999961853027
2015-11-04,48.58000183105469,1106.5,65.53099822998047,2102.31005859375,19.36000061035156,8040.2001953125,15.510000228881836
2015-11-05,47.97999954223633,1104.4000244140625,65.58499908447266,2099.929931640625,19.290000915527344,7955.4501953125,15.050000190734863
2015-11-06,47.41999816894531,1087.5999755859375,65.86000061035156,2099.199951171875,19.46999931335449,7954.2998046875,14.329999923706056
2015-11-09,47.18999862670898,1087.9000244140625,66.13300323486328,2078.580078125,17.040000915527344,7915.2001953125,16.520000457763672
2015-11-10,47.43999862670898,1088.199951171875,66.46800231933594,2081.719970703125,16.829999923706055,7783.35009765625,15.289999961853027
2015-11-13,43.61000061035156,1080.800048828125,66.0479965209961,2023.0400390625,17.649999618530273,7762.25,20.07999992370605
2015-11-16,43.58000183105469,1083.699951171875,66.0510025024414,2053.18994140625,17.8799991607666,7806.60009765625,18.15999984741211
2015-11-17,43.56999969482422,1068.699951171875,65.89700317382812,2050.43994140625,16.969999313354492,7837.5498046875,18.84000015258789
2015-11-18,44.13999938964844,1068.800048828125,66.03700256347656,2083.580078125,17.420000076293945,7731.7998046875,16.850000381469727
2015-11-19,44.18000030517578,1078.0,66.07499694824219,2081.239990234375,15.84000015258789,7842.75,16.989999771118164
2015-11-20,44.65999984741211,1076.4000244140625,66.08499908447266,2089.169921875,15.899999618530272,7856.5498046875,15.470000267028809
2015-11-23,44.83000183105469,1066.800048828125,66.05000305175781,2086.590087890625,17.079999923706055,7849.25,15.619999885559082
2015-11-24,46.119998931884766,1074.300048828125,66.37100219726562,2089.139892578125,16.25,7831.60009765625,15.93000030517578
2015-11-26,46.119998931884766,1074.300048828125,66.38200378417969,2089.139892578125,16.690000534057617,7883.7998046875,15.93000030517578
2015-11-27,44.86000061035156,1056.199951171875,66.55799865722656,2090.110107421875,16.729999542236328,7942.7001953125,15.119999885559082
2015-11-30,44.61000061035156,1065.800048828125,66.9000015258789,2080.409912109375,16.43000030517578,7935.25,16.1299991607666
2015-12-01,44.43999862670898,1063.800048828125,66.50800323486328,2102.6298828125,15.640000343322754,7954.89990234375,14.670000076293944
2015-12-02,42.4900016784668,1054.199951171875,66.46099853515625,2079.510009765625,15.489999771118164,7931.35009765625,15.90999984741211
2015-12-03,43.84000015258789,1061.699951171875,66.55699920654297,2049.6201171875,16.059999465942383,7864.14990234375,18.11000061035156
2015-12-04,43.0,1084.5,66.8030014038086,2091.68994140625,16.09000015258789,7781.89990234375,14.8100004196167
2015-12-07,40.72999954223633,1076.4000244140625,66.63600158691406,2077.070068359375,15.869999885559082,7765.39990234375,15.84000015258789
2015-12-08,40.2599983215332,1076.300048828125,66.76799774169922,2063.590087890625,15.970000267028809,7701.7001953125,17.600000381469727
2015-12-09,40.11000061035156,1077.5999755859375,66.83300018310547,2047.6199951171875,16.729999542236328,7612.5,19.61000061035156
2015-12-10,39.72999954223633,1073.0999755859375,66.88999938964844,2052.22998046875,16.290000915527344,7683.2998046875,19.34000015258789
2015-12-11,37.93000030517578,1076.9000244140625,66.78600311279297,2012.3699951171875,17.18000030517578,7610.4501953125,24.38999938964844
2015-12-14,37.91999816894531,1064.699951171875,67.14099884033203,2021.93994140625,17.799999237060547,7650.0498046875,22.729999542236328
2015-12-15,38.45000076293945,1062.9000244140625,67.07099914550781,2043.4100341796875,17.34000015258789,7700.89990234375,20.950000762939453
2015-12-16,37.18999862670898,1078.0,66.90299987792969,2073.070068359375,16.729999542236328,7750.89990234375,17.860000610351562
2015-12-17,37.18000030517578,1050.800048828125,66.4280014038086,2041.8900146484373,14.220000267028809,7844.35009765625,18.940000534057617
2015-12-18,36.880001068115234,1066.199951171875,66.45899963378906,2005.550048828125,14.489999771118164,7761.9501953125,20.700000762939453
2015-12-21,36.34999847412109,1081.9000244140625,66.24800109863281,2021.1500244140625,14.229999542236328,7834.4501953125,18.700000762939453
2015-12-22,36.11000061035156,1074.800048828125,66.26899719238281,2038.969970703125,14.479999542236328,7786.10009765625,16.600000381469727
2015-12-23,37.36000061035156,1069.4000244140625,66.24299621582031,2064.2900390625,13.649999618530272,7865.9501953125,15.56999969482422
2015-12-24,37.88999938964844,1077.199951171875,66.15399932861328,2060.989990234375,13.75,7861.0498046875,15.739999771118164
2015-12-28,36.619998931884766,1070.5,65.94000244140625,2056.5,14.399999618530272,7925.14990234375,16.90999984741211
2015-12-29,37.790000915527344,1077.5,66.13400268554688,2078.360107421875,14.239999771118164,7928.9501953125,16.079999923706055
2015-12-30,36.459999084472656,1060.0999755859375,66.26000213623047,2063.360107421875,14.350000381469728,7896.25,17.290000915527344
2015-12-31,37.27999877929688,1060.300048828125,66.45500183105469,2043.93994140625,13.869999885559082,7946.35009765625,18.209999084472656
2016-01-04,37.220001220703125,1075.0999755859375,66.19300079345703,2012.6600341796875,16.84000015258789,7791.2998046875,20.700000762939453
2016-01-05,36.41999816894531,1078.4000244140625,66.60099792480469,2016.7099609375,16.700000762939453,7784.64990234375,19.34000015258789
2016-01-06,34.22999954223633,1091.9000244140625,66.52400207519531,1990.260009765625,16.549999237060547,7741.0,20.59000015258789
2016-01-07,33.75,1107.699951171875,66.7239990234375,1943.0899658203125,18.959999084472656,7568.2998046875,24.989999771118164
2016-01-08,33.54999923706055,1097.800048828125,66.9209976196289,1922.030029296875,17.799999237060547,7601.35009765625,27.01000022888184
2016-01-11,31.549999237060547,1096.5,66.83999633789062,1923.6700439453125,18.690000534057617,7563.85009765625,24.299999237060547
2016-01-12,30.86000061035156,1085.5999755859375,66.79299926757812,1938.6800537109373,18.709999084472656,7510.2998046875,22.46999931335449
2016-01-13,30.309999465942383,1087.5,66.91999816894531,1890.280029296875,18.350000381469727,7562.39990234375,25.21999931335449
2016-01-14,31.030000686645508,1073.9000244140625,66.93599700927734,1921.8399658203125,18.61000061035156,7536.7998046875,23.950000762939453
2016-01-15,31.01000022888184,1091.5,67.30400085449219,1880.3299560546875,19.420000076293945,7437.7998046875,27.020000457763672
2016-01-18,31.01000022888184,1091.5,67.76699829101562,1880.3299560546875,20.229999542236328,7351.0,27.020000457763672
2016-01-19,28.76000022888184,1089.9000244140625,67.71099853515625,1881.3299560546875,18.43000030517578,7435.10009765625,26.049999237060547
2016-01-20,27.8799991607666,1107.0999755859375,67.76699829101562,1859.3299560546875,20.96999931335449,7309.2998046875,27.59000015258789
2016-01-21,29.25,1099.0999755859375,67.9489974975586,1868.989990234375,20.809999465942383,7276.7998046875,26.690000534057617
2016-01-22,32.18000030517578,1097.199951171875,67.80799865722656,1906.9000244140625,18.81999969482422,7422.4501953125,22.34000015258789
2016-01-25,30.5,1106.199951171875,67.54100036621094,1877.0799560546875,18.270000457763672,7436.14990234375,24.149999618530277
2016-01-27,33.099998474121094,1116.0999755859375,67.7699966430664,1882.949951171875,19.059999465942383,7437.75,23.11000061035156
2016-01-28,33.88999938964844,1115.5999755859375,68.19599914550781,1893.3599853515625,17.899999618530273,7424.64990234375,22.420000076293945
2016-01-29,34.7400016784668,1116.4000244140625,68.09300231933594,1940.239990234375,17.239999771118164,7563.5498046875,20.200000762939453
2016-02-01,34.689998626708984,1127.9000244140625,67.87000274658203,1939.3800048828125,17.889999389648438,7555.9501953125,19.979999542236328
2016-02-02,32.720001220703125,1127.300048828125,67.88200378417969,1903.030029296875,18.040000915527344,7455.5498046875,21.979999542236328
2016-02-03,35.040000915527344,1141.300048828125,67.98600006103516,1912.530029296875,18.59000015258789,7361.7998046875,21.649999618530277
2016-02-04,34.459999084472656,1157.5999755859375,67.927001953125,1915.449951171875,18.209999084472656,7404.0,21.84000015258789
2016-02-05,34.060001373291016,1157.800048828125,67.56400299072266,1880.050048828125,18.11000061035156,7489.10009765625,23.3799991607666
2016-02-08,32.880001068115234,1197.9000244140625,67.802001953125,1853.43994140625,20.26000022888184,7387.25,26.0
2016-02-09,30.31999969482422,1198.699951171875,68.07599639892578,1852.2099609375,21.729999542236328,7298.2001953125,26.540000915527344
2016-02-10,30.84000015258789,1194.699951171875,67.9280014038086,1851.8599853515625,22.46999931335449,7215.7001953125,26.290000915527344
2016-02-11,30.059999465942383,1247.9000244140625,67.89299774169922,1829.0799560546875,25.96999931335449,6976.35009765625,28.13999938964844
2016-02-12,33.36000061035156,1239.0999755859375,68.4739990234375,1864.780029296875,24.670000076293945,6980.9501953125,25.399999618530277
2016-02-15,33.36000061035156,1239.0999755859375,68.11100006103516,1864.780029296875,22.3799991607666,7162.9501953125,25.399999618530277
2016-02-16,32.18000030517578,1207.9000244140625,68.13700103759766,1895.5799560546875,23.040000915527344,7048.25,24.11000061035156
2016-02-17,34.5,1211.0999755859375,68.50599670410156,1926.8199462890625,21.82999992370605,7108.4501953125,22.309999465942383
2016-02-18,34.279998779296875,1226.0999755859375,68.35600280761719,1917.8299560546875,21.489999771118164,7191.75,21.63999938964844
2016-02-19,33.0099983215332,1230.4000244140625,68.56600189208984,1917.780029296875,20.920000076293945,7210.75,20.530000686645508
2016-02-22,34.689998626708984,1209.5,68.53800201416016,1945.5,21.020000457763672,7234.5498046875,19.3799991607666
2016-02-23,33.27000045776367,1222.300048828125,68.5739974975586,1921.27001953125,23.84000015258789,7109.5498046875,20.979999542236328
2016-02-24,34.40999984741211,1238.699951171875,68.60299682617188,1929.800048828125,22.959999084472656,7018.7001953125,20.71999931335449
2016-02-25,35.290000915527344,1238.199951171875,68.3759994506836,1951.699951171875,22.75,6970.60009765625,19.11000061035156
2016-02-26,35.099998474121094,1219.800048828125,68.7969970703125,1948.050048828125,21.8700008392334,7029.75,19.809999465942383
2016-02-29,35.970001220703125,1233.9000244140625,68.7300033569336,1932.22998046875,20.15999984741211,6987.0498046875,20.549999237060547
2016-03-01,35.959999084472656,1230.300048828125,68.21800231933594,1978.3499755859373,18.670000076293945,7222.2998046875,17.700000762939453
2016-03-02,36.93000030517578,1241.0999755859375,67.74600219726562,1986.449951171875,18.989999771118164,7368.85009765625,17.09000015258789
2016-03-03,37.06999969482422,1257.4000244140625,67.38800048828125,1993.4000244140625,18.040000915527344,7475.60009765625,16.700000762939453
2016-03-04,38.720001220703125,1269.9000244140625,67.14299774169922,1999.989990234375,17.8799991607666,7485.35009765625,16.860000610351562
2016-03-08,39.650001525878906,1262.0999755859375,67.0459976196289,1979.260009765625,18.46999931335449,7485.2998046875,18.670000076293945
2016-03-09,41.06999969482422,1256.5999755859375,67.35700225830078,1989.260009765625,17.510000228881836,7531.7998046875,18.34000015258789
2016-03-10,40.04999923706055,1272.0,67.1449966430664,1989.5699462890625,17.899999618530273,7486.14990234375,18.049999237060547
2016-03-11,40.38999938964844,1258.699951171875,67.30899810791016,2022.18994140625,17.100000381469727,7510.2001953125,16.5
2016-03-14,39.52999877929688,1244.4000244140625,66.91300201416016,2019.6400146484373,17.100000381469727,7538.75,16.920000076293945
2016-03-15,38.7400016784668,1230.4000244140625,67.17400360107422,2015.9300537109373,17.600000381469727,7460.60009765625,16.84000015258789
2016-03-16,40.33000183105469,1229.300048828125,67.35900115966797,2027.219970703125,17.110000610351562,7498.75,14.989999771118164
2016-03-17,41.540000915527344,1264.5,66.83000183105469,2040.5899658203125,16.84000015258789,7512.5498046875,14.4399995803833
2016-03-18,41.20000076293945,1253.800048828125,66.61199951171875,2049.580078125,16.3799991607666,7604.35009765625,14.020000457763672
2016-03-21,41.540000915527344,1243.800048828125,66.3759994506836,2051.60009765625,16.329999923706055,7704.25,13.789999961853027
2016-03-22,41.790000915527344,1248.199951171875,66.5199966430664,2049.800048828125,16.43000030517578,7714.89990234375,14.170000076293944
2016-03-23,40.470001220703125,1223.699951171875,66.76399993896484,2036.7099609375,16.350000381469727,7716.5,14.9399995803833
2016-03-28,40.27000045776367,1219.9000244140625,66.90699768066406,2037.050048828125,17.489999771118164,7615.10009765625,15.239999771118164
2016-03-29,39.13999938964844,1235.5999755859375,66.90699768066406,2055.010009765625,17.639999389648438,7597.0,13.81999969482422
2016-03-30,39.2599983215332,1226.9000244140625,66.36799621582031,2063.949951171875,16.809999465942383,7735.2001953125,13.5600004196167
2016-03-31,39.59999847412109,1234.199951171875,66.36799621582031,2059.739990234375,16.579999923706055,7738.39990234375,13.949999809265137
2016-04-01,39.65999984741211,1222.199951171875,66.24800109863281,2072.780029296875,17.280000686645508,7713.0498046875,13.100000381469728
2016-04-04,37.68999862670898,1218.0,66.35800170898438,2066.1298828125,17.450000762939453,7758.7998046875,14.119999885559082
2016-04-05,37.869998931884766,1228.4000244140625,66.13300323486328,2045.1700439453125,17.829999923706055,7603.2001953125,15.420000076293944
2016-04-06,39.84000015258789,1222.5,66.46800231933594,2066.659912109375,17.350000381469727,7614.35009765625,14.09000015258789
2016-04-07,39.43000030517578,1236.199951171875,66.53299713134766,2041.9100341796875,16.93000030517578,7546.4501953125,16.15999984741211
2016-04-08,41.93999862670898,1242.5,66.77899932861328,2047.5999755859373,16.43000030517578,7555.2001953125,15.359999656677246
2016-04-11,42.83000183105469,1256.699951171875,66.54399871826172,2041.989990234375,16.010000228881836,7671.39990234375,16.260000228881836
2016-04-12,44.68999862670898,1259.4000244140625,66.29000091552734,2061.719970703125,16.020000457763672,7708.9501953125,14.850000381469728
2016-04-13,44.18000030517578,1246.800048828125,66.31500244140625,2082.419921875,16.040000915527344,7850.4501953125,13.84000015258789
2016-04-18,42.90999984741211,1233.5999755859375,66.65299987792969,2094.340087890625,16.950000762939453,7914.7001953125,13.350000381469728
2016-04-20,45.79999923706055,1253.199951171875,66.22200012207031,2102.39990234375,17.079999923706055,7914.75,13.279999732971191
2016-04-21,44.52999877929688,1249.0,66.2040023803711,2091.47998046875,16.510000228881836,7912.0498046875,13.949999809265137
2016-04-22,45.11000061035156,1228.699951171875,66.51200103759766,2091.580078125,16.3799991607666,7899.2998046875,13.220000267028809
2016-04-25,44.47999954223633,1238.9000244140625,66.65299987792969,2087.7900390625,16.56999969482422,7855.0498046875,14.079999923706056
2016-04-26,45.7400016784668,1242.199951171875,66.70500183105469,2091.699951171875,16.579999923706055,7962.64990234375,13.960000038146973
2016-04-27,47.18000030517578,1249.199951171875,66.45700073242188,2095.14990234375,16.350000381469727,7979.89990234375,13.770000457763672
2016-04-28,48.13999938964844,1265.5,66.3550033569336,2075.81005859375,16.600000381469727,7847.25,15.220000267028809
2016-04-29,48.130001068115234,1289.199951171875,66.43800354003906,2065.300048828125,16.540000915527344,7849.7998046875,15.699999809265137
2016-05-02,48.09999847412109,1294.699951171875,66.41799926757812,2081.429931640625,17.09000015258789,7805.89990234375,14.68000030517578
2016-05-03,46.75,1290.699951171875,66.37100219726562,2063.3701171875,17.459999084472656,7747.0,15.600000381469728
2016-05-04,44.619998931884766,1273.300048828125,66.59200286865234,2051.1201171875,17.450000762939453,7706.5498046875,16.049999237060547
2016-05-05,45.0099983215332,1271.4000244140625,66.62000274658203,2050.6298828125,17.170000076293945,7735.5,15.90999984741211
2016-05-06,45.369998931884766,1292.9000244140625,66.60199737548828,2057.139892578125,16.950000762939453,7733.4501953125,14.720000267028809
2016-05-09,43.630001068115234,1265.5999755859375,66.59400177001953,2058.68994140625,16.610000610351562,7866.0498046875,14.56999969482422
2016-05-10,45.52000045776367,1263.9000244140625,66.72100067138672,2084.389892578125,16.420000076293945,7887.7998046875,13.630000114440918
2016-05-11,47.59999847412109,1274.5999755859375,66.66600036621094,2064.4599609375,16.959999084472656,7848.85009765625,14.6899995803833
2016-05-12,48.08000183105469,1270.300048828125,66.59100341796875,2064.110107421875,16.329999923706055,7900.39990234375,14.40999984741211
2016-05-13,47.83000183105469,1271.9000244140625,66.7509994506836,2046.6099853515625,17.0,7814.89990234375,15.039999961853027
2016-05-16,48.970001220703125,1273.4000244140625,66.9000015258789,2066.659912109375,17.030000686645508,7860.75,14.68000030517578
2016-05-17,49.27999877929688,1276.199951171875,66.875,2047.2099609375,16.3700008392334,7890.75,15.56999969482422
2016-05-18,48.93000030517578,1273.699951171875,66.86799621582031,2047.6300048828125,16.450000762939453,7870.14990234375,15.949999809265137
2016-05-19,48.810001373291016,1254.199951171875,67.16000366210938,2040.0400390625,17.059999465942383,7783.39990234375,16.329999923706055
2016-05-20,48.720001220703125,1252.4000244140625,67.47699737548828,2052.320068359375,16.43000030517578,7749.7001953125,15.199999809265137
2016-05-23,48.34999847412109,1251.0999755859375,67.4229965209961,2048.0400390625,16.15999984741211,7731.0498046875,15.81999969482422
2016-05-24,48.61000061035156,1228.9000244140625,67.447998046875,2076.06005859375,16.219999313354492,7748.85009765625,14.420000076293944
2016-05-25,49.7400016784668,1223.5,67.6510009765625,2090.5400390625,15.520000457763672,7934.89990234375,13.899999618530272
2016-05-26,49.59000015258789,1220.0999755859375,67.30400085449219,2090.10009765625,15.329999923706056,8069.64990234375,13.43000030517578
2016-05-27,49.31999969482422,1213.800048828125,66.9540023803711,2099.06005859375,15.260000228881836,8156.64990234375,13.119999885559082
2016-05-30,49.31999969482422,1213.800048828125,67.02400207519531,2099.06005859375,15.979999542236328,8178.5,13.119999885559082
2016-05-31,49.68999862670898,1214.800048828125,67.13300323486328,2096.949951171875,16.049999237060547,8160.10009765625,14.1899995803833
2016-06-01,49.709999084472656,1211.9000244140625,67.23100280761719,2099.330078125,15.84000015258789,8179.9501953125,14.199999809265137
2016-06-02,50.040000915527344,1209.800048828125,67.4260025024414,2105.260009765625,15.09000015258789,8218.9501953125,13.630000114440918
2016-06-03,49.63999938964844,1240.0999755859375,67.29199981689453,2099.1298828125,15.0,8220.7998046875,13.470000267028809
2016-06-06,50.54999923706055,1244.5999755859375,66.99199676513672,2109.409912109375,15.359999656677246,8201.0498046875,13.649999618530272
2016-06-07,51.43999862670898,1244.4000244140625,66.8010025024414,2112.1298828125,14.869999885559082,8266.4501953125,14.050000190734863
2016-06-08,52.5099983215332,1259.800048828125,66.76300048828125,2119.1201171875,15.140000343322754,8273.0498046875,14.079999923706056
2016-06-09,51.95000076293945,1270.199951171875,66.51000213623047,2115.47998046875,15.670000076293944,8203.599609375,14.640000343322754
2016-06-10,50.540000915527344,1273.4000244140625,66.74099731445312,2096.070068359375,15.970000267028809,8170.0498046875,17.030000686645508
2016-06-13,50.34999847412109,1284.4000244140625,66.94499969482422,2079.06005859375,16.579999923706055,8110.60009765625,20.96999931335449
2016-06-14,49.83000183105469,1285.5999755859375,67.15399932861328,2075.320068359375,17.190000534057617,8108.85009765625,20.5
2016-06-15,48.970001220703125,1285.800048828125,67.2979965209961,2071.5,17.059999465942383,8206.599609375,20.13999938964844
2016-06-16,47.18999862670898,1296.0999755859375,67.072998046875,2077.989990234375,17.700000762939453,8140.75,19.3700008392334
2016-06-17,49.16999816894531,1292.5,67.30699920654297,2071.219970703125,17.350000381469727,8170.2001953125,19.40999984741211
2016-06-20,50.650001525878906,1290.0,67.06600189208984,2083.25,17.520000457763672,8238.5,18.3700008392334
2016-06-21,50.619998931884766,1270.5,67.12999725341797,2088.89990234375,17.260000228881836,8219.900390625,18.479999542236328
2016-06-22,49.880001068115234,1268.0,67.60600280761719,2085.449951171875,18.18000030517578,8203.7001953125,21.170000076293945
2016-06-23,50.90999984741211,1261.199951171875,67.4219970703125,2113.320068359375,18.020000457763672,8270.4501953125,17.25
2016-06-24,48.40999984741211,1320.0,67.24199676513672,2037.4100341796875,18.6299991607666,8088.60009765625,25.76000022888184
2016-06-27,47.15999984741211,1322.5,67.87699890136719,2000.5400390625,18.530000686645508,8094.7001953125,23.850000381469727
2016-06-28,48.58000183105469,1315.300048828125,67.9209976196289,2036.0899658203125,17.729999542236328,8127.85009765625,18.75
2016-06-29,50.61000061035156,1323.9000244140625,67.70500183105469,2070.77001953125,16.15999984741211,8204.0,16.639999389648438
2016-06-30,49.68000030517578,1318.4000244140625,67.41600036621094,2098.860107421875,16.290000915527344,8287.75,15.630000114440918
2016-07-01,49.84000015258789,1336.699951171875,67.5009994506836,2102.949951171875,15.739999771118164,8328.349609375,14.770000457763672
2016-07-04,49.84000015258789,1336.699951171875,67.18199920654297,2102.949951171875,15.579999923706056,8370.7001953125,14.770000457763672
2016-07-05,47.959999084472656,1356.4000244140625,67.23699951171875,2088.550048828125,15.359999656677246,8335.9501953125,15.579999923706056
2016-07-07,46.400001525878906,1360.0999755859375,67.4010009765625,2097.89990234375,15.3100004196167,8337.900390625,14.760000228881836
2016-07-08,46.7599983215332,1356.5999755859375,67.49700164794922,2129.89990234375,15.079999923706056,8323.2001953125,13.199999809265137
2016-07-11,46.25,1355.0,67.13200378417969,2137.159912109375,14.850000381469728,8467.900390625,13.539999961853027
2016-07-12,48.470001220703125,1334.0999755859375,67.1449966430664,2152.139892578125,14.779999732971191,8521.0498046875,13.550000190734863
2016-07-13,46.2599983215332,1342.4000244140625,66.87000274658203,2152.429931640625,15.329999923706056,8519.5,13.039999961853027
2016-07-14,47.369998931884766,1331.300048828125,67.00599670410156,2163.75,15.609999656677246,8565.0,12.81999969482422
2016-07-15,47.61000061035156,1326.5,66.83799743652344,2161.739990234375,15.640000343322754,8541.400390625,12.670000076293944
2016-07-18,46.959999084472656,1328.4000244140625,67.13300323486328,2166.889892578125,15.989999771118164,8508.7001953125,12.4399995803833
2016-07-19,46.65999984741211,1331.5,67.13899993896484,2163.780029296875,15.800000190734863,8528.5498046875,11.970000267028809
2016-07-20,47.16999816894531,1318.800048828125,67.20600128173828,2173.02001953125,15.989999771118164,8565.849609375,11.770000457763672
2016-07-21,46.20000076293945,1330.5,67.16400146484375,2165.169921875,15.710000038146973,8510.099609375,12.739999771118164
2016-07-22,45.68999862670898,1323.0999755859375,67.15399932861328,2175.030029296875,15.5,8541.2001953125,12.020000457763672
2016-07-25,44.720001220703125,1319.300048828125,67.14600372314453,2168.47998046875,15.720000267028809,8635.650390625,12.869999885559082
2016-07-26,44.869998931884766,1320.699951171875,67.40499877929688,2169.179931640625,15.619999885559082,8590.650390625,13.050000190734863
2016-07-27,43.470001220703125,1326.5999755859375,67.28399658203125,2166.580078125,15.43000030517578,8615.7998046875,12.829999923706056
2016-07-28,42.70000076293945,1332.300048828125,67.06300354003906,2170.06005859375,15.149999618530272,8666.2998046875,12.720000267028809
2016-07-29,42.459999084472656,1349.0,67.00700378417969,2173.60009765625,14.920000076293944,8638.5,11.869999885559082
2016-08-01,42.45000076293945,1351.4000244140625,66.64800262451172,2170.840087890625,15.18000030517578,8636.5498046875,12.4399995803833
2016-08-02,41.79999923706055,1364.4000244140625,66.7509994506836,2157.030029296875,15.6899995803833,8622.900390625,13.369999885559082
2016-08-03,43.09999847412109,1356.0999755859375,66.6760025024414,2163.7900390625,16.239999771118164,8544.849609375,12.859999656677246
2016-08-04,44.290000915527344,1358.800048828125,66.76000213623047,2164.25,15.140000343322754,8551.099609375,12.420000076293944
2016-08-05,44.27000045776367,1336.4000244140625,66.84100341796875,2182.8701171875,14.350000381469728,8683.150390625,11.390000343322754
2016-08-08,45.38999938964844,1333.4000244140625,66.83499908447266,2180.889892578125,14.59000015258789,8711.349609375,11.5
2016-08-09,44.97999954223633,1339.0,66.79399871826172,2181.739990234375,14.539999961853027,8678.25,11.65999984741211
2016-08-10,44.04999923706055,1344.300048828125,66.78299713134766,2175.489990234375,14.920000076293944,8575.2998046875,12.050000190734863
2016-08-11,46.040000915527344,1342.5,66.75800323486328,2185.7900390625,14.210000038146973,8592.150390625,11.68000030517578
2016-08-16,49.22999954223633,1350.5,66.86489868164062,2178.14990234375,14.18000030517578,8642.5498046875,12.640000343322754
2016-08-17,49.84999847412109,1342.699951171875,66.85769653320312,2182.219970703125,14.779999732971191,8624.0498046875,12.1899995803833
2016-08-18,50.88999938964844,1351.199951171875,66.90550231933594,2187.02001953125,14.550000190734863,8673.25,11.43000030517578
2016-08-19,50.880001068115234,1340.4000244140625,66.81999969482422,2183.8701171875,14.539999961853027,8666.900390625,11.34000015258789
2016-08-22,49.15999984741211,1337.699951171875,67.12750244140625,2182.639892578125,14.239999771118164,8629.150390625,12.270000457763672
2016-08-23,49.959999084472656,1340.5999755859375,67.1874008178711,2186.89990234375,13.899999618530272,8632.599609375,12.380000114440918
2016-08-24,49.04999923706055,1324.4000244140625,67.12999725341797,2175.43994140625,13.489999771118164,8650.2998046875,13.449999809265137
2016-08-25,49.66999816894531,1320.0999755859375,67.16000366210938,2172.469970703125,13.289999961853027,8592.2001953125,13.630000114440918
2016-08-26,49.91999816894531,1321.5,67.00559997558594,2169.0400390625,13.56999969482422,8572.5498046875,13.649999618530272
2016-08-29,49.2599983215332,1322.9000244140625,67.12899780273438,2180.3798828125,13.170000076293944,8607.4501953125,12.9399995803833
2016-08-30,48.369998931884766,1311.699951171875,67.08999633789062,2176.1201171875,13.020000457763672,8744.349609375,13.119999885559082
2016-08-31,47.040000915527344,1306.9000244140625,67.12660217285156,2170.949951171875,13.239999771118164,8786.2001953125,13.420000076293944
2016-09-01,47.04999923706055,1312.199951171875,66.97470092773438,2170.860107421875,13.34000015258789,8774.650390625,13.479999542236328
2016-09-02,46.83000183105469,1322.0999755859375,66.79299926757812,2179.97998046875,12.9399995803833,8809.650390625,11.979999542236328
2016-09-06,47.2599983215332,1349.4000244140625,66.45999908447266,2186.47998046875,12.75,8943.0,12.020000457763672
2016-09-07,47.97999954223633,1344.300048828125,66.25520324707031,2186.159912109375,13.149999618530272,8917.9501953125,11.9399995803833
2016-09-08,49.9900016784668,1336.800048828125,66.47160339355469,2181.300048828125,13.119999885559082,8952.5,12.510000228881836
2016-09-09,48.0099983215332,1330.0999755859375,66.44999694824219,2127.81005859375,13.229999542236328,8866.7001953125,17.5
2016-09-12,48.31999969482422,1321.0,66.77799987792969,2159.0400390625,15.239999771118164,8715.599609375,15.15999984741211
2016-09-14,45.84999847412109,1321.5,66.99500274658203,2125.77001953125,14.760000228881836,8726.599609375,18.13999938964844
2016-09-15,46.59000015258789,1313.5,66.75810241699219,2147.260009765625,14.68000030517578,8742.5498046875,16.299999237060547
2016-09-16,45.77000045776367,1305.800048828125,66.85030364990234,2139.159912109375,14.579999923706056,8779.849609375,15.369999885559082
2016-09-19,45.95000076293945,1313.5,67.06529998779297,2139.1201171875,14.9399995803833,8808.400390625,15.529999732971191
2016-09-20,45.880001068115234,1313.699951171875,66.9552001953125,2139.760009765625,14.779999732971191,8775.900390625,15.920000076293944
2016-09-21,46.83000183105469,1326.9000244140625,66.9749984741211,2163.1201171875,14.8100004196167,8777.150390625,13.300000190734863
2016-09-22,47.650001525878906,1340.4000244140625,66.76119995117188,2177.179931640625,13.34000015258789,8867.4501953125,12.020000457763672
2016-09-23,45.88999938964844,1337.199951171875,66.62259674072266,2164.68994140625,13.25,8831.5498046875,12.289999961853027
2016-09-26,47.34999847412109,1339.699951171875,66.69650268554688,2146.10009765625,14.56999969482422,8723.0498046875,14.5
2016-09-27,45.970001220703125,1325.9000244140625,66.60649871826172,2159.929931640625,14.25,8706.400390625,13.100000381469728
2016-09-28,48.68999862670898,1319.4000244140625,66.44129943847656,2171.3701171875,13.850000381469728,8745.150390625,12.390000343322754
2016-09-29,49.2400016784668,1321.699951171875,66.33280181884766,2151.1298828125,18.450000762939453,8591.25,14.020000457763672
2016-09-30,49.060001373291016,1313.300048828125,66.81629943847656,2168.27001953125,17.18000030517578,8611.150390625,13.289999961853027
2016-10-03,49.09999847412109,1309.0,66.54650115966797,2161.199951171875,15.619999885559082,8738.099609375,13.56999969482422
2016-10-04,50.869998931884766,1266.300048828125,66.38030242919922,2150.489990234375,14.989999771118164,8769.150390625,13.630000114440918
2016-10-05,51.86000061035156,1265.199951171875,66.5780029296875,2159.72998046875,14.93000030517578,8743.9501953125,12.989999771118164
2016-10-06,52.5099983215332,1249.800048828125,66.56320190429688,2160.77001953125,14.84000015258789,8709.5498046875,12.84000015258789
2016-10-07,51.93000030517578,1248.9000244140625,66.68710327148438,2153.739990234375,14.489999771118164,8697.599609375,13.479999542236328
2016-10-10,51.93000030517578,1248.9000244140625,66.59120178222656,2163.659912109375,14.289999961853027,8708.7998046875,13.380000114440918
2016-10-13,52.02999877929688,1255.0,66.81809997558594,2132.550048828125,15.43000030517578,8573.349609375,16.690000534057617
2016-10-14,51.95000076293945,1253.0999755859375,66.78399658203125,2132.97998046875,14.890000343322754,8583.400390625,16.1200008392334
2016-10-17,51.52000045776367,1254.4000244140625,66.7052993774414,2126.5,15.65999984741211,8520.400390625,16.209999084472656
2016-10-18,51.68000030517578,1260.800048828125,66.78359985351562,2139.60009765625,14.539999961853027,8677.900390625,15.279999732971191
2016-10-19,52.66999816894531,1267.9000244140625,66.73799896240234,2144.2900390625,14.609999656677246,8659.099609375,14.40999984741211
2016-10-20,51.380001068115234,1265.5999755859375,66.63639831542969,2141.340087890625,14.170000076293944,8699.400390625,13.75
2016-10-21,51.77999877929688,1265.9000244140625,66.84130096435547,2141.159912109375,13.829999923706056,8693.0498046875,13.34000015258789
2016-10-24,51.459999084472656,1262.0,66.91120147705078,2151.330078125,14.329999923706056,8708.9501953125,13.020000457763672
2016-10-25,50.790000915527344,1271.9000244140625,66.83399963378906,2143.159912109375,14.479999542236328,8691.2998046875,13.460000038146973
2016-10-26,49.97999954223633,1264.800048828125,66.78130340576172,2139.429931640625,14.449999809265137,8615.25,14.239999771118164
2016-10-27,50.470001220703125,1267.9000244140625,66.86399841308594,2133.0400390625,14.09000015258789,8615.25,15.359999656677246
2016-10-28,49.709999084472656,1275.5,66.90299987792969,2126.409912109375,14.649999618530272,8638.0,16.190000534057617
2016-11-01,48.33000183105469,1286.4000244140625,66.66549682617188,2111.719970703125,15.739999771118164,8626.25,18.559999465942383
2016-11-02,46.86000061035156,1306.800048828125,66.67849731445312,2097.93994140625,16.799999237060547,8514.0,19.31999969482422
2016-11-03,46.34999847412109,1302.0999755859375,66.77749633789062,2088.659912109375,16.469999313354492,8484.9501953125,22.07999992370605
2016-11-04,45.58000183105469,1303.300048828125,66.68450164794922,2085.179931640625,16.850000381469727,8433.75,22.51000022888184
2016-11-07,46.150001525878906,1278.300048828125,66.7853012084961,2131.52001953125,16.510000228881836,8497.0498046875,18.709999084472656
2016-11-08,46.040000915527344,1273.4000244140625,66.73500061035156,2139.56005859375,16.770000457763672,8543.5498046875,18.739999771118164
2016-11-09,46.36000061035156,1272.5999755859375,66.22949981689453,2163.260009765625,16.6200008392334,8432.0,14.380000114440918
2016-11-10,45.84000015258789,1265.5,66.50749969482422,2167.47998046875,15.460000038146973,8525.75,14.739999771118164
2016-11-11,45.84000015258789,1265.5,67.2145004272461,2164.449951171875,17.360000610351562,8296.2998046875,14.170000076293944
2016-11-15,46.95000076293945,1224.0,67.77549743652344,2180.389892578125,20.149999618530277,8108.4501953125,13.369999885559082
2016-11-16,46.630001068115234,1223.4000244140625,67.74800109863281,2176.93994140625,19.5,8111.60009765625,13.720000267028809
2016-11-17,46.4900016784668,1216.5,67.98149871826172,2187.1201171875,18.709999084472656,8079.9501953125,13.350000381469728
2016-11-18,46.86000061035156,1208.5,67.97480010986328,2181.89990234375,17.809999465942383,8074.10009765625,12.850000381469728
2016-11-21,48.900001525878906,1209.5999755859375,68.16999816894531,2198.179931640625,19.100000381469727,7929.10009765625,12.420000076293944
2016-11-22,49.119998931884766,1211.0,68.21549987792969,2202.93994140625,18.46999931335449,8002.2998046875,12.40999984741211
2016-11-23,48.95000076293945,1189.0999755859375,68.385498046875,2204.719970703125,18.040000915527344,8033.2998046875,12.43000030517578
2016-11-24,48.95000076293945,1189.0999755859375,68.79850006103516,2204.719970703125,17.15999984741211,7965.5,12.43000030517578
2016-11-25,47.2400016784668,1178.199951171875,68.74549865722656,2213.35009765625,17.610000610351562,8114.2998046875,12.34000015258789
2016-11-28,48.2400016784668,1190.5999755859375,68.50849914550781,2201.719970703125,18.059999465942383,8126.89990234375,13.149999618530272
2016-11-29,46.380001068115234,1187.9000244140625,68.55549621582031,2204.659912109375,17.709999084472656,8142.14990234375,12.899999618530272
2016-11-30,50.470001220703125,1170.800048828125,68.60800170898438,2198.81005859375,16.850000381469727,8224.5,13.329999923706056
2016-12-01,50.459999084472656,1166.9000244140625,68.58799743652344,2191.080078125,16.690000534057617,8192.900390625,14.06999969482422
2016-12-02,54.459999084472656,1175.0999755859375,68.21649932861328,2191.949951171875,17.93000030517578,8086.7998046875,14.119999885559082
2016-12-05,54.93999862670898,1174.0,68.0114974975586,2204.7099609375,17.290000915527344,8128.75,12.140000343322754
2016-12-06,53.93000030517578,1167.5999755859375,68.01249694824219,2212.22998046875,17.110000610351562,8143.14990234375,11.789999961853027
2016-12-07,53.0,1175.0,67.72200012207031,2241.35009765625,16.850000381469727,8102.0498046875,12.220000267028809
2016-12-08,53.88999938964844,1169.800048828125,67.43150329589844,2246.18994140625,15.529999732971191,8246.849609375,12.640000343322754
2016-12-09,54.33000183105469,1159.4000244140625,67.40599822998047,2259.530029296875,15.06999969482422,8261.75,11.75
2016-12-12,55.68999862670898,1163.5,67.46050262451172,2256.9599609375,16.190000534057617,8170.7998046875,12.640000343322754
2016-12-13,55.720001220703125,1156.699951171875,67.41799926757812,2271.719970703125,15.920000076293944,8221.7998046875,12.720000267028809
2016-12-14,53.900001525878906,1161.300048828125,67.3864974975586,2253.280029296875,16.59000015258789,8182.4501953125,13.1899995803833
2016-12-15,54.02000045776367,1127.800048828125,67.81999969482422,2262.030029296875,15.65999984741211,8153.60009765625,12.789999961853027
2016-12-16,55.209999084472656,1135.300048828125,67.84500122070312,2258.070068359375,15.25,8139.4501953125,12.199999809265137
2016-12-19,54.91999816894531,1140.5,67.83499908447266,2262.530029296875,14.84000015258789,8104.35009765625,11.710000038146973
2016-12-20,55.34999847412109,1131.5,67.84020233154297,2270.760009765625,14.539999961853027,8082.39990234375,11.449999809265137
2016-12-21,54.459999084472656,1131.0999755859375,67.89700317382812,2265.179931640625,14.710000038146973,8061.2998046875,11.270000457763672
2016-12-22,55.04999923706055,1128.800048828125,67.82550048828125,2260.9599609375,15.550000190734863,7979.10009765625,11.43000030517578
2016-12-23,55.15999984741211,1131.9000244140625,67.83799743652344,2263.7900390625,15.130000114440918,7985.75,11.4399995803833
2016-12-26,55.15999984741211,1131.9000244140625,67.83080291748047,2263.7900390625,16.600000381469727,7908.25,11.4399995803833
2016-12-27,56.09000015258789,1137.300048828125,67.77200317382812,2268.8798828125,15.079999923706056,8032.85009765625,11.989999771118164
2016-12-28,56.220001220703125,1139.4000244140625,67.96800231933594,2249.919921875,15.539999961853027,8034.85009765625,12.949999809265137
2016-12-29,56.13999938964844,1156.4000244140625,68.20500183105469,2249.260009765625,15.279999732971191,8103.60009765625,13.369999885559082
2016-12-30,56.130001068115234,1150.0,67.93299865722656,2238.830078125,15.470000267028809,8185.7998046875,14.039999961853027
2017-01-02,56.130001068115234,1150.0,67.9448013305664,2238.830078125,15.829999923706056,8179.5,14.039999961853027
2017-01-03,55.470001220703125,1160.4000244140625,68.13390350341797,2257.830078125,15.960000038146973,8192.25,12.850000381469728
2017-01-04,56.459999084472656,1163.800048828125,68.2697982788086,2270.75,15.890000343322754,8190.5,11.850000381469728
2017-01-05,56.88999938964844,1179.699951171875,67.885498046875,2269.0,15.050000190734863,8273.7998046875,11.670000076293944
2017-01-06,57.09999847412109,1171.9000244140625,67.73300170898438,2276.97998046875,14.90999984741211,8243.7998046875,11.31999969482422
2017-01-09,54.93999862670898,1183.5,68.1426010131836,2268.89990234375,15.479999542236328,8236.0498046875,11.5600004196167
2017-01-10,53.63999938964844,1184.199951171875,68.09700012207031,2268.89990234375,15.199999809265137,8288.599609375,11.489999771118164
2017-01-11,55.09999847412109,1195.5999755859375,68.31800079345703,2275.320068359375,14.8100004196167,8380.650390625,11.260000228881836
2017-01-12,56.0099983215332,1198.9000244140625,68.13999938964844,2270.43994140625,14.609999656677246,8407.2001953125,11.539999961853027
2017-01-13,55.45000076293945,1195.300048828125,68.12950134277344,2274.639892578125,14.380000114440918,8400.349609375,11.229999542236328
2017-01-16,55.45000076293945,1195.300048828125,68.15779876708984,2274.639892578125,15.06999969482422,8412.7998046875,11.229999542236328
2017-01-17,55.470001220703125,1212.0,68.09459686279297,2267.889892578125,15.390000343322754,8398.0,11.869999885559082
2017-01-18,53.91999816894531,1211.300048828125,67.89949798583984,2271.889892578125,15.18000030517578,8417.0,12.479999542236328
2017-01-19,54.15999984741211,1200.9000244140625,68.197998046875,2263.68994140625,15.020000457763672,8435.099609375,12.779999732971191
2017-01-20,55.4900016784668,1204.300048828125,68.09030151367188,2271.31005859375,15.789999961853027,8349.349609375,11.539999961853027
2017-01-23,55.22999954223633,1215.0,68.07720184326172,2265.199951171875,15.90999984741211,8391.5,11.770000457763672
2017-01-24,55.43999862670898,1210.300048828125,68.05139923095703,2280.070068359375,15.289999961853027,8475.7998046875,11.06999969482422
2017-01-25,55.08000183105469,1197.300048828125,68.16449737548828,2298.3701171875,15.170000076293944,8602.75,10.8100004196167
2017-01-27,55.52000045776367,1188.0999755859375,68.14900207519531,2294.68994140625,16.010000228881836,8641.25,10.579999923706056
2017-01-30,55.22999954223633,1193.199951171875,68.11000061035156,2280.89990234375,16.670000076293945,8632.75,11.880000114440918
2017-01-31,55.70000076293945,1208.5999755859375,67.82099914550781,2278.8701171875,16.829999923706055,8561.2998046875,11.989999771118164
2017-02-01,55.65999984741211,1205.5999755859375,67.50160217285156,2279.550048828125,13.970000267028809,8716.400390625,11.8100004196167
2017-02-02,56.560001373291016,1216.699951171875,67.39540100097656,2280.85009765625,13.520000457763672,8734.25,11.93000030517578
2017-02-03,56.810001373291016,1218.5,67.2656021118164,2297.419921875,13.130000114440918,8740.9501953125,10.970000267028809
2017-02-06,55.720001220703125,1230.0,67.15730285644531,2292.56005859375,13.399999618530272,8801.0498046875,11.369999885559082
2017-02-07,55.04999923706055,1234.199951171875,67.19529724121094,2293.080078125,13.510000228881836,8768.2998046875,11.289999961853027
2017-02-08,55.119998931884766,1237.5999755859375,67.34049987792969,2294.669921875,13.350000381469728,8769.0498046875,11.449999809265137
2017-02-09,55.630001068115234,1235.0999755859375,66.96430206298828,2307.8701171875,13.239999771118164,8778.400390625,10.880000114440918
2017-02-10,56.70000076293945,1234.4000244140625,66.74530029296875,2316.10009765625,13.18000030517578,8793.5498046875,10.850000381469728
2017-02-13,55.59000015258789,1224.4000244140625,66.84369659423828,2328.25,13.6899995803833,8805.0498046875,11.06999969482422
2017-02-14,55.970001220703125,1223.9000244140625,66.91539764404297,2337.580078125,13.800000190734863,8792.2998046875,10.739999771118164
2017-02-15,55.75,1231.699951171875,66.7759017944336,2349.25,14.210000038146973,8724.7001953125,11.970000267028809
2017-02-16,55.650001525878906,1240.0,66.8655014038086,2347.219970703125,13.729999542236328,8778.0,11.760000228881836
2017-02-17,55.810001373291016,1237.5999755859375,67.16480255126953,2351.159912109375,13.43000030517578,8821.7001953125,11.489999771118164
2017-02-20,55.810001373291016,1237.5999755859375,67.06520080566406,2351.159912109375,13.609999656677246,8879.2001953125,11.489999771118164
2017-02-21,56.65999984741211,1237.5,66.96499633789062,2365.3798828125,13.529999732971191,8907.849609375,11.56999969482422
2017-02-22,55.84000015258789,1232.0,66.96510314941406,2362.820068359375,13.699999809265137,8926.900390625,11.739999771118164
2017-02-23,56.58000183105469,1250.199951171875,66.91429901123047,2363.81005859375,13.399999618530272,8939.5,11.710000038146973
2017-02-27,55.93000030517578,1257.4000244140625,66.63500213623047,2369.75,13.68000030517578,8896.7001953125,12.09000015258789
2017-02-28,55.59000015258789,1252.5999755859375,66.69319915771484,2363.639892578125,13.789999961853027,8879.599609375,12.920000076293944
2017-03-01,55.59999847412109,1248.9000244140625,66.7051010131836,2395.9599609375,13.579999923706056,8945.7998046875,12.539999961853027
2017-03-02,55.08000183105469,1231.9000244140625,66.85800170898438,2381.919921875,13.359999656677246,8899.75,11.8100004196167
2017-03-03,55.900001525878906,1225.5,66.84510040283203,2383.1201171875,13.350000381469728,8897.5498046875,10.960000038146973
2017-03-06,56.0099983215332,1224.5,66.77300262451172,2375.31005859375,13.640000343322754,8963.4501953125,11.239999771118164
2017-03-07,55.91999816894531,1215.0999755859375,66.66470336914062,2368.389892578125,13.880000114440918,8946.900390625,11.449999809265137
2017-03-08,53.11000061035156,1208.5,66.61620330810547,2362.97998046875,14.079999923706056,8924.2998046875,11.859999656677246
2017-03-09,52.18999862670898,1202.4000244140625,66.76499938964844,2364.8701171875,14.390000343322754,8927.0,12.300000190734863
2017-03-10,51.369998931884766,1200.699951171875,66.68049621582031,2372.60009765625,13.960000038146973,8934.5498046875,11.65999984741211
2017-03-14,50.91999816894531,1201.9000244140625,66.17009735107422,2365.449951171875,12.399999618530272,9087.0,12.300000190734863
2017-03-15,51.810001373291016,1200.0999755859375,65.77510070800781,2385.260009765625,12.420000076293944,9084.7998046875,11.630000114440918
2017-03-16,51.7400016784668,1226.5,65.62049865722656,2381.3798828125,11.90999984741211,9153.7001953125,11.210000038146973
2017-03-17,51.7599983215332,1229.800048828125,65.40450286865234,2378.25,11.850000381469728,9160.0498046875,11.279999732971191
2017-03-20,51.619998931884766,1233.5999755859375,65.46810150146484,2373.469970703125,12.020000457763672,9126.849609375,11.34000015258789
2017-03-21,50.959999084472656,1246.0999755859375,65.33529663085938,2344.02001953125,11.9399995803833,9121.5,12.470000267028809
2017-03-22,50.63999938964844,1249.300048828125,65.49500274658203,2348.449951171875,12.270000457763672,9030.4501953125,12.8100004196167
2017-03-23,50.560001373291016,1246.9000244140625,65.36499786376953,2345.9599609375,11.84000015258789,9086.2998046875,13.119999885559082
2017-03-24,50.79999923706055,1248.199951171875,65.44439697265625,2343.97998046875,11.979999542236328,9108.0,12.960000038146973
2017-03-27,50.75,1255.4000244140625,65.39309692382812,2341.590087890625,12.4399995803833,9045.2001953125,12.5
2017-03-28,51.33000183105469,1255.300048828125,65.04499816894531,2358.570068359375,12.119999885559082,9100.7998046875,11.529999732971191
2017-03-29,52.41999816894531,1253.4000244140625,65.11000061035156,2361.1298828125,12.09000015258789,9143.7998046875,11.420000076293944
2017-03-30,52.959999084472656,1245.0,64.77999877929688,2368.06005859375,12.149999618530272,9173.75,11.539999961853027
2017-03-31,52.83000183105469,1247.300048828125,64.79000091552734,2362.719970703125,12.420000076293944,9173.75,12.369999885559082
2017-04-03,53.119998931884766,1250.800048828125,64.79669952392578,2358.840087890625,11.489999771118164,9237.849609375,12.380000114440918
2017-04-05,54.36000061035156,1245.4000244140625,65.05000305175781,2352.949951171875,11.550000190734863,9265.150390625,12.890000343322754
2017-04-06,54.88999938964844,1250.300048828125,65.04000091552734,2357.489990234375,11.289999961853027,9261.9501953125,12.390000343322754
2017-04-07,55.2400016784668,1254.300048828125,64.58000183105469,2355.5400390625,11.6899995803833,9198.2998046875,12.869999885559082
2017-04-10,55.97999954223633,1251.0999755859375,64.26000213623047,2357.159912109375,11.619999885559082,9181.4501953125,14.050000190734863
2017-04-11,56.22999954223633,1271.199951171875,64.57499694824219,2353.780029296875,11.399999618530272,9237.0,15.06999969482422
2017-04-12,55.86000061035156,1275.300048828125,64.62999725341797,2344.929931640625,11.630000114440918,9203.4501953125,15.770000457763672
2017-04-13,55.88999938964844,1285.9000244140625,64.5,2328.949951171875,11.579999923706056,9150.7998046875,15.960000038146973
2017-04-17,55.36000061035156,1289.4000244140625,64.45369720458984,2349.010009765625,11.890000343322754,9139.2998046875,14.65999984741211
2017-04-18,54.88999938964844,1291.699951171875,64.4083023071289,2342.18994140625,12.380000114440918,9105.150390625,14.420000076293944
2017-04-19,52.93000030517578,1281.4000244140625,64.56999969482422,2338.169921875,12.220000267028809,9103.5,14.93000030517578
2017-04-20,52.9900016784668,1281.9000244140625,64.64669799804688,2355.840087890625,11.5600004196167,9136.400390625,14.149999618530272
2017-04-21,51.959999084472656,1287.4000244140625,64.66000366210938,2348.68994140625,11.420000076293944,9119.400390625,14.630000114440918
2017-04-24,51.59999847412109,1275.800048828125,64.63999938964844,2374.14990234375,11.630000114440918,9217.9501953125,10.84000015258789
2017-04-25,52.09999847412109,1265.5999755859375,64.38999938964844,2388.610107421875,11.15999984741211,9306.599609375,10.760000228881836
2017-04-26,51.81999969482422,1262.0999755859375,64.3499984741211,2387.449951171875,11.739999771118164,9351.849609375,10.850000381469728
2017-04-27,51.43999862670898,1263.699951171875,64.0199966430664,2388.77001953125,11.06999969482422,9342.150390625,10.359999656677246
2017-04-28,51.72999954223633,1266.0999755859375,64.05999755859375,2384.199951171875,10.859999656677246,9304.0498046875,10.81999969482422
2017-05-02,50.459999084472656,1255.0999755859375,64.18000030517578,2391.169921875,11.449999809265137,9313.7998046875,10.59000015258789
2017-05-03,50.790000915527344,1246.4000244140625,64.06999969482422,2388.1298828125,11.529999732971191,9311.9501953125,10.68000030517578
2017-05-04,48.380001068115234,1226.5,64.20999908447266,2389.52001953125,11.329999923706056,9359.900390625,10.460000038146973
2017-05-05,49.09999847412109,1224.800048828125,64.16999816894531,2399.2900390625,11.989999771118164,9285.2998046875,10.56999969482422
2017-05-08,49.34000015258789,1225.300048828125,64.30799865722656,2399.3798828125,11.670000076293944,9314.0498046875,9.770000457763672
2017-05-09,48.72999954223633,1214.300048828125,64.41179656982422,2396.919921875,11.109999656677246,9316.849609375,9.960000038146973
2017-05-10,50.220001220703125,1217.300048828125,64.63999938964844,2399.6298828125,10.949999809265137,9407.2998046875,10.210000038146973
2017-05-11,50.77000045776367,1222.699951171875,64.55000305175781,2394.43994140625,10.84000015258789,9422.400390625,10.600000381469728
2017-05-12,50.84000015258789,1226.199951171875,64.36000061035156,2390.89990234375,10.630000114440918,9400.900390625,10.399999618530272
2017-05-15,51.81999969482422,1228.5999755859375,64.16549682617188,2402.320068359375,10.68000030517578,9445.400390625,10.420000076293944
2017-05-16,51.650001525878906,1235.0,64.03829956054688,2400.669921875,10.5600004196167,9512.25,10.649999618530272
2017-05-17,52.209999084472656,1257.5,63.900001525878906,2357.030029296875,10.640000343322754,9525.75,15.59000015258789
2017-05-18,52.5099983215332,1251.699951171875,64.2300033569336,2365.719970703125,11.789999961853027,9429.4501953125,14.65999984741211
2017-05-19,53.61000061035156,1252.699951171875,64.87110137939453,2381.72998046875,11.300000190734863,9427.900390625,12.039999961853027
2017-05-22,53.869998931884766,1260.699951171875,64.44850158691406,2394.02001953125,11.199999809265137,9438.25,10.93000030517578
2017-05-23,54.150001525878906,1254.800048828125,64.50019836425781,2398.419921875,12.199999809265137,9386.150390625,10.720000267028809
2017-05-24,53.959999084472656,1252.4000244140625,64.88520050048828,2404.389892578125,11.829999923706056,9360.5498046875,10.020000457763672
2017-05-25,51.459999084472656,1255.800048828125,64.76010131835938,2415.070068359375,10.449999809265137,9509.75,9.989999771118164
2017-05-26,52.150001525878906,1267.5999755859375,64.54540252685547,2415.820068359375,10.859999656677246,9595.099609375,9.8100004196167
2017-05-29,52.150001525878906,1267.5999755859375,64.51319885253906,2415.820068359375,11.789999961853027,9604.900390625,9.8100004196167
2017-05-30,51.84000015258789,1262.0999755859375,64.50859832763672,2412.909912109375,11.770000457763672,9624.5498046875,10.380000114440918
2017-05-31,50.310001373291016,1272.0,64.61859893798828,2411.800048828125,11.760000228881836,9621.25,10.40999984741211
2017-06-01,50.33000183105469,1267.0,64.5000991821289,2430.06005859375,11.3100004196167,9616.099609375,9.890000343322754
2017-06-02,49.95000076293945,1276.800048828125,64.37229919433594,2439.070068359375,10.8100004196167,9653.5,9.75
2017-06-05,49.470001220703125,1279.300048828125,64.40499877929688,2436.10009765625,11.020000457763672,9675.099609375,10.06999969482422
2017-06-06,50.119998931884766,1294.4000244140625,64.34400177001953,2429.330078125,11.130000114440918,9637.150390625,10.449999809265137
2017-06-07,48.060001373291016,1290.0999755859375,64.42050170898438,2433.139892578125,10.890000343322754,9663.900390625,10.390000343322754
2017-06-08,47.86000061035156,1276.300048828125,64.41829681396484,2433.7900390625,11.06999969482422,9647.25,10.15999984741211
2017-06-09,48.150001525878906,1268.5,64.243896484375,2431.77001953125,10.859999656677246,9668.25,10.699999809265137
2017-06-12,48.290000915527344,1266.0999755859375,64.37699890136719,2429.389892578125,11.420000076293944,9616.400390625,11.460000038146973
2017-06-13,48.720001220703125,1265.800048828125,64.46910095214844,2440.35009765625,11.34000015258789,9606.900390625,10.420000076293944
2017-06-14,47.0,1272.800048828125,64.35749816894531,2437.919921875,11.18000030517578,9618.150390625,10.640000343322754
2017-06-15,46.91999816894531,1252.199951171875,64.16580200195312,2432.4599609375,11.329999923706056,9578.0498046875,10.899999618530272
2017-06-16,47.369998931884766,1254.0,64.55999755859375,2433.14990234375,10.920000076293944,9588.0498046875,10.380000114440918
2017-06-19,46.90999984741211,1244.199951171875,64.3949966430664,2453.4599609375,10.630000114440918,9657.5498046875,10.369999885559082
2017-06-20,46.02000045776367,1241.0,64.48760223388672,2437.030029296875,10.65999984741211,9653.5,10.859999656677246
2017-06-21,44.81999969482422,1243.4000244140625,64.53050231933594,2435.610107421875,10.920000076293944,9633.599609375,10.75
2017-06-22,45.220001220703125,1247.5999755859375,64.5416030883789,2434.5,11.210000038146973,9630.0,10.479999542236328
2017-06-23,45.540000915527344,1256.199951171875,64.59100341796875,2438.300048828125,11.5600004196167,9574.9501953125,10.020000457763672
2017-06-27,46.650001525878906,1246.4000244140625,64.42130279541016,2419.3798828125,12.510000228881836,9511.400390625,11.0600004196167
2017-06-28,47.310001373291016,1248.0,64.5248031616211,2440.68994140625,11.989999771118164,9491.25,10.029999732971191
2017-06-29,47.41999816894531,1244.199951171875,64.51190185546875,2419.699951171875,11.380000114440918,9504.099609375,11.4399995803833
2017-06-30,47.91999816894531,1240.699951171875,64.78510284423828,2423.409912109375,11.729999542236328,9520.900390625,11.18000030517578
2017-07-03,49.68000030517578,1217.9000244140625,64.60679626464844,2429.010009765625,11.199999809265137,9615.0,11.220000267028809
2017-07-04,49.68000030517578,1217.9000244140625,64.84269714355469,2429.010009765625,11.279999732971191,9613.2998046875,11.220000267028809
2017-07-05,47.790000915527344,1220.4000244140625,64.7688980102539,2432.5400390625,11.149999618530272,9637.599609375,11.06999969482422
2017-07-06,48.11000061035156,1222.199951171875,64.79139709472656,2409.75,10.979999542236328,9674.5498046875,12.539999961853027
2017-07-07,46.709999084472656,1208.5999755859375,64.71330261230469,2425.179931640625,10.869999885559082,9665.7998046875,11.1899995803833
2017-07-10,46.880001068115234,1212.0999755859375,64.61170196533203,2427.429931640625,10.90999984741211,9771.0498046875,11.109999656677246
2017-07-11,47.52000045776367,1213.5999755859375,64.61170196533203,2425.530029296875,10.890000343322754,9786.0498046875,10.890000343322754
2017-07-12,47.7400016784668,1218.0999755859375,64.52559661865234,2443.25,11.050000190734863,9816.099609375,10.300000190734863
2017-07-13,48.41999816894531,1216.300048828125,64.36499786376953,2447.830078125,11.25,9891.7001953125,9.899999618530272
2017-07-14,48.90999984741211,1226.5999755859375,64.42579650878906,2459.27001953125,11.170000076293944,9886.349609375,9.510000228881836
2017-07-17,48.41999816894531,1232.800048828125,64.26730346679688,2459.139892578125,11.460000038146973,9915.9501953125,9.81999969482422
2017-07-18,48.84000015258789,1241.0999755859375,64.33000183105469,2460.610107421875,11.489999771118164,9827.150390625,9.890000343322754
2017-07-19,49.70000076293945,1241.199951171875,64.3062973022461,2473.830078125,11.260000228881836,9899.599609375,9.789999961853027
2017-07-20,49.29999923706055,1244.800048828125,64.26329803466797,2473.449951171875,11.31999969482422,9873.2998046875,9.579999923706056
2017-07-21,48.060001373291016,1254.300048828125,64.32499694824219,2472.5400390625,11.09000015258789,9915.25,9.359999656677246
2017-07-24,48.59999847412109,1253.9000244140625,64.46109771728516,2469.909912109375,11.3100004196167,9966.400390625,9.43000030517578
2017-07-25,50.20000076293945,1251.699951171875,64.36509704589844,2477.1298828125,10.90999984741211,9964.5498046875,9.43000030517578
2017-07-26,50.970001220703125,1249.0,64.4469985961914,2477.830078125,11.170000076293944,10020.650390625,9.600000381469728
2017-07-27,51.4900016784668,1259.5999755859375,64.3447036743164,2475.419921875,11.220000267028809,10020.5498046875,10.109999656677246
2017-07-28,52.52000045776367,1268.4000244140625,64.18499755859375,2472.10009765625,11.140000343322754,10014.5,10.289999961853027
2017-07-31,52.650001525878906,1266.5999755859375,64.12349700927734,2470.300048828125,11.899999618530272,10077.099609375,10.260000228881836
2017-08-01,52.630001068115234,1272.5999755859375,64.18949890136719,2476.35009765625,11.90999984741211,10114.650390625,10.09000015258789
2017-08-02,52.36000061035156,1271.800048828125,64.05580139160156,2477.570068359375,11.9399995803833,10081.5,10.279999732971191
2017-08-03,52.0099983215332,1267.800048828125,63.64059829711914,2472.159912109375,11.640000343322754,10013.650390625,10.4399995803833
2017-08-04,52.41999816894531,1258.300048828125,63.696998596191406,2476.830078125,11.390000343322754,10066.400390625,10.029999732971191
2017-08-07,52.369998931884766,1258.199951171875,63.66510009765625,2480.909912109375,11.899999618530272,10057.400390625,9.93000030517578
2017-08-08,52.13999938964844,1256.4000244140625,63.8301010131836,2474.919921875,12.770000457763672,9978.5498046875,10.960000038146973
2017-08-09,52.70000076293945,1273.0,63.70289993286133,2474.02001953125,13.449999809265137,9908.0498046875,11.109999656677246
2017-08-10,51.900001525878906,1283.699951171875,63.88769912719727,2438.2099609375,13.800000190734863,9820.25,16.040000915527344
2017-08-11,52.09999847412109,1287.699951171875,64.13860321044922,2441.320068359375,15.199999809265137,9710.7998046875,15.510000228881836
2017-08-14,50.72999954223633,1284.199951171875,64.08100128173828,2465.840087890625,14.380000114440918,9794.150390625,12.329999923706056
2017-08-16,50.27000045776367,1276.9000244140625,64.26300048828125,2468.110107421875,14.239999771118164,9897.2998046875,11.739999771118164
2017-08-17,51.02999877929688,1286.4000244140625,64.1604995727539,2430.010009765625,14.34000015258789,9904.150390625,15.550000190734863
2017-08-18,52.720001220703125,1285.699951171875,64.18890380859375,2425.550048828125,14.56999969482422,9837.400390625,14.260000228881836
2017-08-21,51.65999984741211,1290.800048828125,64.07589721679688,2428.3701171875,14.81999969482422,9754.349609375,13.1899995803833
2017-08-22,51.869998931884766,1285.0999755859375,64.15750122070312,2452.510009765625,14.109999656677246,9765.5498046875,11.350000381469728
2017-08-23,52.56999969482422,1288.9000244140625,64.05750274658203,2444.0400390625,13.18000030517578,9852.5,12.25
2017-08-24,52.040000915527344,1286.5,64.00499725341797,2438.969970703125,12.56999969482422,9857.0498046875,12.229999542236328
2017-08-28,51.88999938964844,1309.699951171875,63.99549865722656,2444.239990234375,12.640000343322754,9912.7998046875,11.31999969482422
2017-08-29,52.0,1313.0999755859375,63.78929901123047,2446.300048828125,13.539999961853027,9796.0498046875,11.699999809265137
2017-08-30,50.86000061035156,1308.0999755859375,63.98680114746094,2457.590087890625,12.890000343322754,9884.400390625,11.220000267028809
2017-08-31,52.380001068115234,1316.199951171875,63.976200103759766,2471.64990234375,11.949999809265137,9917.900390625,10.59000015258789
2017-09-01,52.31999969482422,1324.5,63.91189956665039,2476.550048828125,11.68000030517578,9974.400390625,10.130000114440918
2017-09-04,52.31999969482422,1324.5,64.0155029296875,2476.550048828125,13.170000076293944,9912.849609375,10.130000114440918
2017-09-05,53.380001068115234,1339.199951171875,64.02629852294922,2457.85009765625,12.890000343322754,9952.2001953125,12.229999542236328
2017-09-06,54.20000076293945,1333.9000244140625,64.0999984741211,2465.5400390625,13.119999885559082,9916.2001953125,11.630000114440918
2017-09-07,54.4900016784668,1345.0999755859375,64.0154037475586,2465.10009765625,13.010000228881836,9929.900390625,11.550000190734863
2017-09-08,53.77999877929688,1346.0,63.95009994506836,2461.429931640625,12.960000038146973,9934.7998046875,12.119999885559082
2017-09-11,53.84000015258789,1331.0,63.930999755859375,2488.110107421875,12.359999656677246,10006.0498046875,10.729999542236328
2017-09-12,54.27000045776367,1328.0,63.97999954223633,2496.47998046875,11.760000228881836,10093.0498046875,10.579999923706056
2017-09-13,55.15999984741211,1323.4000244140625,63.98759841918945,2498.3701171875,11.760000228881836,10079.2998046875,10.5
2017-09-14,55.470001220703125,1324.699951171875,64.11509704589844,2495.6201171875,11.470000267028809,10086.599609375,10.4399995803833
2017-09-15,55.619998931884766,1320.4000244140625,64.15499877929688,2500.22998046875,11.68000030517578,10085.400390625,10.170000076293944
2017-09-18,55.47999954223633,1306.300048828125,64.12020111083984,2503.8701171875,11.4399995803833,10153.099609375,10.149999618530272
2017-09-19,55.13999938964844,1306.199951171875,64.2146987915039,2506.64990234375,11.470000267028809,10147.5498046875,10.18000030517578
2017-09-20,56.290000915527344,1312.0,64.29869842529297,2508.239990234375,11.630000114440918,10141.150390625,9.779999732971191
2017-09-21,56.43000030517578,1290.5999755859375,64.28369903564453,2500.60009765625,11.630000114440918,10121.900390625,9.670000076293944
2017-09-22,56.86000061035156,1293.300048828125,64.80229949951172,2502.219970703125,12.8100004196167,9964.400390625,9.59000015258789
2017-09-25,59.02000045776367,1306.800048828125,64.89099884033203,2496.659912109375,13.34000015258789,9872.599609375,10.210000038146973
2017-09-26,58.43999862670898,1297.0,65.26509857177734,2496.840087890625,12.93000030517578,9871.5,10.170000076293944
2017-09-27,57.900001525878906,1283.4000244140625,65.3499984741211,2507.0400390625,13.859999656677246,9735.75,9.869999885559082
2017-09-28,57.40999984741211,1285.5,65.5250015258789,2510.06005859375,13.170000076293944,9768.9501953125,9.550000190734863
2017-09-29,57.540000915527344,1281.5,65.36000061035156,2519.360107421875,12.489999771118164,9788.599609375,9.510000228881836
2017-10-03,56.0,1271.5,65.57170104980469,2534.580078125,12.460000038146973,9859.5,9.510000228881836
2017-10-04,55.79999923706055,1273.699951171875,65.44309997558594,2537.739990234375,11.800000190734863,9914.900390625,9.630000114440918
2017-10-05,57.0,1269.9000244140625,65.01950073242188,2552.070068359375,11.710000038146973,9888.7001953125,9.1899995803833
2017-10-06,55.619998931884766,1271.5999755859375,65.20999908447266,2549.330078125,11.119999885559082,9979.7001953125,9.649999618530272
2017-10-09,55.790000915527344,1281.800048828125,65.41419982910156,2544.72998046875,11.390000343322754,9988.75,10.329999923706056
2017-10-10,56.61000061035156,1290.5999755859375,65.41459655761719,2550.639892578125,11.109999656677246,10016.9501953125,10.079999923706056
2017-10-11,56.93999862670898,1285.800048828125,65.23889923095703,2555.239990234375,11.729999542236328,9984.7998046875,9.850000381469728
2017-10-12,56.25,1293.300048828125,65.20539855957031,2550.929931640625,11.039999961853027,10096.400390625,9.90999984741211
2017-10-13,57.16999816894531,1301.5,65.0459976196289,2553.169921875,11.260000228881836,10167.4501953125,9.609999656677246
2017-10-16,57.81999969482422,1299.9000244140625,64.6729965209961,2557.639892578125,11.3100004196167,10230.849609375,9.90999984741211
2017-10-17,57.880001068115234,1283.0,64.6946029663086,2559.360107421875,11.609999656677246,10234.4501953125,10.3100004196167
2017-10-18,58.150001525878906,1279.9000244140625,64.92870330810547,2561.260009765625,11.539999961853027,10210.849609375,10.06999969482422
2017-10-19,57.22999954223633,1286.9000244140625,65.04010009765625,2562.10009765625,12.399999618530272,10146.5498046875,10.050000190734863
2017-10-23,57.369998931884766,1277.699951171875,65.1041030883789,2564.97998046875,12.329999923706056,10184.849609375,11.06999969482422
2017-10-24,58.33000183105469,1275.0,65.03489685058594,2569.1298828125,11.59000015258789,10207.7001953125,11.15999984741211
2017-10-25,58.43999862670898,1275.4000244140625,65.07949829101562,2557.14990234375,11.760000228881836,10295.349609375,11.229999542236328
2017-10-26,59.29999923706055,1266.300048828125,64.83999633789062,2560.39990234375,11.619999885559082,10343.7998046875,11.300000190734863
2017-10-27,60.43999862670898,1268.5,64.5999984741211,2581.070068359375,11.479999542236328,10323.0498046875,9.800000190734863
2017-10-30,60.900001525878906,1274.0999755859375,64.87339782714844,2572.830078125,12.109999656677246,10363.650390625,10.5
2017-10-31,61.369998931884766,1267.0,64.84239959716797,2575.260009765625,12.4399995803833,10335.2998046875,10.18000030517578
2017-11-01,61.290000915527344,1274.0999755859375,64.67009735107422,2579.360107421875,12.140000343322754,10440.5,10.199999809265137
2017-11-02,60.619998931884766,1274.9000244140625,64.55509948730469,2579.85009765625,12.010000228881836,10423.7998046875,9.93000030517578
2017-11-03,62.06999969482422,1266.5,64.50050354003906,2587.840087890625,11.90999984741211,10452.5,9.140000343322754
2017-11-06,64.2699966430664,1279.4000244140625,64.69339752197266,2591.1298828125,13.020000457763672,10451.7998046875,9.399999618530272
2017-11-07,63.68999862670898,1273.699951171875,64.59089660644531,2590.639892578125,13.239999771118164,10350.150390625,9.890000343322754
2017-11-08,63.4900016784668,1281.5999755859375,65.16449737548828,2594.3798828125,13.609999656677246,10303.150390625,9.779999732971191
2017-11-09,63.93000030517578,1285.5999755859375,64.9104995727539,2584.6201171875,13.270000457763672,10308.9501953125,10.5
2017-11-10,63.52000045776367,1272.4000244140625,64.96800231933594,2582.300048828125,13.479999542236328,10321.75,11.289999961853027
2017-11-13,63.15999984741211,1277.300048828125,65.1603012084961,2584.840087890625,14.050000190734863,10224.9501953125,11.5
2017-11-14,62.209999084472656,1281.5,65.43840026855469,2578.8701171875,14.170000076293944,10186.599609375,11.59000015258789
2017-11-15,61.869998931884766,1276.5,65.41339874267578,2564.6201171875,14.270000457763672,10118.0498046875,13.130000114440918
2017-11-16,61.36000061035156,1277.4000244140625,65.41339874267578,2585.639892578125,13.460000038146973,10214.75,11.760000228881836
2017-11-17,62.720001220703125,1295.800048828125,65.20999908447266,2578.85009765625,13.710000038146973,10283.599609375,11.43000030517578
2017-11-20,62.220001220703125,1274.5999755859375,64.90499877929688,2582.139892578125,13.43000030517578,10298.75,10.649999618530272
2017-11-21,62.56999969482422,1281.0999755859375,65.0250015258789,2599.030029296875,13.720000267028809,10326.900390625,9.729999542236328
2017-11-22,63.31999969482422,1291.5999755859375,64.76129913330078,2597.080078125,14.039999961853027,10342.2998046875,9.880000114440918
2017-11-23,63.31999969482422,1291.5999755859375,64.7699966430664,2597.080078125,13.869999885559082,10348.75,9.880000114440918
2017-11-24,63.86000061035156,1286.699951171875,64.57939910888672,2602.419921875,13.510000228881836,10389.7001953125,9.670000076293944
2017-11-27,63.84000015258789,1293.800048828125,64.54499816894531,2601.419921875,13.029999732971191,10399.5498046875,9.869999885559082
2017-11-28,63.61000061035156,1294.699951171875,64.43389892578125,2627.0400390625,13.149999618530272,10370.25,10.029999732971191
2017-11-29,63.11000061035156,1282.0999755859375,64.47000122070312,2626.070068359375,13.0600004196167,10361.2998046875,10.699999809265137
2017-11-30,63.56999969482422,1273.199951171875,64.41480255126953,2647.580078125,13.550000190734863,10226.5498046875,11.279999732971191
2017-12-01,63.4900016784668,1278.800048828125,64.49939727783203,2642.219970703125,14.800000190734863,10121.7998046875,11.43000030517578
2017-12-04,62.45000076293945,1274.300048828125,64.50900268554688,2639.43994140625,14.859999656677246,10127.75,11.68000030517578
2017-12-05,62.86000061035156,1261.5999755859375,64.35140228271484,2629.570068359375,15.010000228881836,10118.25,11.329999923706056
2017-12-06,61.220001220703125,1262.800048828125,64.35690307617188,2629.27001953125,15.09000015258789,10044.099609375,11.020000457763672
2017-12-07,62.20000076293945,1249.800048828125,64.51519775390625,2636.97998046875,14.270000457763672,10166.7001953125,10.15999984741211
2017-12-08,63.400001525878906,1245.199951171875,64.54239654541016,2651.5,13.670000076293944,10265.650390625,9.579999923706056
2017-12-11,64.69000244140625,1243.699951171875,64.4729995727539,2659.989990234375,14.149999618530272,10322.25,9.34000015258789
2017-12-12,63.34000015258789,1238.5,64.3499984741211,2664.110107421875,15.260000228881836,10240.150390625,9.920000076293944
2017-12-13,62.43999862670898,1245.4000244140625,64.55000305175781,2662.85009765625,15.949999809265137,10192.9501953125,10.18000030517578
2017-12-14,63.310001373291016,1253.800048828125,64.31999969482422,2652.010009765625,16.40999984741211,10252.099609375,10.489999771118164
2017-12-15,63.22999954223633,1254.300048828125,64.2750015258789,2675.81005859375,14.9399995803833,10333.25,9.420000076293944
2017-12-18,63.40999984741211,1262.199951171875,64.07230377197266,2690.159912109375,13.119999885559082,10388.75,9.529999732971191
2017-12-19,63.79999923706055,1260.699951171875,64.20010375976562,2681.469970703125,12.1899995803833,10463.2001953125,10.029999732971191
2017-12-20,64.55999755859375,1266.0999755859375,64.04759979248047,2679.25,12.1899995803833,10444.2001953125,9.720000267028809
2017-12-21,64.9000015258789,1267.300048828125,63.96500015258789,2684.570068359375,12.09000015258789,10440.2998046875,9.619999885559082
2017-12-22,65.25,1275.4000244140625,64.00969696044922,2683.340087890625,11.59000015258789,10493.0,9.899999618530272
2017-12-26,67.0199966430664,1284.0999755859375,64.010498046875,2680.5,12.050000190734863,10531.5,10.25
2017-12-27,66.44000244140625,1287.0,64.0281982421875,2682.6201171875,12.489999771118164,10490.75,10.470000267028809
2017-12-28,66.72000122070312,1294.0999755859375,64.11499786376953,2687.5400390625,12.300000190734863,10477.900390625,10.18000030517578
2017-12-29,66.5999984741211,1306.300048828125,64.06199645996094,2673.610107421875,12.670000076293944,10530.7001953125,11.039999961853027
2018-01-02,66.56999969482422,1313.699951171875,63.86759948730469,2695.81005859375,13.6899995803833,10442.2001953125,9.770000457763672
2018-01-03,67.83999633789062,1316.199951171875,63.459999084472656,2713.06005859375,13.619999885559082,10443.2001953125,9.149999618530272
2018-01-04,68.06999969482422,1319.4000244140625,63.41910171508789,2723.989990234375,13.420000076293944,10504.7998046875,9.220000267028809
2018-01-05,67.62000274658203,1320.300048828125,63.36959838867188,2743.14990234375,13.109999656677246,10558.849609375,9.220000267028809
2018-01-08,67.77999877929688,1318.5999755859375,63.26499938964844,2747.7099609375,13.739999771118164,10623.599609375,9.520000457763672
2018-01-09,68.81999969482422,1311.699951171875,63.45199966430664,2751.2900390625,13.850000381469728,10637.0,10.079999923706056
2018-01-10,69.19999694824219,1317.4000244140625,63.63610076904297,2748.22998046875,14.039999961853027,10632.2001953125,9.81999969482422
2018-01-11,69.26000213623047,1320.5999755859375,63.7599983215332,2767.56005859375,14.010000228881836,10651.2001953125,9.880000114440918
2018-01-12,69.87000274658203,1333.4000244140625,63.67210006713867,2786.239990234375,13.729999542236328,10681.25,10.15999984741211
2018-01-15,69.87000274658203,1333.4000244140625,63.5885009765625,2786.239990234375,14.3100004196167,10741.5498046875,10.15999984741211
2018-01-16,69.1500015258789,1335.4000244140625,63.52119827270508,2776.419921875,14.09000015258789,10700.4501953125,11.65999984741211
2018-01-17,69.37999725341797,1338.0,63.99430084228516,2802.56005859375,13.859999656677246,10788.5498046875,11.90999984741211
2018-01-18,69.30999755859375,1326.0,63.82500076293945,2798.030029296875,13.960000038146973,10817.0,12.220000267028809
2018-01-19,68.61000061035156,1331.9000244140625,63.86759948730469,2810.300048828125,13.979999542236328,10894.7001953125,11.270000457763672
2018-01-22,69.02999877929688,1330.9000244140625,63.83209991455078,2832.969970703125,15.390000343322754,10966.2001953125,11.029999732971191
2018-01-23,69.95999908447266,1335.699951171875,63.88010025024414,2839.1298828125,16.229999542236328,11083.7001953125,11.100000381469728
2018-01-24,70.52999877929688,1355.9000244140625,63.7504997253418,2837.5400390625,18.040000915527344,11086.0,11.470000267028809
2018-01-25,70.41999816894531,1362.4000244140625,63.57789993286133,2839.25,17.510000228881836,11069.650390625,11.579999923706056
2018-01-29,69.45999908447266,1362.4000244140625,63.56999969482422,2853.530029296875,17.889999389648438,11130.400390625,13.84000015258789
2018-01-30,69.0199966430664,1335.4000244140625,63.66939926147461,2822.429931640625,16.420000076293945,11049.650390625,14.789999961853027
2018-01-31,69.05000305175781,1339.0,63.769901275634766,2823.81005859375,15.93000030517578,11027.7001953125,13.539999961853027
2018-02-01,69.08000183105469,1344.300048828125,63.665000915527344,2821.97998046875,14.109999656677246,11016.900390625,13.470000267028809
2018-02-02,68.58000183105469,1333.699951171875,63.97499847412109,2762.1298828125,15.25,10760.599609375,17.309999465942383
2018-02-05,67.62000274658203,1333.0,64.13249969482422,2648.93994140625,16.049999237060547,10666.5498046875,37.31999969482422
2018-02-06,66.86000061035156,1326.0999755859375,64.314697265625,2695.139892578125,20.020000457763672,10498.25,29.979999542236328
2018-02-07,65.51000213623047,1311.5999755859375,63.97999954223633,2681.659912109375,19.46999931335449,10476.7001953125,27.729999542236328
2018-02-08,64.80999755859375,1316.9000244140625,64.19999694824219,2581.0,17.770000457763672,10576.849609375,33.459999084472656
2018-02-09,62.790000915527344,1313.0999755859375,64.44049835205078,2619.550048828125,19.229999542236328,10454.9501953125,29.059999465942383
2018-02-12,62.59000015258789,1324.199951171875,64.2113037109375,2656.0,17.8799991607666,10539.75,25.61000061035156
2018-02-14,64.36000061035156,1355.5,64.2500991821289,2698.6298828125,17.18000030517578,10500.900390625,19.26000022888184
2018-02-15,64.33000183105469,1352.0999755859375,64.02519989013672,2731.199951171875,16.31999969482422,10545.5,19.1299991607666
2018-02-16,64.83999633789062,1353.199951171875,63.890899658203125,2732.219970703125,16.3799991607666,10452.2998046875,19.459999084472656
2018-02-19,64.83999633789062,1353.199951171875,64.37999725341797,2732.219970703125,16.670000076293945,10378.400390625,19.459999084472656
2018-02-20,65.25,1328.800048828125,64.50499725341797,2716.260009765625,16.8700008392334,10360.400390625,20.600000381469727
2018-02-21,65.41999816894531,1330.0,64.86499786376953,2701.330078125,15.920000076293944,10397.4501953125,20.020000457763672
2018-02-22,66.38999938964844,1330.5999755859375,64.8949966430664,2703.9599609375,14.829999923706056,10382.7001953125,18.71999931335449
2018-02-23,67.30999755859375,1328.199951171875,64.95140075683594,2747.300048828125,14.199999809265137,10491.0498046875,16.489999771118164
2018-02-26,67.5,1330.699951171875,64.7030029296875,2779.60009765625,13.699999809265137,10582.599609375,15.800000190734863
2018-02-27,66.62999725341797,1315.5,64.78040313720703,2744.280029296875,13.920000076293944,10554.2998046875,18.59000015258789
2018-02-28,65.77999877929688,1315.5,64.91000366210938,2713.830078125,13.8100004196167,10492.849609375,19.850000381469727
2018-03-01,65.70999908447266,1302.9000244140625,65.23999786376953,2677.669921875,14.06999969482422,10458.349609375,22.46999931335449
2018-03-05,65.54000091552734,1318.0999755859375,65.18669891357422,2720.93994140625,15.399999618530272,10358.849609375,18.729999542236328
2018-03-06,65.79000091552734,1333.5999755859375,65.00370025634766,2728.1201171875,16.25,10249.25,18.36000061035156
2018-03-07,64.33999633789062,1326.0,64.88999938964844,2726.800048828125,15.699999809265137,10154.2001953125,17.760000228881836
2018-03-08,63.61000061035156,1319.9000244140625,64.89119720458984,2738.969970703125,14.59000015258789,10242.650390625,16.540000915527344
2018-03-09,65.48999786376953,1322.4000244140625,65.09040069580078,2786.570068359375,14.529999732971191,10226.849609375,14.640000343322754
2018-03-12,64.94999694824219,1319.4000244140625,64.96489715576172,2783.02001953125,14.489999771118164,10421.400390625,15.779999732971191
2018-03-13,64.63999938964844,1325.9000244140625,64.94550323486328,2765.31005859375,14.460000038146973,10426.849609375,16.350000381469727
2018-03-14,64.88999938964844,1324.4000244140625,64.8281021118164,2749.47998046875,14.359999656677246,10410.900390625,17.229999542236328
2018-03-15,65.12000274658203,1316.800048828125,64.83679962158203,2747.330078125,14.329999923706056,10360.150390625,16.59000015258789
2018-03-16,66.20999908447266,1311.300048828125,65.01439666748047,2752.010009765625,15.220000267028809,10195.150390625,15.800000190734863
2018-03-19,66.05000305175781,1316.800048828125,65.06500244140625,2712.919921875,15.81999969482422,10094.25,19.020000457763672
2018-03-20,67.41999816894531,1311.0999755859375,65.21009826660156,2716.93994140625,15.609999656677246,10124.349609375,18.200000762939453
2018-03-21,69.47000122070312,1320.699951171875,65.2323989868164,2711.929931640625,15.109999656677246,10155.25,17.860000610351562
2018-03-22,68.91000366210938,1326.5999755859375,65.06559753417969,2643.68994140625,15.25,10114.75,23.34000015258789
2018-03-23,70.44999694824219,1349.300048828125,65.16000366210938,2588.260009765625,15.550000190734863,9998.0498046875,24.8700008392334
2018-03-26,70.12000274658203,1354.4000244140625,65.01499938964844,2658.550048828125,15.199999809265137,10130.650390625,21.030000686645508
2018-03-27,70.11000061035156,1341.300048828125,64.69499969482422,2612.6201171875,15.550000190734863,10184.150390625,22.5
2018-03-28,69.52999877929688,1324.199951171875,64.89550018310547,2605.0,15.760000228881836,10113.7001953125,22.8700008392334
2018-04-02,67.63999938964844,1342.0999755859375,65.10549926757812,2581.8798828125,15.350000381469728,10211.7998046875,23.6200008392334
2018-04-03,68.12000274658203,1332.800048828125,65.13999938964844,2614.449951171875,15.1899995803833,10245.0,21.100000381469727
2018-04-04,68.0199966430664,1335.800048828125,64.90499877929688,2644.68994140625,16.34000015258789,10128.400390625,20.059999465942383
2018-04-05,68.33000183105469,1324.300048828125,64.99500274658203,2662.840087890625,14.800000190734863,10325.150390625,18.940000534057617
2018-04-06,67.11000061035156,1331.9000244140625,64.86150360107422,2604.469970703125,14.75,10331.599609375,21.489999771118164
2018-04-09,68.6500015258789,1336.300048828125,64.90450286865234,2613.159912109375,14.869999885559082,10379.349609375,21.770000457763672
2018-04-10,71.04000091552734,1342.0,64.87000274658203,2656.8701171875,14.5,10402.25,20.46999931335449
2018-04-11,72.05999755859375,1356.5,64.92530059814453,2642.18994140625,14.720000267028809,10417.150390625,20.239999771118164
2018-04-12,72.0199966430664,1338.4000244140625,65.19000244140625,2663.989990234375,14.5600004196167,10458.650390625,18.489999771118164
2018-04-13,72.58000183105469,1344.800048828125,65.27570343017578,2656.300048828125,14.140000343322754,10480.599609375,17.40999984741211
2018-04-16,71.41999816894531,1347.5,65.19560241699219,2677.840087890625,14.260000228881836,10528.349609375,16.559999465942383
2018-04-17,71.58000183105469,1347.199951171875,65.4292984008789,2706.389892578125,14.039999961853027,10548.7001953125,15.25
2018-04-18,73.4800033569336,1351.199951171875,65.67500305175781,2708.639892578125,14.109999656677246,10526.2001953125,15.600000381469728
2018-04-19,73.77999877929688,1346.800048828125,66.01000213623047,2693.1298828125,13.75,10565.2998046875,15.960000038146973
2018-04-20,74.05999755859375,1336.699951171875,66.11479949951172,2670.139892578125,12.9399995803833,10564.0498046875,16.8799991607666
2018-04-23,74.70999908447266,1322.5,66.1968994140625,2670.2900390625,13.149999618530272,10584.7001953125,16.34000015258789
2018-04-24,73.86000061035156,1331.4000244140625,66.54499816894531,2634.56005859375,11.899999618530272,10614.349609375,18.020000457763672
2018-04-25,74.0,1321.199951171875,66.41410064697266,2639.39990234375,12.399999618530272,10570.5498046875,17.84000015258789
2018-04-26,74.73999786376953,1316.300048828125,66.90769958496094,2666.93994140625,12.039999961853027,10617.7998046875,16.239999771118164
2018-04-27,74.63999938964844,1320.300048828125,66.9000015258789,2669.909912109375,12.020000457763672,10692.2998046875,15.40999984741211
2018-04-30,75.16999816894531,1316.199951171875,66.61000061035156,2648.050048828125,12.359999656677246,10739.349609375,15.93000030517578
2018-05-02,73.36000061035156,1302.5999755859375,66.7886962890625,2635.669921875,12.84000015258789,10718.0498046875,15.970000267028809
2018-05-03,73.62000274658203,1310.699951171875,67.08000183105469,2629.72998046875,12.989999771118164,10679.650390625,15.899999618530272
2018-05-04,74.87000274658203,1312.699951171875,66.66000366210938,2663.419921875,13.25,10618.25,14.770000457763672
2018-05-07,76.16999816894531,1312.199951171875,66.81050109863281,2672.6298828125,13.760000228881836,10715.5,14.75
2018-05-08,74.8499984741211,1312.0,67.1187973022461,2671.919921875,14.0600004196167,10717.7998046875,14.710000038146973
2018-05-09,77.20999908447266,1311.300048828125,67.1624984741211,2697.7900390625,14.270000457763672,10741.7001953125,13.420000076293944
2018-05-10,77.47000122070312,1320.800048828125,67.62000274658203,2723.070068359375,14.43000030517578,10716.5498046875,13.229999542236328
2018-05-11,77.12000274658203,1319.0,67.38999938964844,2727.719970703125,13.979999542236328,10806.5,12.649999618530272
2018-05-14,78.2300033569336,1316.5,67.3822021484375,2730.1298828125,14.25,10806.599609375,12.93000030517578
2018-05-15,78.43000030517578,1288.9000244140625,67.6780014038086,2711.449951171875,13.170000076293944,10801.849609375,14.630000114440918
2018-05-16,79.27999877929688,1290.199951171875,68.45999908447266,2722.4599609375,13.4399995803833,10741.099609375,13.420000076293944
2018-05-17,79.30000305175781,1288.199951171875,68.05999755859375,2720.1298828125,13.40999984741211,10682.7001953125,13.43000030517578
2018-05-18,78.51000213623047,1290.199951171875,68.13999938964844,2712.969970703125,14.149999618530272,10596.400390625,13.420000076293944
2018-05-21,79.22000122070312,1290.199951171875,67.9749984741211,2733.010009765625,14.40999984741211,10516.7001953125,13.079999923706056
2018-05-22,79.56999969482422,1291.699951171875,68.4000015258789,2724.43994140625,13.600000381469728,10536.7001953125,13.220000267028809
2018-05-23,79.80000305175781,1289.300048828125,68.43000030517578,2733.2900390625,14.15999984741211,10430.349609375,12.579999923706056
2018-05-24,78.79000091552734,1303.699951171875,68.6500015258789,2727.760009765625,13.149999618530272,10513.849609375,12.529999732971191
2018-05-25,76.44000244140625,1303.300048828125,68.26010131835938,2721.330078125,12.649999618530272,10605.150390625,13.220000267028809
2018-05-28,76.44000244140625,1303.300048828125,67.7217025756836,2721.330078125,13.0600004196167,10688.650390625,13.220000267028809
2018-05-29,75.38999938964844,1298.699951171875,67.40280151367188,2689.860107421875,13.06999969482422,10633.2998046875,17.020000457763672
2018-05-30,77.5,1301.5,68.12999725341797,2724.010009765625,13.40999984741211,10614.349609375,14.9399995803833
2018-05-31,77.58999633789062,1300.0999755859375,67.43000030517578,2705.27001953125,13.220000267028809,10736.150390625,15.43000030517578
2018-06-01,77.58999633789062,1294.800048828125,67.43499755859375,2734.6201171875,13.56999969482422,10696.2001953125,13.460000038146973
2018-06-04,75.29000091552734,1293.0999755859375,66.92500305175781,2746.8701171875,13.880000114440918,10628.5,12.739999771118164
2018-06-05,75.37999725341797,1297.5,67.05999755859375,2748.800048828125,13.31999969482422,10593.150390625,12.399999618530272
2018-06-06,75.36000061035156,1297.0999755859375,67.08999633789062,2772.35009765625,12.550000190734863,10684.650390625,11.640000343322754
2018-06-07,77.31999969482422,1298.699951171875,66.8301010131836,2770.3701171875,12.779999732971191,10768.349609375,12.130000114440918
2018-06-08,76.45999908447266,1298.0999755859375,67.41000366210938,2779.030029296875,12.699999809265137,10767.650390625,12.18000030517578
2018-06-11,76.45999908447266,1298.9000244140625,67.51000213623047,2782.0,13.18000030517578,10786.9501953125,12.350000381469728
2018-06-12,75.87999725341797,1295.0999755859375,67.48999786376953,2786.85009765625,12.729999542236328,10842.849609375,12.34000015258789
2018-06-13,76.73999786376953,1296.9000244140625,67.91000366210938,2775.6298828125,12.640000343322754,10856.7001953125,12.9399995803833
2018-06-14,75.94000244140625,1304.0,67.77999877929688,2782.489990234375,12.100000381469728,10808.0498046875,12.119999885559082
2018-06-15,73.44000244140625,1274.5999755859375,68.12999725341797,2779.659912109375,12.06999969482422,10817.7001953125,11.979999542236328
2018-06-18,75.33999633789062,1276.199951171875,68.05000305175781,2773.75,12.380000114440918,10799.849609375,12.3100004196167
2018-06-19,75.08000183105469,1275.5999755859375,68.01000213623047,2762.590087890625,12.920000076293944,10710.4501953125,13.350000381469728
2018-06-20,74.73999786376953,1271.199951171875,68.05000305175781,2767.320068359375,12.170000076293944,10772.0498046875,12.789999961853027
2018-06-21,73.05000305175781,1267.199951171875,68.3499984741211,2749.760009765625,12.449999809265137,10741.099609375,14.640000343322754
2018-06-22,75.55000305175781,1267.4000244140625,67.83000183105469,2754.8798828125,12.020000457763672,10821.849609375,13.770000457763672
2018-06-25,74.7300033569336,1265.5999755859375,67.85489654541016,2717.070068359375,12.579999923706056,10762.4501953125,17.329999923706055
2018-06-26,76.30999755859375,1256.5999755859375,68.33999633789062,2723.06005859375,12.800000190734863,10769.150390625,15.920000076293944
2018-06-27,77.62000274658203,1252.800048828125,68.36499786376953,2699.6298828125,13.510000228881836,10671.400390625,17.90999984741211
2018-06-28,77.8499984741211,1247.800048828125,69.23999786376953,2716.31005859375,13.949999809265137,10589.099609375,16.850000381469727
2018-06-29,79.44000244140625,1251.300048828125,68.79669952392578,2718.3701171875,12.9399995803833,10714.2998046875,16.09000015258789
2018-07-02,77.30000305175781,1239.800048828125,68.43499755859375,2726.7099609375,13.369999885559082,10657.2998046875,15.600000381469728
2018-07-03,77.76000213623047,1251.5999755859375,68.6948013305664,2713.219970703125,13.0,10699.900390625,16.139999389648438
2018-07-04,77.76000213623047,1251.5999755859375,68.83000183105469,2713.219970703125,12.65999984741211,10769.900390625,16.139999389648438
2018-07-05,77.38999938964844,1257.300048828125,68.9800033569336,2736.610107421875,12.579999923706056,10749.75,14.970000267028809
2018-07-06,77.11000061035156,1254.300048828125,69.06999969482422,2759.820068359375,12.4399995803833,10772.650390625,13.369999885559082
2018-07-09,78.06999969482422,1258.0999755859375,68.75499725341797,2784.169921875,12.390000343322754,10852.900390625,12.6899995803833
2018-07-10,78.86000061035156,1253.800048828125,68.65979766845703,2793.840087890625,12.399999618530272,10947.25,12.640000343322754
2018-07-11,73.4000015258789,1242.800048828125,68.9000015258789,2774.02001953125,12.779999732971191,10948.2998046875,13.630000114440918
2018-07-12,74.44999694824219,1245.0,68.72000122070312,2798.2900390625,12.510000228881836,11023.2001953125,12.579999923706056
2018-07-13,75.33000183105469,1239.5999755859375,68.54000091552734,2801.31005859375,12.300000190734863,11018.900390625,12.18000030517578
2018-07-16,71.83999633789062,1238.0999755859375,68.48670196533203,2798.429931640625,12.949999809265137,10936.849609375,12.829999923706056
2018-07-17,72.16000366210938,1225.699951171875,68.72000122070312,2809.550048828125,12.829999923706056,11008.0498046875,12.0600004196167
2018-07-18,72.9000015258789,1226.300048828125,68.35600280761719,2815.6201171875,13.68000030517578,10980.4501953125,12.100000381469728
2018-07-19,72.58000183105469,1222.4000244140625,68.6155014038086,2804.489990234375,13.59000015258789,10957.099609375,12.869999885559082
2018-07-20,73.06999969482422,1229.5,68.93509674072266,2801.830078125,13.539999961853027,11010.2001953125,12.859999656677246
2018-07-23,73.05999755859375,1224.0,68.7332992553711,2806.97998046875,13.010000228881836,11084.75,12.619999885559082
2018-07-24,73.44000244140625,1223.9000244140625,69.19999694824219,2820.39990234375,12.470000267028809,11134.2998046875,12.40999984741211
2018-07-25,73.93000030517578,1231.4000244140625,68.80999755859375,2846.070068359375,12.210000038146973,11132.0,12.289999961853027
2018-07-26,74.54000091552734,1225.300048828125,68.83999633789062,2837.43994140625,12.029999732971191,11167.2998046875,12.140000343322754
2018-07-27,74.29000091552734,1222.5999755859375,68.73999786376953,2818.820068359375,12.3100004196167,11278.349609375,13.029999732971191
2018-07-30,74.97000122070312,1221.300048828125,68.61499786376953,2802.60009765625,12.59000015258789,11319.5498046875,14.260000228881836
2018-07-31,74.25,1223.699951171875,68.68499755859375,2816.2900390625,12.479999542236328,11356.5,12.829999923706056
2018-08-01,74.25,1217.9000244140625,68.4968032836914,2813.360107421875,12.529999732971191,11346.2001953125,13.149999618530272
2018-08-02,73.44999694824219,1210.5999755859375,68.30709838867188,2827.219970703125,12.5600004196167,11244.7001953125,12.1899995803833
2018-08-03,73.20999908447266,1214.199951171875,68.6155014038086,2840.35009765625,12.079999923706056,11360.7998046875,11.640000343322754
2018-08-06,73.75,1208.5999755859375,68.50499725341797,2850.39990234375,12.5600004196167,11387.099609375,11.270000457763672
2018-08-07,74.6500015258789,1209.5999755859375,68.80999755859375,2858.449951171875,12.579999923706056,11389.4501953125,10.93000030517578
2018-08-08,72.27999877929688,1212.5999755859375,68.59600067138672,2857.699951171875,12.539999961853027,11450.0,10.850000381469728
2018-08-09,72.06999969482422,1211.9000244140625,68.45500183105469,2853.580078125,12.68000030517578,11470.7001953125,11.270000457763672
2018-08-10,72.80999755859375,1211.0999755859375,69.0999984741211,2833.280029296875,12.850000381469728,11429.5,13.15999984741211
2018-08-13,72.61000061035156,1191.300048828125,69.08499908447266,2821.929931640625,13.399999618530272,11355.75,14.779999732971191
2018-08-14,72.45999908447266,1193.0,69.9490966796875,2839.9599609375,13.279999732971191,11435.099609375,13.3100004196167
2018-08-16,71.43000030517578,1176.199951171875,70.66000366210938,2840.68994140625,13.649999618530272,11385.0498046875,13.449999809265137
2018-08-17,71.83000183105469,1176.5,70.00499725341797,2850.1298828125,13.15999984741211,11470.75,12.640000343322754
2018-08-20,72.20999908447266,1186.800048828125,69.78500366210938,2857.050048828125,13.029999732971191,11551.75,12.489999771118164
2018-08-21,72.62999725341797,1192.5999755859375,69.73999786376953,2862.9599609375,12.899999618530272,11570.900390625,12.859999656677246
2018-08-23,74.7300033569336,1187.0,69.79000091552734,2856.97998046875,12.760000228881836,11582.75,12.40999984741211
2018-08-24,75.81999969482422,1206.300048828125,70.2750015258789,2874.68994140625,12.40999984741211,11557.099609375,11.989999771118164
2018-08-27,76.20999908447266,1209.0,69.76499938964844,2896.739990234375,12.239999771118164,11691.9501953125,12.15999984741211
2018-08-28,75.94999694824219,1207.4000244140625,69.94499969482422,2897.52001953125,12.43000030517578,11738.5,12.5
2018-08-29,77.13999938964844,1204.5,70.54000091552734,2914.0400390625,12.4399995803833,11691.900390625,12.25
2018-08-30,77.7699966430664,1197.699951171875,70.91000366210938,2901.1298828125,12.40999984741211,11676.7998046875,13.529999732971191
2018-08-31,77.41999816894531,1200.300048828125,71.40499877929688,2901.52001953125,12.600000381469728,11680.5,12.859999656677246
2018-09-03,77.41999816894531,1200.300048828125,70.99500274658203,2901.52001953125,13.390000343322754,11582.349609375,12.859999656677246
2018-09-04,78.16999816894531,1192.699951171875,71.06999969482422,2896.719970703125,13.779999732971191,11520.2998046875,13.15999984741211
2018-09-05,77.2699966430664,1194.9000244140625,71.75,2888.60009765625,13.649999618530272,11476.9501953125,13.90999984741211
2018-09-06,76.5,1197.9000244140625,71.88999938964844,2878.050048828125,13.720000267028809,11536.900390625,14.649999618530272
2018-09-07,76.83000183105469,1193.5999755859375,71.93890380859375,2871.679931640625,13.890000343322754,11589.099609375,14.880000114440918
2018-09-10,77.37000274658203,1193.0,72.09500122070312,2877.1298828125,15.199999809265137,11438.099609375,14.15999984741211
2018-09-11,79.05999755859375,1195.4000244140625,72.44499969482422,2887.889892578125,15.329999923706056,11287.5,13.220000267028809
2018-09-12,79.73999786376953,1204.699951171875,72.98999786376953,2888.919921875,14.25,11369.900390625,13.140000343322754
2018-09-14,78.08999633789062,1195.0,72.02749633789062,2904.97998046875,13.84000015258789,11515.2001953125,12.06999969482422
2018-09-17,78.05000305175781,1199.699951171875,72.09500122070312,2888.800048828125,14.5,11377.75,13.68000030517578
2018-09-18,79.02999877929688,1196.800048828125,72.53479766845703,2904.31005859375,14.420000076293944,11278.900390625,12.789999961853027
2018-09-19,79.4000015258789,1202.199951171875,73.12000274658203,2907.949951171875,14.010000228881836,11234.349609375,11.75
2018-09-21,78.80000305175781,1196.199951171875,71.72000122070312,2929.669921875,15.539999961853027,11143.099609375,11.68000030517578
2018-09-24,81.19999694824219,1199.300048828125,72.2300033569336,2919.3701171875,17.43000030517578,10967.400390625,12.199999809265137
2018-09-25,81.87000274658203,1200.0,73.30000305175781,2915.56005859375,16.68000030517578,11067.4501953125,12.420000076293944
2018-09-26,81.33999633789062,1194.0,73.08999633789062,2905.969970703125,17.09000015258789,11053.7998046875,12.890000343322754
2018-09-27,81.72000122070312,1182.300048828125,72.7699966430664,2914.0,16.920000076293945,10977.5498046875,12.40999984741211
2018-09-28,82.72000122070312,1191.5,72.94999694824219,2913.97998046875,17.0,10930.4501953125,12.119999885559082
2018-10-01,84.9800033569336,1187.0999755859375,72.50499725341797,2924.590087890625,16.84000015258789,11008.2998046875,12.0
2018-10-03,86.29000091552734,1198.300048828125,73.27999877929688,2925.510009765625,18.1200008392334,10858.25,11.609999656677246
2018-10-04,84.58000183105469,1197.199951171875,73.8499984741211,2901.610107421875,18.920000076293945,10599.25,14.220000267028809
2018-10-05,84.16000366210938,1201.199951171875,74.22000122070312,2885.570068359375,19.729999542236328,10316.4501953125,14.81999969482422
2018-10-08,83.91000366210938,1184.4000244140625,73.76300048828125,2884.429931640625,20.149999618530277,10348.0498046875,15.6899995803833
2018-10-09,85.0,1187.199951171875,73.88999938964844,2880.340087890625,19.76000022888184,10301.0498046875,15.949999809265137
2018-10-10,83.08999633789062,1189.300048828125,74.55000305175781,2785.679931640625,17.90999984741211,10460.099609375,22.959999084472656
2018-10-11,80.26000213623047,1223.5,74.5999984741211,2728.3701171875,20.549999237060547,10234.650390625,24.979999542236328
2018-10-12,80.43000030517578,1218.0999755859375,74.16000366210938,2767.1298828125,18.6299991607666,10472.5,21.309999465942383
2018-10-15,80.77999877929688,1226.4000244140625,73.6760025024414,2750.7900390625,18.88999938964844,10512.5,21.299999237060547
2018-10-16,81.41000366210938,1227.300048828125,74.08000183105469,2809.919921875,17.3700008392334,10584.75,17.6200008392334
2018-10-17,80.05000305175781,1223.699951171875,73.45549774169922,2809.2099609375,17.979999542236328,10453.0498046875,17.399999618530273
2018-10-19,79.77999877929688,1225.300048828125,74.16000366210938,2767.780029296875,19.790000915527344,10303.5498046875,19.88999938964844
2018-10-22,79.83000183105469,1221.199951171875,73.46499633789062,2755.8798828125,21.36000061035156,10245.25,19.63999938964844
2018-10-23,76.44000244140625,1233.4000244140625,73.8594970703125,2740.68994140625,19.040000915527344,10146.7998046875,20.709999084472656
2018-10-24,76.16999816894531,1227.800048828125,73.22129821777344,2656.10009765625,18.8799991607666,10224.75,25.229999542236328
2018-10-25,76.88999938964844,1229.0999755859375,73.22049713134766,2705.570068359375,18.959999084472656,10124.900390625,24.21999931335449
2018-10-26,77.62000274658203,1232.5,73.22019958496094,2658.68994140625,19.229999542236328,10030.0,24.15999984741211
2018-10-29,77.33999633789062,1224.5,73.125,2641.25,19.82999992370605,10250.849609375,24.700000762939453
2018-10-30,75.91000366210938,1222.5999755859375,73.5905990600586,2682.6298828125,20.5,10198.400390625,23.350000381469727
2018-10-31,75.47000122070312,1212.300048828125,73.6500015258789,2711.739990234375,19.799999237060547,10386.599609375,21.229999542236328
2018-11-01,75.5,1236.0,74.06999969482422,2740.3701171875,19.190000534057617,10380.4501953125,19.34000015258789
2018-11-02,72.83000183105469,1230.9000244140625,73.30999755859375,2723.06005859375,18.229999542236328,10553.0,19.51000022888184
2018-11-05,73.16999816894531,1229.800048828125,72.90499877929688,2738.31005859375,19.479999542236328,10524.0,19.959999084472656
2018-11-06,72.12999725341797,1223.800048828125,72.86000061035156,2755.449951171875,18.51000022888184,10530.0,19.90999984741211
2018-11-07,72.06999969482422,1226.199951171875,73.2300033569336,2813.889892578125,17.719999313354492,10598.400390625,16.360000610351562
2018-11-09,70.18000030517578,1206.4000244140625,72.9000015258789,2781.010009765625,17.770000457763672,10585.2001953125,17.360000610351562
2018-11-12,70.12000274658203,1201.300048828125,72.47000122070312,2726.219970703125,19.3700008392334,10482.2001953125,20.450000762939453
2018-11-13,65.47000122070312,1199.199951171875,73.18000030517578,2722.179931640625,18.700000762939453,10582.5,20.020000457763672
2018-11-14,66.12000274658203,1207.9000244140625,72.55000305175781,2701.580078125,18.82999992370605,10576.2998046875,21.25
2018-11-15,66.62000274658203,1212.800048828125,72.4000015258789,2730.199951171875,18.450000762939453,10616.7001953125,19.979999542236328
2018-11-16,66.76000213623047,1220.800048828125,71.8917007446289,2736.27001953125,18.350000381469727,10682.2001953125,18.13999938964844
2018-11-19,66.79000091552734,1223.0999755859375,71.7750015258789,2690.72998046875,19.26000022888184,10763.400390625,20.100000381469727
2018-11-20,62.52999877929688,1219.0,71.69000244140625,2641.889892578125,19.32999992370605,10656.2001953125,22.479999542236328
2018-11-21,63.47999954223633,1225.800048828125,71.41500091552734,2649.929931640625,19.559999465942383,10600.0498046875,20.799999237060547
2018-11-22,63.47999954223633,1225.800048828125,71.29499816894531,2649.929931640625,19.15999984741211,10526.75,20.799999237060547
2018-11-26,60.47999954223633,1220.199951171875,70.66999816894531,2673.449951171875,20.399999618530277,10628.599609375,18.899999618530277
2018-11-27,60.209999084472656,1211.199951171875,70.80999755859375,2682.169921875,18.31999969482422,10685.599609375,19.020000457763672
2018-11-28,58.7599983215332,1221.4000244140625,70.87999725341797,2743.7900390625,17.959999084472656,10728.849609375,18.489999771118164
2018-11-29,59.5099983215332,1224.0999755859375,70.5999984741211,2737.800048828125,18.700000762939453,10858.7001953125,18.790000915527344
2018-11-30,58.709999084472656,1220.199951171875,69.91999816894531,2760.169921875,19.15999984741211,10876.75,18.06999969482422
2018-12-03,61.68999862670898,1233.9000244140625,69.76000213623047,2790.3701171875,18.21999931335449,10883.75,16.440000534057617
2018-12-04,62.08000183105469,1241.0999755859375,70.48500061035156,2700.06005859375,18.11000061035156,10869.5,20.739999771118164
2018-12-05,62.08000183105469,1241.0999755859375,70.62999725341797,2700.06005859375,18.38999938964844,10782.900390625,20.739999771118164
2018-12-06,60.060001373291016,1238.0999755859375,70.87000274658203,2695.949951171875,19.309999465942383,10601.150390625,21.190000534057617
2018-12-07,61.66999816894531,1246.800048828125,70.75,2633.080078125,18.59000015258789,10693.7001953125,23.229999542236328
2018-12-10,59.970001220703125,1243.699951171875,71.36499786376953,2637.719970703125,20.440000534057617,10488.4501953125,22.63999938964844
2018-12-11,60.20000076293945,1241.9000244140625,72.7300033569336,2636.780029296875,17.950000762939453,10549.150390625,21.76000022888184
2018-12-12,60.150001525878906,1244.4000244140625,72.62000274658203,2651.070068359375,15.8100004196167,10737.599609375,21.459999084472656
2018-12-13,61.45000076293945,1242.699951171875,72.1500015258789,2650.5400390625,15.550000190734863,10791.5498046875,20.649999618530277
2018-12-14,60.27999877929688,1237.0,71.5469970703125,2599.949951171875,15.15999984741211,10805.4501953125,21.6299991607666
2018-12-17,59.61000061035156,1247.4000244140625,71.91000366210938,2545.93994140625,14.539999961853027,10888.349609375,24.520000457763672
2018-12-18,56.2599983215332,1249.199951171875,71.58999633789062,2546.159912109375,14.579999923706056,10908.7001953125,25.57999992370605
2018-12-19,57.2400016784668,1252.0999755859375,70.56999969482422,2506.9599609375,14.65999984741211,10967.2998046875,25.57999992370605
2018-12-20,54.34999847412109,1263.5999755859375,70.68550109863281,2467.419921875,14.329999923706056,10951.7001953125,28.3799991607666
2018-12-21,53.81999969482422,1253.800048828125,70.30000305175781,2416.6201171875,15.989999771118164,10754.0,30.11000061035156
2018-12-24,50.470001220703125,1267.5,70.13999938964844,2351.10009765625,15.75,10663.5,36.06999969482422
2018-12-26,54.470001220703125,1269.199951171875,70.23999786376953,2467.699951171875,15.920000076293944,10729.849609375,30.40999984741211
2018-12-27,52.15999984741211,1277.300048828125,70.1500015258789,2488.830078125,16.06999969482422,10779.7998046875,29.959999084472656
2018-12-28,52.20000076293945,1279.9000244140625,69.98999786376953,2485.739990234375,15.270000457763672,10859.900390625,28.34000015258789
2018-12-31,53.79999923706055,1278.300048828125,69.92250061035156,2506.85009765625,16.0,10862.5498046875,25.420000076293945
2019-01-02,54.90999984741211,1281.0,69.70999908447266,2510.030029296875,16.389999389648438,10792.5,23.21999931335449
2019-01-03,55.95000076293945,1291.800048828125,69.95999908447266,2447.889892578125,16.790000915527344,10672.25,25.450000762939453
2019-01-04,57.060001373291016,1282.699951171875,70.30000305175781,2531.93994140625,16.15999984741211,10727.349609375,21.3799991607666
2019-01-07,57.33000183105469,1286.800048828125,69.5250015258789,2549.68994140625,16.299999237060547,10771.7998046875,21.399999618530277
2019-01-08,58.720001220703125,1283.199951171875,69.80999755859375,2574.409912109375,15.699999809265137,10802.150390625,20.46999931335449
2019-01-09,61.43999862670898,1289.300048828125,70.33000183105469,2584.9599609375,15.270000457763672,10855.150390625,19.979999542236328
2019-01-10,61.68000030517578,1284.699951171875,70.55049896240234,2596.639892578125,15.350000381469728,10821.599609375,19.5
2019-01-11,60.47999954223633,1287.0999755859375,70.72000122070312,2596.260009765625,15.350000381469728,10794.9501953125,18.190000534057617
2019-01-14,58.9900016784668,1289.0999755859375,70.37000274658203,2582.610107421875,16.15999984741211,10737.599609375,19.06999969482422
2019-01-15,60.63999938964844,1286.199951171875,71.08499908447266,2610.300048828125,15.579999923706056,10886.7998046875,18.600000381469727
2019-01-16,61.31999969482422,1291.5999755859375,71.09249877929688,2616.10009765625,16.079999923706055,10890.2998046875,19.040000915527344
2019-01-17,61.18000030517578,1291.0,71.36499786376953,2635.9599609375,16.239999771118164,10905.2001953125,18.059999465942383
2019-01-18,62.70000076293945,1281.300048828125,71.03019714355469,2670.7099609375,16.6200008392334,10906.9501953125,17.799999237060547
2019-01-21,62.70000076293945,1281.300048828125,71.2300033569336,2670.7099609375,18.149999618530277,10961.849609375,17.799999237060547
2019-01-22,61.5,1282.5,71.5,2632.89990234375,17.989999771118164,10922.75,20.799999237060547
2019-01-23,61.13999938964844,1283.0999755859375,71.2302017211914,2638.699951171875,18.09000015258789,10831.5,19.520000457763672
2019-01-24,61.09000015258789,1279.0999755859375,71.15730285644531,2642.330078125,17.43000030517578,10849.7998046875,18.88999938964844
2019-01-25,61.63999938964844,1297.4000244140625,70.98999786376953,2664.760009765625,17.690000534057617,10780.5498046875,17.420000076293945
2019-01-28,59.93000030517578,1302.4000244140625,70.9749984741211,2643.85009765625,18.899999618530277,10661.5498046875,18.8700008392334
2019-01-29,61.31999969482422,1308.199951171875,71.09010314941406,2640.0,18.43000030517578,10652.2001953125,19.1299991607666
2019-01-30,61.650001525878906,1309.9000244140625,71.62000274658203,2681.050048828125,17.850000381469727,10651.7998046875,17.65999984741211
2019-01-31,61.88999938964844,1319.699951171875,71.12000274658203,2704.10009765625,17.1200008392334,10830.9501953125,16.56999969482422
2019-02-01,61.869998931884766,1316.9000244140625,71.19999694824219,2706.530029296875,15.720000267028809,10893.650390625,16.139999389648438
2019-02-04,62.5099983215332,1314.300048828125,71.45169830322266,2724.8701171875,15.720000267028809,10912.25,15.729999542236328
2019-02-05,61.97999954223633,1314.199951171875,71.68499755859375,2737.699951171875,15.779999732971191,10934.349609375,15.56999969482422
2019-02-06,62.68999862670898,1309.5,71.7699966430664,2731.610107421875,15.630000114440918,11062.4501953125,15.380000114440918
2019-02-07,61.630001068115234,1309.4000244140625,71.54049682617188,2706.050048828125,15.4399995803833,11069.400390625,16.3700008392334
2019-02-08,62.09999847412109,1313.699951171875,71.58000183105469,2707.8798828125,15.56999969482422,10943.599609375,15.720000267028809
2019-02-11,61.5099983215332,1307.0,71.1500015258789,2709.800048828125,15.84000015258789,10888.7998046875,15.970000267028809
2019-02-12,62.41999816894531,1309.199951171875,71.2300033569336,2744.72998046875,15.75,10831.400390625,15.43000030517578
2019-02-14,64.56999969482422,1309.800048828125,70.86509704589844,2745.72998046875,15.770000457763672,10746.0498046875,16.219999313354492
2019-02-15,66.25,1318.0999755859375,71.01000213623047,2775.60009765625,16.459999084472656,10724.400390625,14.90999984741211
2019-02-18,66.25,1318.0999755859375,71.31999969482422,2775.60009765625,18.0,10640.9501953125,14.90999984741211
2019-02-19,66.44999694824219,1340.0999755859375,71.69999694824219,2779.760009765625,18.46999931335449,10604.349609375,14.880000114440918
2019-02-20,67.08000183105469,1343.300048828125,71.5999984741211,2784.699951171875,17.059999465942383,10735.4501953125,14.020000457763672
2019-02-21,67.06999969482422,1323.5,71.30000305175781,2774.8798828125,16.049999237060547,10789.849609375,14.460000038146973
2019-02-22,67.12000274658203,1329.199951171875,71.18499755859375,2792.669921875,15.449999809265137,10791.650390625,13.510000228881836
2019-02-25,64.76000213623047,1325.9000244140625,71.03099822998047,2796.110107421875,15.359999656677246,10880.099609375,14.850000381469728
2019-02-26,65.20999908447266,1325.0999755859375,71.08999633789062,2793.89990234375,17.110000610351562,10835.2998046875,15.170000076293944
2019-02-27,66.38999938964844,1317.699951171875,70.94000244140625,2792.3798828125,18.899999618530277,10806.650390625,14.699999809265137
2019-02-28,66.02999877929688,1312.800048828125,71.19000244140625,2784.489990234375,18.280000686645508,10792.5,14.779999732971191
2019-03-01,65.06999969482422,1296.4000244140625,70.81600189208984,2803.68994140625,16.270000457763672,10863.5,13.56999969482422
2019-03-05,65.86000061035156,1282.0,70.9000015258789,2789.64990234375,15.65999984741211,10987.4501953125,14.739999771118164
2019-03-06,65.98999786376953,1284.9000244140625,70.74250030517578,2771.449951171875,15.609999656677246,11053.0,15.739999771118164
2019-03-07,66.30000305175781,1283.800048828125,70.36499786376953,2748.929931640625,15.289999961853027,11058.2001953125,16.59000015258789
2019-03-08,65.73999786376953,1297.0,70.48750305175781,2743.070068359375,14.9399995803833,11035.400390625,16.049999237060547
2019-03-11,66.58000183105469,1288.800048828125,69.98690032958984,2783.300048828125,14.899999618530272,11168.0498046875,14.329999923706056
2019-03-12,66.66999816894531,1296.300048828125,69.79010009765625,2791.52001953125,15.100000381469728,11301.2001953125,13.770000457763672
2019-03-13,67.55000305175781,1307.5,69.84500122070312,2810.919921875,15.279999732971191,11341.7001953125,13.40999984741211
2019-03-14,67.2300033569336,1293.4000244140625,69.72630310058594,2808.47998046875,15.149999618530272,11343.25,13.5
2019-03-15,67.16000366210938,1301.800048828125,69.3373031616211,2822.47998046875,15.869999885559082,11426.849609375,12.880000114440918
2019-03-18,67.54000091552734,1300.300048828125,68.9530029296875,2832.93994140625,16.899999618530273,11462.2001953125,13.100000381469728
2019-03-19,67.61000061035156,1305.0,68.61799621582031,2832.570068359375,16.489999771118164,11532.400390625,13.5600004196167
2019-03-20,68.5,1300.5,69.31749725341797,2824.22998046875,16.030000686645508,11521.0498046875,13.90999984741211
2019-03-22,67.02999877929688,1311.5999755859375,68.93000030517578,2800.7099609375,16.270000457763672,11456.900390625,16.479999542236328
2019-03-25,67.20999908447266,1321.9000244140625,69.1604995727539,2798.360107421875,16.670000076293945,11354.25,16.329999923706055
2019-03-26,67.97000122070312,1314.300048828125,68.92340087890625,2818.4599609375,16.489999771118164,11483.25,14.68000030517578
2019-03-27,67.83000183105469,1309.9000244140625,69.42749786376953,2805.3701171875,17.049999237060547,11445.0498046875,15.149999618530272
2019-03-28,67.81999969482422,1289.800048828125,69.37000274658203,2815.43994140625,16.649999618530273,11570.0,14.43000030517578
2019-04-01,69.01000213623047,1288.4000244140625,69.43000030517578,2867.18994140625,18.010000228881836,11669.150390625,13.399999618530272
2019-04-02,69.37000274658203,1290.0,69.19529724121094,2867.239990234375,18.07999992370605,11713.2001953125,13.359999656677246
2019-04-03,69.30999755859375,1289.9000244140625,68.91020202636719,2873.39990234375,18.780000686645508,11643.9501953125,13.739999771118164
2019-04-04,69.4000015258789,1289.0,68.8499984741211,2879.389892578125,18.649999618530277,11598.0,13.579999923706056
2019-04-05,70.33999633789062,1290.4000244140625,68.97039794921875,2892.739990234375,18.38999938964844,11665.9501953125,12.81999969482422
2019-04-08,71.0999984741211,1297.0999755859375,69.16000366210938,2895.77001953125,20.149999618530277,11604.5,13.18000030517578
2019-04-09,70.61000061035156,1303.5,69.55249786376953,2878.199951171875,20.280000686645508,11671.9501953125,14.279999732971191
2019-04-10,71.7300033569336,1309.0999755859375,69.26180267333984,2888.2099609375,21.1299991607666,11584.2998046875,13.300000190734863
2019-04-11,70.83000183105469,1288.5999755859375,69.14019775390625,2888.320068359375,20.959999084472656,11596.7001953125,13.020000457763672
2019-04-12,71.55000305175781,1290.5999755859375,69.43000030517578,2907.409912109375,21.0,11643.4501953125,12.010000228881836
2019-04-15,71.18000030517578,1286.800048828125,69.16100311279297,2905.580078125,21.38999938964844,11690.349609375,12.31999969482422
2019-04-16,71.72000122070312,1272.5999755859375,69.80999755859375,2907.06005859375,21.690000534057617,11787.150390625,12.18000030517578
2019-04-18,71.97000122070312,1271.9000244140625,69.4010009765625,2905.030029296875,22.739999771118164,11752.7998046875,12.09000015258789
2019-04-22,74.04000091552734,1273.5,69.36000061035156,2907.969970703125,24.049999237060547,11594.4501953125,12.420000076293944
2019-04-23,74.51000213623047,1269.300048828125,70.0625,2933.679931640625,24.649999618530277,11575.9501953125,12.279999732971191
2019-04-24,74.56999969482422,1275.5,69.75800323486328,2927.25,23.709999084472656,11726.150390625,13.140000343322754
2019-04-25,74.3499984741211,1275.800048828125,70.0958023071289,2926.169921875,23.229999542236328,11641.7998046875,13.25
2019-04-26,72.1500015258789,1284.9000244140625,70.16000366210938,2939.8798828125,21.71999931335449,11754.650390625,12.729999542236328
2019-04-30,72.80000305175781,1282.800048828125,69.81179809570312,2945.830078125,21.82999992370605,11748.150390625,13.119999885559082
2019-05-02,70.75,1269.699951171875,69.63289642333984,2917.52001953125,22.979999542236328,11724.75,14.420000076293944
2019-05-03,70.8499984741211,1279.199951171875,69.42440032958984,2945.639892578125,24.030000686645508,11712.25,12.869999885559082
2019-05-06,71.23999786376953,1281.699951171875,69.16799926757812,2932.469970703125,26.43000030517578,11598.25,15.4399995803833
2019-05-07,69.87999725341797,1283.5,69.40029907226562,2884.050048828125,26.479999542236328,11497.900390625,19.31999969482422
2019-05-08,70.37000274658203,1279.4000244140625,69.91000366210938,2879.419921875,26.3700008392334,11359.4501953125,19.399999618530277
2019-05-09,70.38999938964844,1283.5,70.01000213623047,2870.719970703125,25.489999771118164,11301.7998046875,19.100000381469727
2019-05-10,70.62000274658203,1285.699951171875,70.41000366210938,2881.39990234375,26.34000015258789,11278.900390625,16.040000915527344
2019-05-13,70.2300033569336,1300.0999755859375,69.92250061035156,2811.8701171875,27.3799991607666,11148.2001953125,20.549999237060547
2019-05-14,71.23999786376953,1294.699951171875,70.61699676513672,2834.409912109375,27.1299991607666,11222.0498046875,18.059999465942383
2019-05-15,71.7699966430664,1296.300048828125,70.30699920654297,2850.9599609375,28.65999984741211,11157.0,16.440000534057617
2019-05-16,72.62000274658203,1285.0,70.20919799804688,2876.320068359375,28.3700008392334,11257.099609375,15.289999961853027
2019-05-17,72.20999908447266,1274.5,70.23500061035156,2859.530029296875,28.07999992370605,11407.150390625,15.960000038146973
2019-05-20,71.97000122070312,1276.0999755859375,70.28150177001953,2840.22998046875,23.68000030517578,11828.25,16.309999465942383
2019-05-21,72.18000030517578,1272.0,70.12750244140625,2864.360107421875,25.649999618530277,11709.099609375,14.949999809265137
2019-05-22,70.98999786376953,1273.5999755859375,70.12750244140625,2856.27001953125,27.6299991607666,11737.900390625,14.75
2019-05-23,67.76000213623047,1284.800048828125,69.97250366210938,2822.239990234375,19.40999984741211,11657.0498046875,16.920000076293945
2019-05-24,68.69000244140625,1283.0,69.94499969482422,2826.06005859375,16.469999313354492,11844.099609375,15.850000381469728
2019-05-27,68.69000244140625,1283.0,69.36000061035156,2826.06005859375,16.190000534057617,11924.75,15.850000381469728
2019-05-28,70.11000061035156,1276.5,69.72000122070312,2802.389892578125,15.920000076293944,11928.75,17.5
2019-05-29,69.44999694824219,1280.5999755859375,69.875,2783.02001953125,16.40999984741211,11861.099609375,17.899999618530273
2019-05-30,66.87000274658203,1287.0999755859375,69.81500244140625,2788.860107421875,15.609999656677246,11945.900390625,17.299999237060547
2019-05-31,64.48999786376953,1305.800048828125,69.9800033569336,2752.06005859375,16.06999969482422,11922.7998046875,18.709999084472656
2019-06-03,61.27999877929688,1322.699951171875,69.5696029663086,2744.449951171875,15.970000267028809,12088.5498046875,18.86000061035156
2019-06-04,61.970001220703125,1323.4000244140625,69.16190338134766,2803.27001953125,15.630000114440918,12021.650390625,16.969999313354492
2019-06-06,61.66999816894531,1337.5999755859375,69.625,2843.489990234375,15.529999732971191,11843.75,15.93000030517578
2019-06-07,63.290000915527344,1341.199951171875,69.36000061035156,2873.340087890625,14.859999656677246,11870.650390625,16.299999237060547
2019-06-10,62.290000915527344,1324.699951171875,69.34500122070312,2886.72998046875,14.979999542236328,11922.7001953125,15.9399995803833
2019-06-11,62.290000915527344,1326.4000244140625,69.52349853515625,2885.719970703125,14.489999771118164,11965.599609375,15.989999771118164
2019-06-12,59.970001220703125,1331.9000244140625,69.3864974975586,2879.840087890625,14.119999885559082,11906.2001953125,15.90999984741211
2019-06-13,61.310001373291016,1339.199951171875,69.69999694824219,2891.639892578125,13.65999984741211,11914.0498046875,15.81999969482422
2019-06-14,62.0099983215332,1340.0999755859375,69.80000305175781,2886.97998046875,13.899999618530272,11823.2998046875,15.279999732971191
2019-06-17,60.93999862670898,1338.699951171875,69.77050018310547,2889.669921875,14.649999618530272,11672.150390625,15.350000381469728
2019-06-18,62.13999938964844,1346.5999755859375,70.11250305175781,2917.75,14.600000381469728,11691.5,15.149999618530272
2019-06-19,61.81999969482422,1344.5999755859375,69.76499938964844,2926.4599609375,14.729999542236328,11691.4501953125,14.329999923706056
2019-06-20,64.44999694824219,1392.9000244140625,69.87000274658203,2954.179931640625,14.0,11831.75,14.75
2019-06-21,65.19999694824219,1396.199951171875,69.77999877929688,2950.4599609375,14.609999656677246,11724.099609375,15.399999618530272
2019-06-24,64.86000061035156,1414.300048828125,69.56990051269531,2945.35009765625,15.220000267028809,11699.650390625,15.260000228881836
2019-06-25,65.05000305175781,1414.9000244140625,69.60250091552734,2917.3798828125,15.010000228881836,11796.4501953125,16.280000686645508
2019-06-26,66.48999786376953,1411.5999755859375,69.63749694824219,2913.780029296875,14.75,11847.5498046875,16.209999084472656
2019-06-27,66.55000305175781,1408.4000244140625,69.60250091552734,2924.919921875,14.649999618530272,11841.5498046875,15.81999969482422
2019-06-28,66.55000305175781,1409.699951171875,69.32499694824219,2941.760009765625,14.949999809265137,11788.849609375,15.079999923706056
2019-07-01,65.05999755859375,1385.5999755859375,68.94049835205078,2964.330078125,14.600000381469728,11865.599609375,14.0600004196167
2019-07-02,62.400001525878906,1404.5999755859375,69.1675033569336,2973.010009765625,14.25,11910.2998046875,12.93000030517578
2019-07-03,63.81999969482422,1417.699951171875,69.0824966430664,2995.820068359375,13.699999809265137,11916.75,12.56999969482422
2019-07-04,63.81999969482422,1417.699951171875,69.00749969482422,2995.820068359375,13.529999732971191,11946.75,12.56999969482422
2019-07-05,64.2300033569336,1396.699951171875,68.73999786376953,2990.409912109375,13.06999969482422,11811.150390625,13.279999732971191
2019-07-08,64.11000061035156,1397.0,68.44000244140625,2975.949951171875,13.850000381469728,11558.599609375,13.960000038146973
2019-07-09,64.16000366210938,1397.5,68.8499984741211,2979.6298828125,13.6899995803833,11555.900390625,14.09000015258789
2019-07-10,67.01000213623047,1410.0999755859375,68.76499938964844,2993.070068359375,13.640000343322754,11498.900390625,13.029999732971191
2019-07-11,66.5199966430664,1404.300048828125,68.36759948730469,2999.909912109375,12.470000267028809,11582.900390625,12.93000030517578
2019-07-12,66.72000122070312,1409.9000244140625,68.66999816894531,3013.77001953125,12.0,11552.5,12.390000343322754
2019-07-15,66.4800033569336,1411.4000244140625,68.55030059814453,3014.300048828125,12.020000457763672,11588.349609375,12.68000030517578
2019-07-16,64.3499984741211,1409.199951171875,68.74749755859375,3004.0400390625,11.5600004196167,11662.599609375,12.859999656677246
2019-07-17,63.65999984741211,1421.300048828125,68.8949966430664,2984.419921875,11.800000190734863,11687.5,13.970000267028809
2019-07-18,61.93000030517578,1426.0999755859375,68.78600311279297,2995.110107421875,11.75,11596.900390625,13.529999732971191
2019-07-19,62.470001220703125,1425.0999755859375,68.8499984741211,2976.610107421875,12.520000457763672,11419.25,14.449999809265137
2019-07-22,63.2599983215332,1425.300048828125,68.83000183105469,2985.030029296875,13.010000228881836,11346.2001953125,13.529999732971191
2019-07-23,63.83000183105469,1420.0999755859375,69.16000366210938,3005.469970703125,13.43000030517578,11331.0498046875,12.609999656677246
2019-07-24,63.18000030517578,1422.800048828125,69.0199966430664,3019.56005859375,12.760000228881836,11271.2998046875,12.06999969482422
2019-07-25,63.38999938964844,1413.9000244140625,69.18499755859375,3003.669921875,12.640000343322754,11252.150390625,12.739999771118164
2019-07-26,63.459999084472656,1418.5,69.15049743652344,3025.860107421875,12.130000114440918,11284.2998046875,12.15999984741211
2019-07-29,63.709999084472656,1419.5999755859375,68.87000274658203,3020.969970703125,13.0600004196167,11189.2001953125,12.829999923706056
2019-07-30,64.72000122070312,1429.699951171875,68.94999694824219,3013.179931640625,13.609999656677246,11085.400390625,13.9399995803833
2019-07-31,65.16999816894531,1426.0999755859375,69.07749938964844,2980.3798828125,13.59000015258789,11118.0,16.1200008392334
2019-08-01,60.5,1420.9000244140625,69.40499877929688,2953.56005859375,14.5600004196167,10980.0,17.8700008392334
2019-08-02,61.88999938964844,1445.5999755859375,69.29720306396484,2932.050048828125,15.1899995803833,10997.349609375,17.610000610351562
2019-08-05,59.810001373291016,1464.5999755859375,69.65689849853516,2844.739990234375,16.59000015258789,10862.599609375,24.59000015258789
2019-08-06,58.93999862670898,1472.4000244140625,71.5199966430664,2881.77001953125,16.1200008392334,10948.25,20.170000076293945
2019-08-07,56.22999954223633,1507.300048828125,71.2300033569336,2883.97998046875,16.739999771118164,10855.5,19.489999771118164
2019-08-08,57.380001068115234,1497.699951171875,71.16510009765625,2938.090087890625,16.09000015258789,11032.4501953125,16.90999984741211
2019-08-09,58.52999877929688,1496.5999755859375,70.47090148925781,2918.64990234375,15.850000381469728,11109.650390625,17.969999313354492
2019-08-13,61.29999923706055,1502.199951171875,71.58000183105469,2926.320068359375,17.780000686645508,10925.849609375,17.520000457763672
2019-08-14,59.47999954223633,1515.9000244140625,71.08000183105469,2840.60009765625,16.360000610351562,11029.400390625,22.100000381469727
2019-08-16,58.63999938964844,1512.5,71.72000122070312,2888.679931640625,16.649999618530273,11047.7998046875,18.46999931335449
2019-08-19,59.7400016784668,1500.4000244140625,71.13200378417969,2923.64990234375,16.75,11053.900390625,16.8799991607666
2019-08-20,60.02999877929688,1504.5999755859375,71.99500274658203,2900.510009765625,16.6299991607666,11017.0,17.5
2019-08-21,60.29999923706055,1504.5999755859375,71.80999755859375,2924.429931640625,17.020000457763672,10918.7001953125,15.800000190734863
2019-08-22,59.91999816894531,1497.300048828125,71.43779754638672,2922.949951171875,17.850000381469727,10741.349609375,16.68000030517578
2019-08-23,59.34000015258789,1526.5999755859375,71.92040252685547,2847.110107421875,17.350000381469727,10829.349609375,19.8700008392334
2019-08-26,58.70000076293945,1526.300048828125,71.50250244140625,2878.3798828125,16.65999984741211,11057.849609375,19.31999969482422
2019-08-27,59.5099983215332,1541.0,72.16000366210938,2869.159912109375,16.010000228881836,11105.349609375,20.309999465942383
2019-08-28,60.4900016784668,1537.800048828125,71.53500366210938,2887.93994140625,16.84000015258789,11046.099609375,19.350000381469727
2019-08-29,61.08000183105469,1526.5,72.08499908447266,2924.580078125,16.43000030517578,10948.2998046875,17.8799991607666
2019-08-30,60.43000030517578,1519.0999755859375,71.6801986694336,2926.4599609375,16.280000686645508,11023.25,18.979999542236328
2019-09-03,58.2599983215332,1545.9000244140625,71.96209716796875,2906.27001953125,18.059999465942383,10797.900390625,19.65999984741211
2019-09-04,60.70000076293945,1550.300048828125,72.45999908447266,2937.780029296875,17.239999771118164,10844.650390625,17.329999923706055
2019-09-05,60.95000076293945,1515.4000244140625,71.95570373535156,2976.0,17.270000457763672,10847.900390625,16.270000457763672
2019-09-06,61.540000915527344,1506.199951171875,72.22000122070312,2978.7099609375,16.270000457763672,10946.2001953125,15.0
2019-09-09,62.59000015258789,1502.199951171875,71.66999816894531,2978.429931640625,15.850000381469728,11003.0498046875,15.270000457763672
2019-09-11,60.810001373291016,1494.4000244140625,71.85900115966797,3000.929931640625,15.369999885559082,11035.7001953125,14.609999656677246
2019-09-12,60.380001068115234,1498.699951171875,71.56009674072266,3009.570068359375,14.899999618530272,10982.7998046875,14.220000267028809
2019-09-13,60.220001220703125,1490.9000244140625,71.28500366210938,3007.389892578125,14.119999885559082,11075.900390625,13.739999771118164
2019-09-16,69.0199966430664,1503.0999755859375,71.02069854736328,2997.9599609375,14.949999809265137,11003.5,14.670000076293944
2019-09-17,64.55000305175781,1505.0999755859375,71.74909973144531,3005.699951171875,16.020000457763672,10817.599609375,14.4399995803833
2019-09-18,63.59999847412109,1507.5,71.70999908447266,3006.72998046875,15.350000381469728,10840.650390625,13.949999809265137
2019-09-19,64.4000015258789,1498.4000244140625,71.5425033569336,3006.7900390625,15.550000190734863,10704.7998046875,14.050000190734863
2019-09-20,64.27999877929688,1507.300048828125,71.71749877929688,2992.070068359375,15.399999618530272,11274.2001953125,15.31999969482422
2019-09-23,64.7699966430664,1523.699951171875,71.19159698486328,2991.780029296875,16.790000915527344,11600.2001953125,14.90999984741211
2019-09-24,63.09999847412109,1532.0999755859375,70.78959655761719,2966.60009765625,16.729999542236328,11588.2001953125,17.049999237060547
2019-09-25,62.38999938964844,1504.5999755859375,71.28500366210938,2984.8701171875,16.170000076293945,11440.2001953125,15.960000038146973
2019-09-26,62.7400016784668,1507.5,71.30999755859375,2977.6201171875,16.34000015258789,11571.2001953125,16.06999969482422
2019-09-27,61.90999984741211,1499.0999755859375,71.21499633789062,2961.7900390625,16.110000610351562,11512.400390625,17.219999313354492
2019-09-30,60.77999877929688,1465.699951171875,70.49870300292969,2976.739990234375,15.869999885559082,11474.4501953125,16.239999771118164
2019-10-01,58.88999938964844,1482.0,70.92250061035156,2940.25,16.760000228881836,11359.900390625,18.559999465942383
2019-10-03,57.709999084472656,1507.0999755859375,71.1416015625,2910.6298828125,17.700000762939453,11314.0,19.1200008392334
2019-10-04,58.369998931884766,1506.199951171875,71.0199966430664,2952.010009765625,17.579999923706055,11174.75,17.040000915527344
2019-10-07,58.34999847412109,1497.699951171875,70.81500244140625,2938.7900390625,17.829999923706055,11126.400390625,17.860000610351562
2019-10-09,58.31999969482422,1506.0999755859375,71.20999908447266,2919.39990234375,17.15999984741211,11313.2998046875,18.63999938964844
2019-10-10,59.09999847412109,1494.800048828125,71.41000366210938,2938.1298828125,17.229999542236328,11234.5498046875,17.56999969482422
2019-10-11,60.5099983215332,1482.699951171875,70.9800033569336,2970.27001953125,17.139999389648438,11305.0498046875,15.579999923706056
2019-10-14,59.34999847412109,1491.699951171875,70.91400146484375,2966.14990234375,17.43000030517578,11341.150390625,14.56999969482422
2019-10-15,58.7400016784668,1477.5999755859375,71.45249938964844,2995.679931640625,16.850000381469727,11428.2998046875,13.539999961853027
2019-10-16,59.41999816894531,1488.0,71.76000213623047,2989.68994140625,16.360000610351562,11464.0,13.68000030517578
2019-10-17,59.90999984741211,1492.300048828125,71.62000274658203,2997.949951171875,15.880000114440918,11586.349609375,13.789999961853027
2019-10-18,59.41999816894531,1488.199951171875,71.42250061035156,2986.199951171875,15.93000030517578,11661.849609375,14.25
2019-10-22,59.70000076293945,1481.699951171875,71.1050033569336,2995.989990234375,16.809999465942383,11588.349609375,14.460000038146973
2019-10-23,61.16999816894531,1489.9000244140625,71.07499694824219,3004.52001953125,16.540000915527344,11604.099609375,14.010000228881836
2019-10-24,61.66999816894531,1498.9000244140625,70.71499633789062,3010.2900390625,16.239999771118164,11582.599609375,13.710000038146973
2019-10-25,62.02000045776367,1499.5,71.19000244140625,3022.550048828125,15.31999969482422,11583.900390625,12.649999618530272
2019-10-29,61.59000015258789,1487.0,70.73500061035156,3036.889892578125,16.420000076293945,11786.849609375,13.199999809265137
2019-10-30,60.61000061035156,1493.199951171875,70.88459777832031,3046.77001953125,16.65999984741211,11844.099609375,12.329999923706056
2019-10-31,60.22999954223633,1511.4000244140625,70.98999786376953,3037.56005859375,16.280000686645508,11877.4501953125,13.220000267028809
2019-11-01,61.68999862670898,1508.0,70.97000122070312,3066.909912109375,15.729999542236328,11890.599609375,12.300000190734863
2019-11-04,62.130001068115234,1508.0,70.51210021972656,3078.27001953125,15.93000030517578,11941.2998046875,12.829999923706056
2019-11-05,62.959999084472656,1480.800048828125,71.0,3074.6201171875,15.920000076293944,11917.2001953125,13.100000381469728
2019-11-06,61.7400016784668,1490.199951171875,70.8949966430664,3076.780029296875,15.779999732971191,11966.0498046875,12.619999885559082
2019-11-07,62.290000915527344,1464.199951171875,71.0,3085.179931640625,15.210000038146973,12012.0498046875,12.729999542236328
2019-11-08,62.5099983215332,1461.300048828125,71.37650299072266,3093.080078125,15.859999656677246,11908.150390625,12.06999969482422
2019-11-11,62.18000030517578,1455.5,71.37650299072266,3087.010009765625,16.25,11913.4501953125,12.6899995803833
2019-11-13,62.369998931884766,1461.699951171875,71.77999877929688,3094.0400390625,16.459999084472656,11840.4501953125,13.0
2019-11-14,62.27999877929688,1471.800048828125,72.1415023803711,3096.6298828125,15.649999618530272,11872.099609375,13.050000190734863
2019-11-15,63.29999923706055,1467.300048828125,71.95580291748047,3120.4599609375,15.029999732971191,11895.4501953125,12.050000190734863
2019-11-18,62.43999862670898,1470.9000244140625,71.70580291748047,3122.030029296875,15.760000228881836,11884.5,12.460000038146973
2019-11-19,60.90999984741211,1473.300048828125,71.93509674072266,3120.179931640625,15.40999984741211,11940.099609375,12.859999656677246
2019-11-20,62.400001525878906,1473.300048828125,71.85099792480469,3108.4599609375,15.15999984741211,11999.099609375,12.779999732971191
2019-11-21,63.970001220703125,1463.0999755859375,71.76820373535156,3103.5400390625,14.979999542236328,11968.400390625,13.130000114440918
2019-11-22,63.38999938964844,1463.0999755859375,71.7405014038086,3110.2900390625,14.869999885559082,11914.400390625,12.34000015258789
2019-11-25,63.650001525878906,1456.5999755859375,71.78260040283203,3133.639892578125,15.0,12073.75,11.869999885559082
2019-11-26,64.2699966430664,1459.800048828125,71.67949676513672,3140.52001953125,14.84000015258789,12037.7001953125,11.539999961853027
2019-11-27,64.05999755859375,1453.4000244140625,71.42839813232422,3153.6298828125,14.619999885559082,12100.7001953125,11.75
2019-11-28,64.05999755859375,1453.4000244140625,71.22810363769531,3153.6298828125,13.989999771118164,12151.150390625,11.75
2019-11-29,62.43000030517578,1465.5999755859375,71.54740142822266,3140.97998046875,13.899999618530272,12056.0498046875,12.619999885559082
2019-12-02,60.91999816894531,1462.300048828125,71.7229995727539,3113.8701171875,14.199999809265137,12048.2001953125,14.90999984741211
2019-12-03,60.81999969482422,1478.199951171875,71.625,3093.199951171875,14.5600004196167,11994.2001953125,15.960000038146973
2019-12-04,63.0,1474.0,71.95999908447266,3112.760009765625,13.31999969482422,12043.2001953125,14.800000190734863
2019-12-05,63.38999938964844,1476.9000244140625,71.4801025390625,3117.429931640625,14.3100004196167,12018.400390625,14.520000457763672
2019-12-06,64.38999938964844,1459.0999755859375,71.38500213623047,3145.909912109375,13.640000343322754,11921.5,13.619999885559082
2019-12-09,64.25,1459.300048828125,71.28679656982422,3135.9599609375,14.600000381469728,11937.5,15.859999656677246
2019-12-10,64.33999633789062,1462.5999755859375,70.96019744873047,3132.52001953125,14.289999961853027,11856.7998046875,15.68000030517578
2019-12-11,63.720001220703125,1469.4000244140625,71.01000213623047,3141.6298828125,13.380000114440918,11910.150390625,14.989999771118164
2019-12-12,64.19999694824219,1466.699951171875,70.72930145263672,3168.570068359375,13.350000381469728,11971.7998046875,13.9399995803833
2019-12-13,65.22000122070312,1475.5999755859375,70.55989837646484,3168.800048828125,13.300000190734863,12086.7001953125,12.630000114440918
2019-12-16,65.33999633789062,1475.0,70.68900299072266,3191.449951171875,13.420000076293944,12053.9501953125,12.140000343322754
2019-12-17,66.0999984741211,1474.5999755859375,70.92050170898438,3192.52001953125,12.520000457763672,12165.0,12.289999961853027
2019-12-18,66.16999816894531,1472.5999755859375,71.21499633789062,3191.139892578125,12.34000015258789,12221.650390625,12.579999923706056
2019-12-19,66.54000091552734,1478.199951171875,70.98989868164062,3205.3701171875,12.119999885559082,12259.7001953125,12.5
2019-12-20,66.13999938964844,1474.699951171875,71.22270202636719,3221.219970703125,12.329999923706056,12271.7998046875,12.510000228881836
2019-12-23,66.38999938964844,1482.5,71.02400207519531,3224.010009765625,11.960000038146973,12262.75,12.609999656677246
2019-12-24,67.19999694824219,1499.0999755859375,71.21070098876953,3223.3798828125,11.630000114440918,12214.5498046875,12.670000076293944
2019-12-26,67.91999816894531,1509.300048828125,71.54000091552734,3239.909912109375,11.119999885559082,12126.5498046875,12.649999618530272
2019-12-27,68.16000366210938,1513.800048828125,71.30030059814453,3240.02001953125,10.529999732971191,12245.7998046875,13.43000030517578
2019-12-30,68.44000244140625,1514.5,71.31300354003906,3221.2900390625,11.010000228881836,12255.849609375,14.81999969482422
2019-12-31,66.0,1519.5,71.31099700927734,3230.780029296875,11.670000076293944,12168.4501953125,13.779999732971191
2020-01-01,66.0,1519.5,71.27580261230469,3230.780029296875,11.670000076293944,12182.5,13.779999732971191
2020-01-02,66.25,1524.5,71.0250015258789,3257.85009765625,11.489999771118164,12282.2001953125,12.470000267028809
2020-01-03,68.5999984741211,1549.199951171875,71.41500091552734,3234.85009765625,12.699999809265137,12226.650390625,14.020000457763672
2020-01-06,68.91000366210938,1566.199951171875,71.73100280761719,3246.280029296875,14.779999732971191,11993.0498046875,13.850000381469728
2020-01-07,68.2699966430664,1571.800048828125,71.78700256347656,3237.179931640625,14.609999656677246,12052.9501953125,13.789999961853027
2020-01-08,65.44000244140625,1557.4000244140625,72.16000366210938,3253.050048828125,15.640000343322754,12025.349609375,13.449999809265137
2020-01-09,65.37000274658203,1551.699951171875,71.41190338134766,3274.699951171875,14.0,12215.900390625,12.539999961853027
2020-01-10,64.9800033569336,1557.5,71.19429779052734,3265.35009765625,14.079999923706056,12256.7998046875,12.5600004196167
2020-01-13,64.19999694824219,1548.4000244140625,70.9530029296875,3288.1298828125,14.279999732971191,12329.5498046875,12.31999969482422
2020-01-14,64.48999786376953,1542.4000244140625,70.71890258789062,3283.14990234375,13.90999984741211,12362.2998046875,12.390000343322754
2020-01-15,64.0,1552.0999755859375,70.84510040283203,3289.2900390625,14.119999885559082,12343.2998046875,12.420000076293944
2020-01-16,64.62000274658203,1549.0,70.71800231933594,3316.81005859375,14.18000030517578,12355.5,12.31999969482422
2020-01-17,64.8499984741211,1558.800048828125,70.94560241699219,3329.6201171875,14.130000114440918,12352.349609375,12.100000381469728
2020-01-20,64.8499984741211,1558.800048828125,71.03469848632812,3329.6201171875,15.40999984741211,12224.5498046875,12.100000381469728
2020-01-21,64.58999633789062,1556.4000244140625,71.03099822998047,3320.7900390625,15.859999656677246,12169.849609375,12.850000381469728
2020-01-22,63.209999084472656,1555.300048828125,71.16999816894531,3321.75,16.360000610351562,12106.900390625,12.90999984741211
2020-01-23,62.040000915527344,1564.5999755859375,71.0781021118164,3325.5400390625,15.859999656677246,12180.349609375,12.979999542236328
2020-01-24,60.68999862670898,1571.0999755859375,71.32099914550781,3295.469970703125,15.5600004196167,12248.25,14.5600004196167
2020-01-27,59.31999969482422,1576.800048828125,71.32499694824219,3243.6298828125,17.18000030517578,12119.0,18.229999542236328
2020-01-28,59.5099983215332,1569.199951171875,71.44000244140625,3276.239990234375,17.299999237060547,12055.7998046875,16.280000686645508
2020-01-29,59.810001373291016,1569.800048828125,71.23040008544922,3273.39990234375,16.5,12129.5,16.389999389648438
2020-01-30,58.290000915527344,1583.5,71.30000305175781,3283.659912109375,16.799999237060547,12035.7998046875,15.489999771118164
2020-01-31,58.15999984741211,1582.9000244140625,71.63999938964844,3225.52001953125,17.3700008392334,11962.099609375,18.84000015258789
2020-02-03,54.45000076293945,1577.199951171875,71.49649810791016,3248.919921875,15.779999732971191,11707.900390625,17.969999313354492
2020-02-04,53.959999084472656,1550.4000244140625,71.31410217285156,3297.590087890625,14.380000114440918,11979.650390625,16.049999237060547
2020-02-05,55.27999877929688,1557.800048828125,71.0999984741211,3334.68994140625,14.170000076293944,12089.150390625,15.149999618530272
2020-02-06,54.93000030517578,1565.0999755859375,71.18000030517578,3345.780029296875,13.779999732971191,12137.9501953125,14.960000038146973
2020-02-07,54.470001220703125,1568.5999755859375,71.47000122070312,3327.7099609375,13.75,12098.349609375,15.470000267028809
2020-02-10,53.27000045776367,1574.699951171875,71.5155029296875,3352.090087890625,14.210000038146973,12031.5,15.039999961853027
2020-02-11,54.0099983215332,1565.5999755859375,71.27999877929688,3357.75,13.880000114440918,12107.900390625,15.18000030517578
2020-02-12,55.790000915527344,1567.4000244140625,71.27529907226562,3379.449951171875,13.619999885559082,12201.2001953125,13.739999771118164
2020-02-13,56.34000015258789,1575.0999755859375,71.29620361328125,3373.93994140625,13.369999885559082,12174.650390625,14.149999618530272
2020-02-14,57.31999969482422,1582.699951171875,71.26850128173828,3380.159912109375,13.619999885559082,12113.4501953125,13.68000030517578
2020-02-17,57.31999969482422,1582.699951171875,71.51480102539062,3380.159912109375,14.420000076293944,12045.7998046875,13.68000030517578
2020-02-18,57.75,1600.0,71.34919738769531,3370.2900390625,14.510000228881836,11992.5,14.829999923706056
2020-02-19,59.119998931884766,1607.5,71.57499694824219,3386.14990234375,14.020000457763672,12125.900390625,14.380000114440918
2020-02-20,59.310001373291016,1616.5999755859375,71.82749938964844,3373.22998046875,13.699999809265137,12080.849609375,15.5600004196167
2020-02-24,56.29999923706055,1672.4000244140625,71.88680267333984,3225.889892578125,17.0,11829.400390625,25.030000686645508
2020-02-25,54.95000076293945,1646.9000244140625,72.04669952392578,3128.2099609375,16.899999618530273,11797.900390625,27.850000381469727
2020-02-26,53.43000030517578,1640.0,71.87000274658203,3116.389892578125,18.26000022888184,11678.5,27.559999465942383
2020-02-27,52.18000030517578,1640.0,71.66339874267578,2978.760009765625,17.770000457763672,11633.2998046875,39.15999984741211
2020-02-28,50.52000045776367,1564.0999755859375,71.93000030517578,2954.219970703125,23.239999771118164,11201.75,40.11000061035156
2020-03-02,51.900001525878906,1592.300048828125,72.1500015258789,3090.22998046875,25.200000762939453,11132.75,33.41999816894531
2020-03-03,51.86000061035156,1642.0999755859375,72.82499694824219,3003.3701171875,24.540000915527344,11303.2998046875,36.81999969482422
2020-03-04,51.130001068115234,1641.0999755859375,73.34200286865234,3130.1201171875,24.229999542236328,11251.0,31.989999771118164
2020-03-05,49.9900016784668,1666.4000244140625,74.0425033569336,3023.93994140625,23.25,11269.0,39.619998931884766
2020-03-06,45.27000045776367,1670.800048828125,73.8551025390625,2972.3701171875,25.63999938964844,10989.4501953125,41.93999862670898
2020-03-09,34.36000061035156,1674.5,73.99530029296875,2746.56005859375,30.799999237060547,10451.4501953125,54.459999084472656
2020-03-11,35.790000915527344,1641.4000244140625,74.20500183105469,2741.3798828125,31.559999465942383,10458.400390625,53.900001525878906
2020-03-12,33.220001220703125,1589.300048828125,74.76000213623047,2480.639892578125,41.15999984741211,9590.150390625,75.47000122070312
2020-03-13,33.849998474121094,1515.699951171875,75.30000305175781,2711.02001953125,51.470001220703125,9955.2001953125,57.83000183105469
2020-03-16,30.049999237060547,1485.9000244140625,73.90399932861328,2386.1298828125,58.880001068115234,9197.400390625,82.69000244140625
2020-03-17,28.729999542236328,1524.9000244140625,75.15499877929688,2529.18994140625,62.93000030517578,8967.0498046875,75.91000366210938
2020-03-18,24.8799991607666,1477.300048828125,74.01239776611328,2398.10009765625,63.959999084472656,8468.7998046875,76.44999694824219
2020-03-19,28.46999931335449,1478.5999755859375,74.98200225830078,2409.389892578125,72.19999694824219,8263.4501953125,72.0
2020-03-20,26.979999542236328,1484.0,75.15969848632812,2304.919921875,67.0999984741211,8745.4501953125,66.04000091552734
2020-03-23,27.030000686645508,1567.0,75.62210083007812,2237.39990234375,71.98999786376953,7610.25,61.59000015258789
2020-03-24,27.149999618530277,1660.199951171875,76.50599670410156,2447.330078125,83.61000061035156,7801.0498046875,61.66999816894531
2020-03-25,27.38999938964844,1632.300048828125,77.26000213623047,2475.56005859375,77.62999725341797,8317.849609375,63.95000076293945
2020-03-26,26.34000015258789,1650.0999755859375,75.84549713134766,2630.070068359375,71.52999877929688,8641.4501953125,61.0
2020-03-27,24.93000030517578,1623.9000244140625,74.72560119628906,2541.469970703125,70.38999938964844,8660.25,65.54000091552734
2020-03-30,22.76000022888184,1622.0,75.46499633789062,2626.64990234375,71.88999938964844,8281.099609375,57.08000183105469
2020-03-31,22.739999771118164,1583.4000244140625,75.4000015258789,2584.590087890625,64.41000366210938,8597.75,53.540000915527344
2020-04-01,24.739999771118164,1578.199951171875,75.32499694824219,2470.5,60.04999923706055,8253.7998046875,57.060001373291016
2020-04-03,34.11000061035156,1633.699951171875,77.13999938964844,2488.64990234375,55.29999923706055,8083.7998046875,46.79999923706055
2020-04-07,31.8700008392334,1664.800048828125,75.96489715576172,2659.409912109375,51.79999923706055,8792.2001953125,46.70000076293945
2020-04-08,32.84000015258789,1665.4000244140625,76.66000366210938,2749.97998046875,52.2400016784668,8748.75,43.34999847412109
2020-04-09,31.479999542236328,1736.199951171875,75.95899963378906,2789.820068359375,49.75,9111.900390625,41.66999816894531
2020-04-13,31.739999771118164,1744.800048828125,76.16649627685547,2761.6298828125,51.459999084472656,8993.849609375,41.16999816894531
2020-04-15,27.690000534057617,1727.199951171875,75.93099975585938,2783.360107421875,49.7400016784668,8925.2998046875,40.84000015258789
2020-04-16,27.81999969482422,1720.4000244140625,77.2125015258789,2799.550048828125,46.09999847412109,8992.7998046875,40.11000061035156
2020-04-17,28.07999992370605,1689.199951171875,77.56999969482422,2874.56005859375,42.59000015258789,9266.75,38.150001525878906
2020-04-20,25.56999969482422,1701.5999755859375,76.55999755859375,2823.159912109375,43.459999084472656,9261.849609375,43.83000183105469
2020-04-21,19.32999992370605,1678.199951171875,77.20999908447266,2736.56005859375,45.20000076293945,8981.4501953125,45.40999984741211
2020-04-22,20.3700008392334,1728.699951171875,76.96939849853516,2799.31005859375,42.81999969482422,9187.2998046875,41.97999954223633
2020-04-23,21.32999992370605,1733.300048828125,76.4000015258789,2797.800048828125,39.22999954223633,9313.900390625,41.380001068115234
2020-04-24,21.440000534057617,1723.5,76.42250061035156,2836.739990234375,39.119998931884766,9154.400390625,35.93000030517578
2020-04-27,19.989999771118164,1711.9000244140625,76.27149963378906,2878.47998046875,38.040000915527344,9282.2998046875,33.290000915527344
2020-04-28,20.459999084472656,1710.5,76.1863021850586,2863.389892578125,35.349998474121094,9380.900390625,33.56999969482422
2020-04-29,22.540000915527344,1703.4000244140625,76.46499633789062,2939.510009765625,33.84000015258789,9553.349609375,31.229999542236328
2020-04-30,25.270000457763672,1684.199951171875,75.25849914550781,2912.429931640625,33.9900016784668,9859.900390625,34.150001525878906
2020-05-04,27.200000762939453,1706.9000244140625,75.60050201416016,2842.739990234375,43.66999816894531,9293.5,35.970001220703125
2020-05-05,30.96999931335449,1704.4000244140625,75.8499984741211,2868.43994140625,43.61000061035156,9205.599609375,33.61000061035156
2020-05-06,29.71999931335449,1684.199951171875,76.16999816894531,2848.419921875,41.25,9270.900390625,34.119998931884766
2020-05-07,29.459999084472656,1721.800048828125,76.15129852294922,2881.18994140625,39.93000030517578,9199.0498046875,31.440000534057617
2020-05-08,30.96999931335449,1709.9000244140625,76.08000183105469,2929.800048828125,38.40999984741211,9251.5,27.979999542236328
2020-05-11,29.6299991607666,1695.300048828125,75.5250015258789,2930.18994140625,38.040000915527344,9239.2001953125,27.56999969482422
2020-05-12,29.979999542236328,1704.4000244140625,76.30999755859375,2870.1201171875,38.209999084472656,9196.5498046875,33.040000915527344
2020-05-13,29.190000534057617,1713.9000244140625,75.68000030517578,2820.0,38.84000015258789,9383.5498046875,35.279998779296875
2020-05-14,31.1299991607666,1738.0999755859375,75.42620086669922,2852.5,38.18000030517578,9142.75,32.61000061035156
2020-05-15,32.5,1753.4000244140625,75.48500061035156,2863.699951171875,38.02000045776367,9136.849609375,31.88999938964844
2020-05-18,34.810001373291016,1731.800048828125,75.81999969482422,2953.909912109375,40.91999816894531,8823.25,29.299999237060547
2020-05-19,34.650001525878906,1744.199951171875,75.60009765625,2922.93994140625,39.45000076293945,8879.099609375,30.530000686645508
2020-05-20,35.75,1750.5999755859375,76.0,2971.610107421875,35.810001373291016,9066.5498046875,27.989999771118164
2020-05-21,36.060001373291016,1720.5,75.77999877929688,2948.510009765625,32.9900016784668,9106.25,29.530000686645508
2020-05-22,35.130001068115234,1734.5999755859375,75.625,2955.449951171875,32.380001068115234,9039.25,28.15999984741211
2020-05-26,36.16999816894531,1704.800048828125,76.11000061035156,2991.77001953125,31.46999931335449,9029.0498046875,28.01000022888184
2020-05-27,34.7400016784668,1710.300048828125,75.81999969482422,3036.1298828125,31.270000457763672,9314.9501953125,27.6200008392334
2020-05-28,35.290000915527344,1713.300048828125,76.12999725341797,3029.72998046875,30.020000457763672,9490.099609375,28.59000015258789
2020-05-29,35.33000183105469,1751.699951171875,75.95999908447266,3044.31005859375,30.21999931335449,9580.2998046875,27.51000022888184
2020-06-01,38.31999969482422,1750.300048828125,75.51319885253906,3055.72998046875,30.739999771118164,9826.150390625,28.229999542236328
2020-06-02,39.56999969482422,1734.0,75.7300033569336,3080.820068359375,30.1200008392334,9979.099609375,26.84000015258789
2020-06-03,39.790000915527344,1704.800048828125,75.06580352783203,3122.8701171875,30.040000915527344,10061.5498046875,25.65999984741211
2020-06-04,39.9900016784668,1727.4000244140625,75.54499816894531,3112.35009765625,29.690000534057617,10029.099609375,25.809999465942383
2020-06-05,42.29999923706055,1683.0,75.49089813232422,3193.929931640625,28.68000030517578,10142.150390625,24.520000457763672
2020-06-08,40.79999923706055,1705.0999755859375,75.5177001953125,3232.389892578125,29.649999618530277,10167.4501953125,25.809999465942383
2020-06-09,41.18000030517578,1721.9000244140625,75.625,3207.179931640625,30.209999084472656,10046.650390625,27.56999969482422
2020-06-10,41.72999954223633,1720.699951171875,75.50980377197266,3190.139892578125,29.440000534057617,10116.150390625,27.56999969482422
2020-06-11,38.54999923706055,1739.800048828125,75.875,3002.10009765625,29.65999984741211,9902.0,40.790000915527344
2020-06-12,38.72999954223633,1737.300048828125,76.38999938964844,3041.31005859375,30.81999969482422,9972.900390625,36.09000015258789
2020-06-15,39.720001220703125,1727.199951171875,75.95680236816406,3066.590087890625,32.58000183105469,9813.7001953125,34.400001525878906
2020-06-16,40.959999084472656,1736.5,75.97799682617188,3124.739990234375,32.970001220703125,9914.0,33.66999816894531
2020-06-17,40.709999084472656,1735.5999755859375,76.65499877929688,3113.489990234375,33.349998474121094,9881.150390625,33.470001220703125
2020-06-18,41.5099983215332,1731.0999755859375,76.55000305175781,3115.340087890625,31.459999084472656,10091.650390625,32.939998626708984
2020-06-19,42.18999862670898,1753.0,76.40039825439453,3097.739990234375,29.96999931335449,10244.400390625,35.119998931884766
2020-06-22,43.08000183105469,1766.4000244140625,76.2520980834961,3117.860107421875,30.459999084472656,10311.2001953125,31.770000457763672
2020-06-23,42.630001068115234,1782.0,75.78980255126953,3131.2900390625,29.34000015258789,10471.0,31.3700008392334
2020-06-24,40.310001373291016,1775.0999755859375,75.60780334472656,3050.330078125,29.57999992370605,10305.2998046875,33.84000015258789
2020-06-25,41.04999923706055,1770.5999755859375,75.97000122070312,3083.760009765625,29.729999542236328,10288.900390625,32.220001220703125
2020-06-26,41.02000045776367,1780.300048828125,75.53980255126953,3009.050048828125,28.739999771118164,10383.0,34.72999954223633
2020-06-29,41.709999084472656,1781.199951171875,75.61979675292969,3053.239990234375,28.90999984741211,10312.400390625,31.780000686645508
2020-06-30,41.150001525878906,1800.5,75.69999694824219,3100.2900390625,29.1200008392334,10302.099609375,30.43000030517578
2020-07-01,42.02999877929688,1779.9000244140625,75.75,3115.860107421875,28.1200008392334,10430.0498046875,28.6200008392334
2020-07-02,43.13999938964844,1790.0,75.45490264892578,3130.010009765625,26.51000022888184,10551.7001953125,27.68000030517578
2020-07-03,43.13999938964844,1790.0,74.72100067138672,3130.010009765625,25.770000457763672,10607.349609375,27.68000030517578
2020-07-06,43.09999847412109,1793.5,74.6792984008789,3179.719970703125,25.200000762939453,10763.650390625,27.940000534057617
2020-07-07,43.08000183105469,1809.9000244140625,74.60759735107422,3145.320068359375,25.100000381469727,10799.650390625,29.43000030517578
2020-07-08,43.290000915527344,1820.5999755859373,75.125,3169.93994140625,26.100000381469727,10705.75,28.07999992370605
2020-07-09,42.34999847412109,1803.800048828125,74.93990325927734,3152.050048828125,24.90999984741211,10813.4501953125,29.26000022888184
2020-07-10,43.2400016784668,1801.9000244140625,75.33999633789062,3185.0400390625,24.940000534057617,10768.0498046875,27.290000915527344
2020-07-13,42.720001220703125,1814.0999755859373,75.15850067138672,3155.219970703125,25.25,10802.7001953125,32.189998626708984
2020-07-14,42.900001525878906,1813.4000244140625,75.44999694824219,3197.52001953125,26.63999938964844,10607.349609375,29.520000457763672
2020-07-15,43.790000915527344,1813.800048828125,75.57499694824219,3226.56005859375,26.290000915527344,10618.2001953125,27.76000022888184
2020-07-16,43.369998931884766,1800.300048828125,75.1249008178711,3215.570068359375,25.36000061035156,10739.9501953125,28.0
2020-07-17,43.13999938964844,1810.0,75.17449951171875,3224.72998046875,24.15999984741211,10901.7001953125,25.68000030517578
2020-07-20,43.27999877929688,1817.4000244140625,74.89730072021484,3251.840087890625,24.709999084472656,11022.2001953125,24.459999084472656
2020-07-21,44.31999969482422,1843.9000244140625,74.98999786376953,3257.300048828125,24.43000030517578,11162.25,24.84000015258789
2020-07-22,44.290000915527344,1865.0999755859373,74.7699966430664,3276.02001953125,24.88999938964844,11132.599609375,24.31999969482422
2020-07-23,43.310001373291016,1890.0,74.81999969482422,3235.659912109375,24.63999938964844,11215.4501953125,26.07999992370605
2020-07-24,43.34000015258789,1897.5,74.80729675292969,3215.6298828125,24.540000915527344,11194.150390625,25.84000015258789
2020-07-27,43.40999984741211,1931.0,74.75980377197266,3239.409912109375,25.020000457763672,11131.7998046875,24.739999771118164
2020-07-28,43.220001220703125,1944.5999755859373,75.0,3218.43994140625,23.63999938964844,11300.5498046875,25.440000534057617
2020-07-29,43.75,1953.4000244140625,75.08999633789062,3258.43994140625,24.11000061035156,11202.849609375,24.100000381469727
2020-07-30,42.93999862670898,1942.300048828125,74.8311996459961,3246.219970703125,24.729999542236328,11102.150390625,24.76000022888184
2020-07-31,43.29999923706055,1962.800048828125,74.98999786376953,3271.1201171875,24.190000534057617,11073.4501953125,24.459999084472656
2020-08-03,44.150001525878906,1966.0,74.91780090332031,3294.610107421875,25.190000534057617,10891.599609375,24.280000686645508
2020-08-04,44.43000030517578,2021.0,75.33000183105469,3306.510009765625,23.81999969482422,11095.25,23.76000022888184
2020-08-05,45.16999816894531,2049.300048828125,75.25,3327.77001953125,23.56999969482422,11101.650390625,22.989999771118164
2020-08-06,45.09000015258789,2069.39990234375,74.8822021484375,3349.159912109375,23.149999618530277,11200.150390625,22.649999618530277
2020-08-07,44.400001525878906,2028.0,74.8998031616211,3351.280029296875,22.57999992370605,11214.0498046875,22.209999084472656
2020-08-10,44.9900016784668,2039.699951171875,75.0248031616211,3360.469970703125,22.51000022888184,11270.150390625,22.1299991607666
2020-08-11,44.5,1946.300048828125,75.0999984741211,3333.68994140625,21.36000061035156,11322.5,24.030000686645508
2020-08-12,45.43000030517578,1949.0,74.9000015258789,3380.35009765625,20.850000381469727,11308.400390625,22.280000686645508
2020-08-13,44.959999084472656,1970.4000244140625,74.77210235595703,3373.429931640625,20.56999969482422,11300.4501953125,22.1299991607666
2020-08-14,44.79999923706055,1949.800048828125,75.02999877929688,3372.85009765625,21.670000076293945,11178.400390625,22.049999237060547
2020-08-17,45.369998931884766,1998.699951171875,74.90280151367188,3381.989990234375,21.309999465942383,11247.099609375,21.350000381469727
2020-08-18,45.459999084472656,2013.0999755859373,75.0,3389.780029296875,20.43000030517578,11385.349609375,21.51000022888184
2020-08-19,45.369998931884766,1970.300048828125,74.79499816894531,3374.85009765625,19.959999084472656,11408.400390625,22.540000915527344
2020-08-20,44.900001525878906,1946.5,74.966796875,3385.510009765625,20.6200008392334,11312.2001953125,22.71999931335449
2020-08-21,44.34999847412109,1947.0,74.9999008178711,3397.159912109375,19.940000534057617,11371.599609375,22.540000915527344
2020-08-24,45.130001068115234,1939.199951171875,74.92179870605469,3431.280029296875,19.229999542236328,11466.4501953125,22.3700008392334
2020-08-25,45.86000061035156,1923.0999755859373,74.4000015258789,3443.6201171875,19.31999969482422,11472.25,22.030000686645508
2020-08-26,45.63999938964844,1952.5,74.45249938964844,3478.72998046875,19.299999237060547,11549.599609375,23.270000457763672
2020-08-27,45.09000015258789,1932.5999755859373,74.24009704589844,3484.550048828125,18.899999618530277,11559.25,24.46999931335449
2020-08-28,45.04999923706055,1974.9000244140625,73.77449798583984,3508.010009765625,18.350000381469727,11647.599609375,22.959999084472656
2020-08-31,45.27999877929688,1978.5999755859373,73.12830352783203,3500.31005859375,22.84000015258789,11387.5,26.40999984741211
2020-09-01,45.58000183105469,1978.9000244140625,73.66999816894531,3526.64990234375,21.799999237060547,11470.25,26.1200008392334
2020-09-02,44.43000030517578,1944.699951171875,73.2699966430664,3580.840087890625,21.11000061035156,11535.0,26.56999969482422
2020-09-03,44.06999969482422,1937.800048828125,73.24849700927734,3455.06005859375,20.5,11527.4501953125,33.599998474121094
2020-09-04,42.65999984741211,1934.300048828125,73.4478988647461,3426.9599609375,22.149999618530277,11333.849609375,30.75
2020-09-07,42.65999984741211,1934.300048828125,73.29029846191406,3426.9599609375,22.01000022888184,11355.0498046875,30.75
2020-09-08,39.77999877929688,1943.199951171875,73.6500015258789,3331.840087890625,22.71999931335449,11317.349609375,31.459999084472656
2020-09-09,40.790000915527344,1954.9000244140625,73.78679656982422,3398.9599609375,22.229999542236328,11278.0,28.809999465942383
2020-09-10,40.060001373291016,1964.300048828125,73.55000305175781,3339.18994140625,21.26000022888184,11449.25,29.709999084472656
2020-09-11,39.83000183105469,1947.9000244140625,73.52729797363281,3340.969970703125,20.709999084472656,11464.4501953125,26.8700008392334
2020-09-14,39.61000061035156,1963.699951171875,73.47859954833984,3383.5400390625,21.190000534057617,11440.0498046875,25.850000381469727
2020-09-15,40.52999877929688,1966.199951171875,73.61499786376953,3401.199951171875,20.600000381469727,11521.7998046875,25.59000015258789
2020-09-16,42.220001220703125,1970.5,73.80000305175781,3385.489990234375,19.65999984741211,11604.5498046875,26.040000915527344
2020-09-17,43.29999923706055,1949.9000244140625,73.55069732666016,3357.010009765625,20.100000381469727,11516.099609375,26.459999084472656
2020-09-18,43.150001525878906,1962.0999755859373,73.58360290527344,3319.469970703125,20.049999237060547,11504.9501953125,25.82999992370605
2020-09-21,41.43999862670898,1910.5999755859373,73.53479766845703,3281.06005859375,22.190000534057617,11250.5498046875,27.780000686645508
2020-09-22,41.720001220703125,1907.5999755859373,73.57980346679688,3315.570068359375,21.40999984741211,11153.650390625,26.86000061035156
2020-09-23,41.77000045776367,1868.4000244140625,73.50299835205078,3236.919921875,20.989999771118164,11131.849609375,28.57999992370605
2020-09-24,41.93999862670898,1876.9000244140625,73.77839660644531,3246.590087890625,23.51000022888184,10805.5498046875,28.51000022888184
2020-09-25,41.91999816894531,1866.300048828125,73.68240356445312,3298.4599609375,20.68000030517578,11050.25,26.3799991607666
2020-09-28,42.43000030517578,1882.300048828125,73.69930267333984,3351.60009765625,19.56999969482422,11227.5498046875,26.190000534057617
2020-09-29,41.02999877929688,1903.199951171875,73.9749984741211,3335.469970703125,19.770000457763672,11222.400390625,26.270000457763672
2020-09-30,40.95000076293945,1895.5,73.84500122070312,3363.0,19.530000686645508,11247.5498046875,26.3700008392334
2020-10-01,40.93000030517578,1916.300048828125,73.70500183105469,3380.800048828125,18.350000381469727,11416.9501953125,26.700000762939453
2020-10-05,41.290000915527344,1920.0999755859373,73.32240295410156,3408.60009765625,19.700000762939453,11503.349609375,27.959999084472656
2020-10-06,42.650001525878906,1908.800048828125,73.1082992553711,3360.969970703125,19.63999938964844,11662.400390625,29.479999542236328
2020-10-07,41.9900016784668,1890.800048828125,73.81500244140625,3419.43994140625,20.059999465942383,11738.849609375,28.059999465942383
2020-10-08,43.34000015258789,1895.0999755859373,73.5425033569336,3446.830078125,20.3799991607666,11834.599609375,26.36000061035156
2020-10-09,42.84999847412109,1926.199951171875,73.28050231933594,3477.139892578125,20.3799991607666,11914.2001953125,25.0
2020-10-12,41.720001220703125,1928.9000244140625,73.01480102539062,3534.219970703125,21.1299991607666,11930.9501953125,25.06999969482422
2020-10-13,42.45000076293945,1894.5999755859373,73.35079956054688,3511.929931640625,20.71999931335449,11934.5,26.06999969482422
2020-10-14,43.31999969482422,1907.300048828125,73.62000274658203,3488.669921875,20.209999084472656,11971.0498046875,26.399999618530277
2020-10-15,43.15999984741211,1908.9000244140625,73.29620361328125,3483.340087890625,22.059999465942383,11680.349609375,26.96999931335449
2020-10-16,42.93000030517578,1906.4000244140625,73.37100219726562,3483.81005859375,21.649999618530277,11762.4501953125,27.40999984741211
2020-10-19,42.619998931884766,1911.699951171875,73.44380187988281,3426.919921875,21.81999969482422,11873.0498046875,29.18000030517578
2020-10-20,43.15999984741211,1915.4000244140625,73.57499694824219,3443.1201171875,22.690000534057617,11896.7998046875,29.350000381469727
2020-10-21,41.72999954223633,1929.5,73.64749908447266,3435.56005859375,22.920000076293945,11937.650390625,28.649999618530277
2020-10-22,42.459999084472656,1904.5999755859373,73.6812973022461,3453.489990234375,22.63999938964844,11896.4501953125,28.11000061035156
2020-10-23,41.77000045776367,1905.199951171875,73.72000122070312,3465.389892578125,21.82999992370605,11930.349609375,27.549999237060547
2020-10-26,40.459999084472656,1905.699951171875,73.8228988647461,3400.969970703125,22.82999992370605,11767.75,32.459999084472656
2020-10-27,41.20000076293945,1911.9000244140625,73.94850158691406,3390.679931640625,22.200000762939453,11889.400390625,33.349998474121094
2020-10-28,39.119998931884766,1879.199951171875,73.80500030517578,3271.030029296875,23.280000686645508,11729.599609375,40.27999877929688
2020-10-29,37.650001525878906,1868.0,74.44000244140625,3310.110107421875,24.020000457763672,11670.7998046875,37.59000015258789
2020-10-30,37.459999084472656,1879.9000244140625,74.26399993896484,3269.9599609375,24.75,11642.400390625,38.02000045776367
2020-11-02,38.970001220703125,1892.5,74.55049896240234,3310.239990234375,25.209999084472656,11669.150390625,37.130001068115234
2020-11-03,39.709999084472656,1910.4000244140625,74.45680236816406,3369.159912109375,24.239999771118164,11813.5,35.54999923706055
2020-11-04,41.22999954223633,1896.199951171875,74.65560150146484,3443.43994140625,23.200000762939453,11908.5,29.56999969482422
2020-11-05,40.93000030517578,1946.800048828125,74.37999725341797,3510.449951171875,20.96999931335449,12120.2998046875,27.57999992370605
2020-11-06,39.45000076293945,1951.699951171875,74.12000274658203,3509.43994140625,20.5,12263.5498046875,24.86000061035156
2020-11-09,42.400001525878906,1854.4000244140625,73.97979736328125,3550.5,20.11000061035156,12461.0498046875,25.75
2020-11-10,43.61000061035156,1876.4000244140625,73.95320129394531,3545.530029296875,21.57999992370605,12631.099609375,24.799999237060547
2020-11-11,43.79999923706055,1861.5999755859373,74.28160095214844,3572.659912109375,22.030000686645508,12749.150390625,23.450000762939453
2020-11-12,43.52999877929688,1873.300048828125,74.56999969482422,3537.010009765625,20.6200008392334,12690.7998046875,25.350000381469727
2020-11-13,42.77999877929688,1886.199951171875,74.86499786376953,3585.14990234375,19.700000762939453,12719.9501953125,23.100000381469727
2020-11-17,43.75,1885.0999755859373,74.41809844970703,3609.530029296875,19.799999237060547,12874.2001953125,22.709999084472656
2020-11-18,44.34000015258789,1873.9000244140625,74.47969818115234,3567.7900390625,19.1200008392334,12938.25,23.84000015258789
2020-11-19,44.20000076293945,1861.5,74.41999816894531,3581.8701171875,19.56999969482422,12771.7001953125,23.11000061035156
2020-11-20,44.959999084472656,1872.4000244140625,74.09960174560547,3557.5400390625,19.6200008392334,12859.0498046875,23.700000762939453
2020-11-23,46.060001373291016,1837.800048828125,74.16239929199219,3577.590087890625,20.799999237060547,12926.4501953125,22.65999984741211
2020-11-24,47.86000061035156,1804.5999755859373,74.24490356445312,3635.409912109375,21.059999465942383,13055.150390625,21.63999938964844
2020-11-25,48.61000061035156,1805.5,73.96080017089844,3629.64990234375,23.1299991607666,12858.400390625,21.25
2020-11-26,48.61000061035156,1805.5,73.77989959716797,3629.64990234375,20.020000457763672,12987.0,21.25
2020-11-27,48.18000030517578,1781.9000244140625,74.04879760742188,3638.35009765625,19.81999969482422,12968.9501953125,20.84000015258789
2020-12-01,47.41999816894531,1814.0999755859373,74.02519989013672,3662.449951171875,20.18000030517578,13109.0498046875,20.770000457763672
2020-12-02,48.25,1830.199951171875,73.65499877929688,3669.010009765625,19.90999984741211,13113.75,21.170000076293945
2020-12-03,48.709999084472656,1841.0999755859373,73.66259765625,3666.719970703125,19.0,13133.900390625,21.280000686645508
2020-12-04,49.25,1840.0,73.86489868164062,3699.1201171875,18.030000686645508,13258.5498046875,20.790000915527344
2020-12-07,48.790000915527344,1866.0,73.79029846191406,3691.9599609375,18.020000457763672,13355.75,21.299999237060547
2020-12-08,48.84000015258789,1874.9000244140625,74.0199966430664,3702.25,18.6200008392334,13392.9501953125,20.68000030517578
2020-12-09,48.86000061035156,1838.5,73.72640228271484,3672.820068359375,18.920000076293945,13529.099609375,22.270000457763672
2020-12-10,50.25,1837.4000244140625,73.93499755859375,3668.10009765625,18.709999084472656,13478.2998046875,22.520000457763672
2020-12-11,49.970001220703125,1843.5999755859373,73.72669982910156,3663.4599609375,18.790000915527344,13513.849609375,23.309999465942383
2020-12-14,50.290000915527344,1832.0999755859373,73.73799896240234,3647.489990234375,19.399999618530277,13558.150390625,24.71999931335449
2020-12-15,50.7599983215332,1855.300048828125,73.86000061035156,3694.6201171875,19.350000381469727,13567.849609375,22.88999938964844
2020-12-16,51.08000183105469,1859.0999755859373,73.75980377197266,3701.169921875,19.200000762939453,13682.7001953125,22.5
2020-12-17,51.5,1890.4000244140625,73.6166000366211,3722.47998046875,19.15999984741211,13740.7001953125,21.93000030517578
2020-12-18,52.2599983215332,1888.9000244140625,73.52980041503906,3709.409912109375,18.6200008392334,13760.5498046875,21.56999969482422
2020-12-21,50.90999984741211,1882.800048828125,73.60359954833984,3694.919921875,23.190000534057617,13328.400390625,25.15999984741211
2020-12-22,50.08000183105469,1870.300048828125,73.935302734375,3687.260009765625,21.989999771118164,13466.2998046875,24.229999542236328
2020-12-23,51.20000076293945,1878.0999755859373,74.2699966430664,3690.010009765625,20.5,13601.099609375,23.309999465942383
2020-12-24,51.290000915527344,1883.199951171875,73.83979797363281,3703.06005859375,19.96999931335449,13749.25,21.530000686645508
2020-12-28,50.86000061035156,1880.4000244140625,73.68900299072266,3735.360107421875,20.43000030517578,13873.2001953125,21.700000762939453
2020-12-29,51.09000015258789,1882.9000244140625,73.5448989868164,3727.0400390625,20.790000915527344,13932.599609375,23.07999992370605
2020-12-30,51.34000015258789,1893.4000244140625,73.45359802246094,3732.0400390625,21.11000061035156,13981.9501953125,22.770000457763672
2020-12-31,51.79999923706055,1895.0999755859373,73.13400268554688,3756.070068359375,21.100000381469727,13981.75,22.75
2021-01-01,51.79999923706055,1895.0999755859373,73.08920288085938,3756.070068359375,21.100000381469727,14018.5,22.75
2021-01-04,51.09000015258789,1946.5999755859373,73.09200286865234,3700.64990234375,20.030000686645508,14132.900390625,26.96999931335449
2021-01-05,53.59999847412109,1954.4000244140625,73.31999969482422,3726.860107421875,20.459999084472656,14199.5,25.34000015258789
2021-01-06,54.29999923706055,1908.5999755859373,73.37480163574219,3748.139892578125,21.0,14146.25,25.06999969482422
2021-01-07,54.380001068115234,1913.5999755859373,73.36000061035156,3803.7900390625,20.6200008392334,14137.349609375,22.3700008392334
2021-01-08,55.9900016784668,1835.4000244140625,73.44599914550781,3824.679931640625,20.63999938964844,14347.25,21.559999465942383
2021-01-11,55.65999984741211,1850.800048828125,73.37339782714844,3799.610107421875,22.3799991607666,14484.75,24.07999992370605
2021-01-12,56.58000183105469,1844.199951171875,73.51349639892578,3801.18994140625,22.850000381469727,14563.4501953125,23.32999992370605
2021-01-13,56.060001373291016,1854.9000244140625,73.16500091552734,3809.840087890625,23.290000915527344,14564.849609375,22.209999084472656
2021-01-14,56.41999816894531,1851.4000244140625,73.1698989868164,3795.5400390625,23.030000686645508,14595.599609375,23.25
2021-01-15,55.09999847412109,1829.9000244140625,73.08760070800781,3768.25,24.01000022888184,14433.7001953125,24.34000015258789
2021-01-18,55.09999847412109,1829.9000244140625,73.15899658203125,3768.25,24.399999618530277,14281.2998046875,24.34000015258789
2021-01-19,55.900001525878906,1840.199951171875,73.1886978149414,3798.909912109375,22.899999618530277,14521.150390625,23.239999771118164
2021-01-20,56.08000183105469,1866.5,73.19190216064453,3851.85009765625,21.549999237060547,14644.7001953125,21.57999992370605
2021-01-21,56.09999847412109,1865.9000244140625,72.91089630126953,3853.070068359375,22.18000030517578,14590.349609375,21.31999969482422
2021-01-22,55.40999984741211,1856.199951171875,72.95490264892578,3841.469970703125,22.18000030517578,14371.900390625,21.90999984741211
2021-01-25,55.880001068115234,1855.199951171875,72.99590301513672,3855.360107421875,23.25,14238.900390625,23.190000534057617
2021-01-27,55.810001373291016,1844.9000244140625,72.91999816894531,3750.77001953125,24.38999938964844,13967.5,37.209999084472656
2021-01-28,55.52999877929688,1837.9000244140625,73.03710174560547,3787.3798828125,24.290000915527344,13817.5498046875,30.209999084472656
2021-01-29,55.880001068115234,1847.300048828125,72.93879699707031,3714.239990234375,25.34000015258789,13634.599609375,33.09000015258789
2021-02-01,56.34999847412109,1863.9000244140625,72.90660095214844,3773.860107421875,23.31999969482422,14281.2001953125,30.239999771118164
2021-02-02,57.459999084472656,1833.4000244140625,73.11979675292969,3826.31005859375,23.350000381469727,14647.849609375,25.559999465942383
2021-02-03,58.459999084472656,1835.0999755859373,72.91629791259766,3830.169921875,23.75,14789.9501953125,22.90999984741211
2021-02-04,58.84000015258789,1791.199951171875,72.85800170898438,3871.739990234375,23.1200008392334,14895.650390625,21.770000457763672
2021-02-05,59.34000015258789,1813.0,72.9457015991211,3886.830078125,23.420000076293945,14924.25,20.8700008392334
2021-02-08,60.560001373291016,1834.199951171875,72.78479766845703,3915.590087890625,23.959999084472656,15115.7998046875,21.239999771118164
2021-02-09,61.09000015258789,1837.5,72.92990112304688,3911.22998046875,24.270000457763672,15109.2998046875,21.6299991607666
2021-02-10,61.470001220703125,1842.699951171875,72.85489654541016,3909.8798828125,23.950000762939453,15106.5,21.989999771118164
2021-02-11,61.13999938964844,1826.800048828125,72.80729675292969,3916.3798828125,23.049999237060547,15173.2998046875,21.25
2021-02-12,62.43000030517578,1823.199951171875,72.70950317382812,3934.830078125,22.040000915527344,15163.2998046875,19.96999931335449
2021-02-15,62.43000030517578,1823.199951171875,72.59480285644531,3934.830078125,22.040000915527344,15314.7001953125,19.96999931335449
2021-02-16,63.34999847412109,1799.0,72.63870239257812,3932.590087890625,21.780000686645508,15313.4501953125,21.459999084472656
2021-02-17,64.33999633789062,1772.800048828125,72.93499755859375,3931.330078125,21.780000686645508,15208.900390625,21.5
2021-02-18,63.93000030517578,1775.0,72.79730224609375,3913.969970703125,21.540000915527344,15118.9501953125,22.489999771118164
2021-02-19,62.90999984741211,1777.4000244140625,72.60540008544922,3906.7099609375,22.25,14981.75,22.049999237060547
2021-02-22,65.23999786376953,1808.4000244140625,72.5530014038086,3876.5,25.46999931335449,14675.7001953125,23.450000762939453
2021-02-23,65.37000274658203,1805.9000244140625,72.44400024414062,3881.3701171875,25.229999542236328,14707.7998046875,23.11000061035156
2021-02-24,67.04000091552734,1797.9000244140625,72.37699890136719,3925.429931640625,24.170000076293945,14982.0,21.34000015258789
2021-02-25,66.87999725341797,1775.4000244140625,72.4000015258789,3829.340087890625,22.88999938964844,15097.349609375,28.88999938964844
2021-02-26,66.12999725341797,1728.800048828125,73.1509017944336,3811.14990234375,28.13999938964844,14529.150390625,27.950000762939453
2021-03-01,63.68999862670898,1723.0,73.59590148925781,3901.820068359375,25.6299991607666,14761.5498046875,23.350000381469727
2021-03-02,62.70000076293945,1733.5999755859375,73.30940246582031,3870.2900390625,23.61000061035156,14919.099609375,24.100000381469727
2021-03-03,64.06999969482422,1715.800048828125,73.27749633789062,3819.719970703125,22.09000015258789,15245.599609375,26.670000076293945
2021-03-04,66.73999786376953,1700.699951171875,72.88069915771484,3768.469970703125,24.149999618530277,15080.75,28.56999969482422
2021-03-05,69.36000061035156,1698.5,73.13179779052734,3841.93994140625,25.559999465942383,14938.099609375,24.65999984741211
2021-03-08,68.23999786376953,1678.0,73.1333999633789,3821.35009765625,24.68000030517578,14956.2001953125,25.46999931335449
2021-03-09,67.5199966430664,1716.9000244140625,73.33000183105469,3875.43994140625,22.5,15098.400390625,24.030000686645508
2021-03-10,67.9000015258789,1721.800048828125,72.7759017944336,3898.81005859375,20.75,15174.7998046875,22.559999465942383
2021-03-12,69.22000122070312,1719.800048828125,72.63899993896484,3943.340087890625,21.709999084472656,15030.9501953125,20.690000534057617
2021-03-15,68.87999725341797,1729.199951171875,72.68299865722656,3968.93994140625,21.229999542236328,14929.5,20.030000686645508
2021-03-16,68.38999938964844,1730.9000244140625,72.51529693603516,3962.7099609375,20.190000534057617,14910.4501953125,19.790000915527344
2021-03-17,68.0,1727.0999755859375,72.5156021118164,3974.1201171875,20.15999984741211,14721.2998046875,19.229999542236328
2021-03-18,63.27999877929688,1732.5,72.29560089111328,3915.4599609375,20.07999992370605,14557.849609375,21.57999992370605
2021-03-19,64.52999877929688,1741.699951171875,72.6688003540039,3913.10009765625,19.989999771118164,14744.0,20.950000762939453
2021-03-22,64.62000274658203,1738.0999755859375,72.40499877929688,3940.590087890625,20.489999771118164,14736.400390625,18.8799991607666
2021-03-23,60.790000915527344,1725.0999755859375,72.38050079345703,3910.52001953125,20.670000076293945,14814.75,20.299999237060547
2021-03-24,64.41000366210938,1733.199951171875,72.61219787597656,3889.139892578125,22.459999084472656,14549.400390625,21.200000762939453
2021-03-25,61.95000076293945,1725.0999755859375,72.64559936523438,3909.52001953125,22.700000762939453,14324.900390625,19.809999465942383
2021-03-26,64.56999969482422,1732.300048828125,72.61280059814453,3974.5400390625,20.649999618530277,14507.2998046875,18.86000061035156
2021-03-30,64.13999938964844,1683.9000244140625,72.74189758300781,3958.550048828125,20.489999771118164,14845.099609375,19.61000061035156
2021-03-31,63.540000915527344,1713.800048828125,73.44529724121094,3972.889892578125,20.649999618530277,14690.7001953125,19.399999618530277
2021-04-01,64.86000061035156,1728.4000244140625,73.20349884033203,4019.8701171875,19.989999771118164,14867.349609375,17.329999923706055
2021-04-05,62.150001525878906,1728.800048828125,73.3759994506836,4077.909912109375,21.21999931335449,14637.7998046875,17.90999984741211
2021-04-06,62.7400016784668,1743.0,73.27950286865234,4073.93994140625,20.84000015258789,14683.5,18.1200008392334
2021-04-07,63.15999984741211,1741.5999755859375,73.48999786376953,4079.949951171875,20.25,14819.0498046875,17.15999984741211
2021-04-08,63.20000076293945,1758.199951171875,74.40149688720703,4097.169921875,20.309999465942383,14873.7998046875,16.950000762939453
2021-04-09,62.95000076293945,1744.800048828125,74.54450225830078,4128.7998046875,19.790000915527344,14834.849609375,16.690000534057617
2021-04-12,63.27999877929688,1732.699951171875,74.72949981689453,4127.990234375,23.0,14310.7998046875,16.90999984741211
2021-04-13,63.66999816894531,1747.5999755859375,74.99099731445312,4141.58984375,20.459999084472656,14504.7998046875,16.649999618530273
2021-04-15,66.94000244140625,1766.800048828125,75.0261001586914,4170.419921875,20.88999938964844,14581.4501953125,16.56999969482422
2021-04-16,66.7699966430664,1780.199951171875,74.72740173339844,4185.47021484375,20.399999618530277,14617.849609375,16.25
2021-04-19,67.05000305175781,1770.5999755859375,74.56320190429688,4163.259765625,22.489999771118164,14359.4501953125,17.290000915527344
2021-04-20,66.56999969482422,1778.4000244140625,74.8781967163086,4134.93994140625,22.43000030517578,14296.400390625,18.68000030517578
2021-04-22,65.4000015258789,1782.0,75.42949676513672,4134.97998046875,23.030000686645508,14406.150390625,18.709999084472656
2021-04-23,66.11000061035156,1777.800048828125,75.0916976928711,4180.169921875,22.690000534057617,14341.349609375,17.329999923706055
2021-04-26,65.6500015258789,1780.0999755859375,74.86810302734375,4187.6201171875,23.5,14485.0,17.639999389648438
2021-04-27,66.41999816894531,1778.800048828125,74.81490325927734,4186.72021484375,23.07999992370605,14653.0498046875,17.559999465942383
2021-04-28,67.2699966430664,1773.9000244140625,74.57499694824219,4183.18017578125,22.57999992370605,14864.5498046875,17.280000686645508
2021-04-29,68.55999755859375,1768.300048828125,74.31179809570312,4211.47021484375,23.309999465942383,14894.900390625,17.610000610351562
2021-04-30,67.25,1767.699951171875,74.10579681396484,4181.169921875,23.030000686645508,14631.099609375,18.61000061035156
2021-05-03,67.55999755859375,1791.800048828125,74.09480285644531,4192.66015625,23.690000534057617,14634.150390625,18.309999465942383
2021-05-04,68.87999725341797,1776.0,73.8375015258789,4164.66015625,23.01000022888184,14496.5,19.479999542236328
2021-05-05,68.95999908447266,1784.300048828125,73.77890014648438,4167.58984375,23.01000022888184,14617.849609375,19.149999618530277
2021-05-06,68.08999633789062,1815.699951171875,73.79940032958984,4201.6201171875,22.040000915527344,14724.7998046875,18.38999938964844
2021-05-07,68.27999877929688,1831.300048828125,73.61519622802734,4232.60009765625,20.81999969482422,14823.150390625,16.690000534057617
2021-05-10,68.31999969482422,1837.5999755859373,73.29029846191406,4188.43017578125,20.229999542236328,14942.349609375,19.65999984741211
2021-05-11,68.55000305175781,1836.0999755859373,73.5,4152.10009765625,20.229999542236328,14850.75,21.84000015258789
2021-05-12,69.31999969482422,1822.800048828125,73.3750991821289,4063.0400390625,20.07999992370605,14696.5,27.59000015258789
2021-05-14,68.70999908447266,1838.0999755859373,73.44490051269531,4173.85009765625,20.270000457763672,14677.7998046875,18.809999465942383
2021-05-17,69.45999908447266,1867.5999755859373,73.27890014648438,4163.2900390625,19.61000061035156,14923.150390625,19.71999931335449
2021-05-18,68.70999908447266,1868.0,73.26969909667969,4127.830078125,19.239999771118164,15108.099609375,21.34000015258789
2021-05-19,66.66000366210938,1881.5,73.1281967163086,4115.68017578125,19.31999969482422,15030.150390625,22.18000030517578
2021-05-20,65.11000061035156,1881.9000244140625,73.222900390625,4159.1201171875,19.31999969482422,14906.0498046875,20.670000076293945
2021-05-21,66.44000244140625,1876.699951171875,73.02189636230469,4155.85986328125,19.07999992370605,15175.2998046875,20.149999618530277
2021-05-24,68.45999908447266,1884.5,72.90979766845703,4197.0498046875,19.1299991607666,15197.7001953125,18.399999618530277
2021-05-25,68.6500015258789,1898.0,72.83660125732422,4188.1298828125,19.1299991607666,15208.4501953125,18.84000015258789
2021-05-26,68.87000274658203,1901.199951171875,72.80490112304688,4195.990234375,20.8700008392334,15301.4501953125,17.360000610351562
2021-05-27,69.45999908447266,1895.699951171875,72.67250061035156,4200.8798828125,19.90999984741211,15337.849609375,16.739999771118164
2021-05-28,69.62999725341797,1902.5,72.68299865722656,4204.10986328125,17.399999618530273,15435.650390625,16.760000228881836
2021-05-31,69.62999725341797,1902.5,72.39350128173828,4204.10986328125,17.399999618530273,15582.7998046875,16.760000228881836
2021-06-01,70.25,1905.0,72.48719787597656,4202.0400390625,17.389999389648438,15574.849609375,17.899999618530273
2021-06-02,71.3499984741211,1909.9000244140625,72.8550033569336,4208.1201171875,17.209999084472656,15576.2001953125,17.479999542236328
2021-06-03,71.30999755859375,1873.300048828125,72.96510314941406,4192.85009765625,15.75,15690.349609375,18.040000915527344
2021-06-04,71.88999938964844,1892.0,73.04419708251953,4229.89013671875,15.9399995803833,15670.25,16.420000076293945
2021-06-07,71.48999786376953,1898.800048828125,72.90969848632812,4226.52001953125,15.56999969482422,15751.650390625,16.420000076293945
2021-06-08,72.22000122070312,1894.4000244140625,72.80940246582031,4227.259765625,15.229999542236328,15740.099609375,17.06999969482422
2021-06-09,72.22000122070312,1895.5,72.97530364990234,4219.5498046875,14.75,15635.349609375,17.889999389648438
2021-06-10,72.5199966430664,1896.4000244140625,72.98529815673828,4239.18017578125,15.0,15737.75,16.100000381469727
2021-06-11,72.69000244140625,1879.5999755859373,73.01229858398438,4247.43994140625,14.100000381469728,15799.349609375,15.649999618530272
2021-06-14,72.86000061035156,1865.9000244140625,73.23159790039062,4255.14990234375,14.720000267028809,15811.849609375,16.389999389648438
2021-06-15,73.98999786376953,1856.4000244140625,73.18080139160156,4246.58984375,14.609999656677246,15869.25,17.020000457763672
2021-06-16,74.38999938964844,1861.4000244140625,73.3447036743164,4223.7001953125,14.869999885559082,15767.5498046875,18.149999618530277
2021-06-17,73.08000183105469,1774.800048828125,73.8240966796875,4221.85986328125,15.289999961853027,15691.400390625,17.75
2021-06-18,73.51000213623047,1769.0,74.25389862060547,4166.4501953125,14.800000190734863,15683.349609375,20.700000762939453
2021-06-21,74.9000015258789,1782.9000244140625,74.1438980102539,4224.7900390625,15.0600004196167,15746.5,17.889999389648438
2021-06-22,74.80999755859375,1777.4000244140625,74.13520050048828,4246.43994140625,14.739999771118164,15772.75,16.65999984741211
2021-06-23,75.19000244140625,1783.4000244140625,74.33219909667969,4241.83984375,15.369999885559082,15686.9501953125,16.31999969482422
2021-06-24,75.55999755859375,1776.699951171875,74.24690246582031,4266.490234375,15.100000381469728,15790.4501953125,15.970000267028809
2021-06-25,76.18000030517578,1777.800048828125,74.19029998779297,4280.7001953125,13.369999885559082,15860.349609375,15.619999885559082
2021-06-28,74.68000030517578,1780.699951171875,74.21299743652344,4290.60986328125,13.399999618530272,15814.7001953125,15.760000228881836
2021-06-29,74.76000213623047,1763.5999755859375,74.285400390625,4291.7998046875,13.0,15748.4501953125,16.020000457763672
2021-06-30,75.12999725341797,1771.5999755859375,74.28759765625,4297.5,13.050000190734863,15721.5,15.829999923706056
2021-07-01,75.83999633789062,1776.800048828125,74.37100219726562,4319.93994140625,12.84000015258789,15680.0,15.479999542236328
2021-07-02,76.16999816894531,1783.300048828125,74.54499816894531,4352.33984375,12.09000015258789,15722.2001953125,15.06999969482422
2021-07-05,76.16999816894531,1783.300048828125,74.48179626464844,4352.33984375,12.09000015258789,15834.349609375,15.06999969482422
2021-07-06,74.52999877929688,1794.199951171875,74.31780242919922,4343.5400390625,12.279999732971191,15818.25,16.440000534057617
2021-07-07,73.43000030517578,1802.0999755859373,74.76290130615234,4358.1298828125,12.210000038146973,15879.650390625,16.200000762939453
2021-07-08,74.12000274658203,1800.199951171875,74.8218994140625,4320.81982421875,13.5600004196167,15727.900390625,19.0
2021-07-09,75.55000305175781,1810.5999755859373,74.72139739990234,4369.5498046875,12.9399995803833,15689.7998046875,16.18000030517578
2021-07-12,75.16000366210938,1805.9000244140625,74.4905014038086,4384.6298828125,12.989999771118164,15692.599609375,16.170000076293945
2021-07-13,76.48999786376953,1809.9000244140625,74.54170227050781,4369.2099609375,12.619999885559082,15812.349609375,17.1200008392334
2021-07-14,74.76000213623047,1825.0,74.65910339355469,4374.2998046875,12.59000015258789,15853.9501953125,16.329999923706055
2021-07-15,73.47000122070312,1829.0,74.46910095214844,4360.02978515625,12.270000457763672,15924.2001953125,17.010000228881836
2021-07-16,73.58999633789062,1815.0,74.53700256347656,4327.16015625,11.710000038146973,15923.400390625,18.450000762939453
2021-07-19,68.62000274658203,1809.199951171875,74.63179779052734,4258.490234375,12.68000030517578,15752.400390625,22.5
2021-07-20,69.3499984741211,1811.4000244140625,74.99340057373047,4323.06005859375,13.210000038146973,15632.099609375,19.729999542236328
2021-07-22,73.79000091552734,1805.4000244140625,74.44020080566406,4367.47998046875,11.890000343322754,15824.0498046875,17.690000534057617
2021-07-23,74.0999984741211,1801.800048828125,74.4520034790039,4411.7900390625,11.760000228881836,15856.0498046875,17.200000762939453
2021-07-26,74.5,1799.199951171875,74.44889831542969,4422.2998046875,12.449999809265137,15824.4501953125,17.579999923706055
2021-07-27,74.4800033569336,1799.800048828125,74.28949737548828,4401.4599609375,13.229999542236328,15746.4501953125,19.36000061035156
2021-07-28,74.73999786376953,1799.699951171875,74.5022964477539,4400.64013671875,13.6899995803833,15709.400390625,18.309999465942383
2021-07-29,76.05000305175781,1831.199951171875,74.38999938964844,4419.14990234375,12.949999809265137,15778.4501953125,17.700000762939453
2021-07-30,76.33000183105469,1812.5999755859373,74.25199890136719,4395.259765625,12.800000190734863,15763.0498046875,18.239999771118164
2021-08-02,72.88999938964844,1822.199951171875,74.37909698486328,4387.16015625,12.8100004196167,15885.150390625,19.459999084472656
2021-08-03,72.41000366210938,1814.0999755859373,74.33200073242188,4423.14990234375,13.75,16130.75,18.040000915527344
2021-08-04,70.37999725341797,1814.5,74.21440124511719,4402.66015625,13.210000038146973,16258.7998046875,17.969999313354492
2021-08-05,71.29000091552734,1808.9000244140625,74.18399810791016,4429.10009765625,12.869999885559082,16294.599609375,17.280000686645508
2021-08-06,70.69999694824219,1763.0999755859375,74.08200073242188,4436.52001953125,12.609999656677246,16238.2001953125,16.149999618530273
2021-08-09,69.04000091552734,1726.5,74.49140167236328,4432.35009765625,12.609999656677246,16258.25,16.719999313354492
2021-08-10,70.62999725341797,1731.699951171875,74.46620178222656,4436.75,12.710000038146973,16280.099609375,16.790000915527344
2021-08-11,71.44000244140625,1753.300048828125,74.43550109863281,4442.41015625,12.710000038146973,16282.25,16.170000076293945
2021-08-12,71.30999755859375,1751.800048828125,74.10299682617188,4460.830078125,12.369999885559082,16364.400390625,15.59000015258789
2021-08-13,70.58999633789062,1778.199951171875,74.26010131835938,4468.0,12.989999771118164,16529.099609375,15.449999809265137
2021-08-16,69.51000213623047,1789.800048828125,74.216796875,4479.7099609375,13.460000038146973,16563.05078125,16.1200008392334
2021-08-17,69.02999877929688,1787.800048828125,74.13500213623047,4448.080078125,13.40999984741211,16614.599609375,17.90999984741211
2021-08-18,68.2300033569336,1784.4000244140625,74.364501953125,4400.27001953125,12.90999984741211,16568.849609375,21.56999969482422
2021-08-20,65.18000030517578,1784.0,74.4292984008789,4441.669921875,14.020000457763672,16450.5,18.559999465942383
2021-08-23,68.75,1806.300048828125,74.30149841308594,4479.52978515625,13.6899995803833,16496.44921875,17.149999618530273
2021-08-24,71.05000305175781,1808.5,74.10590362548828,4486.22998046875,13.1899995803833,16624.599609375,17.219999313354492
2021-08-25,72.25,1791.0,74.1447982788086,4496.18994140625,13.5,16634.650390625,16.790000915527344
2021-08-26,71.06999969482422,1795.199951171875,74.0999984741211,4470.0,13.539999961853027,16636.900390625,18.84000015258789
2021-08-27,72.69999694824219,1819.5,74.15599822998047,4509.3701171875,13.40999984741211,16705.19921875,16.389999389648438
2021-08-30,73.41000366210938,1812.199951171875,73.49659729003906,4528.7900390625,13.31999969482422,16931.05078125,16.190000534057617
2021-08-31,72.98999786376953,1818.0999755859373,73.41120147705078,4522.68017578125,14.520000457763672,17132.19921875,16.479999542236328
2021-09-01,71.58999633789062,1816.0,72.99669647216797,4524.08984375,14.1899995803833,17076.25,16.110000610351562
2021-09-02,73.02999877929688,1811.5,72.98509979248047,4536.9501953125,14.239999771118164,17234.150390625,16.40999984741211
2021-09-03,72.61000061035156,1833.699951171875,73.0542984008789,4535.43017578125,14.539999961853027,17323.599609375,16.40999984741211
2021-09-06,72.61000061035156,1833.699951171875,72.99449920654297,4535.43017578125,15.109999656677246,17377.80078125,16.40999984741211
2021-09-07,71.69000244140625,1798.5,73.11000061035156,4520.02978515625,14.899999618530272,17362.099609375,18.13999938964844
2021-09-08,72.5999984741211,1793.5,73.3904037475586,4514.06982421875,14.40999984741211,17353.5,17.959999084472656
2021-09-09,71.44999694824219,1800.0,73.78900146484375,4493.27978515625,13.9399995803833,17369.25,18.799999237060547
2021-09-13,73.51000213623047,1794.4000244140625,73.52429962158203,4468.72998046875,14.029999732971191,17355.30078125,19.3700008392334
2021-09-14,73.5999984741211,1807.0999755859373,73.54080200195312,4443.0498046875,13.579999923706056,17380.0,19.459999084472656
2021-09-15,75.45999908447266,1794.800048828125,73.65080261230469,4480.7001953125,13.729999542236328,17519.44921875,18.18000030517578
2021-09-16,75.66999816894531,1756.699951171875,73.43800354003906,4473.75,14.40999984741211,17629.5,18.690000534057617
2021-09-17,75.33999633789062,1751.4000244140625,73.56490325927734,4432.990234375,15.229999542236328,17585.150390625,20.809999465942383
2021-09-20,73.91999816894531,1763.800048828125,73.69609832763672,4357.72998046875,17.489999771118164,17396.900390625,25.709999084472656
2021-09-21,74.36000061035156,1778.199951171875,73.65899658203125,4354.18994140625,16.520000457763672,17562.0,24.36000061035156
2021-09-22,76.19000244140625,1778.800048828125,73.7927017211914,4395.64013671875,16.489999771118164,17546.650390625,20.8700008392334
2021-09-23,77.25,1749.800048828125,73.8749008178711,4448.97998046875,16.600000381469727,17822.94921875,18.6299991607666
2021-09-24,78.08999633789062,1751.699951171875,73.83999633789062,4455.47998046875,16.920000076293945,17853.19921875,17.75
2021-09-27,79.52999877929688,1752.0,73.81289672851562,4443.10986328125,18.049999237060547,17855.099609375,18.76000022888184
2021-09-28,79.08999633789062,1737.5,73.82530212402344,4352.6298828125,18.540000915527344,17748.599609375,23.25
2021-09-29,78.63999938964844,1722.9000244140625,74.16329956054688,4359.4599609375,18.84000015258789,17711.30078125,22.559999465942383
2021-09-30,78.5199966430664,1757.0,74.3219985961914,4307.5400390625,18.399999618530277,17618.150390625,23.13999938964844
2021-10-01,79.27999877929688,1758.4000244140625,74.25440216064453,4357.0400390625,17.209999084472656,17532.05078125,21.100000381469727
2021-10-04,81.26000213623047,1767.5999755859375,74.152099609375,4300.4599609375,16.739999771118164,17691.25,22.959999084472656
2021-10-05,82.55999755859375,1760.9000244140625,74.57279968261719,4345.72021484375,16.399999618530273,17822.30078125,21.299999237060547
2021-10-06,81.08000183105469,1761.800048828125,74.56320190429688,4363.5498046875,17.329999923706055,17646.0,21.0
2021-10-07,81.94999694824219,1759.199951171875,74.76000213623047,4399.759765625,16.15999984741211,17790.349609375,19.540000915527344
2021-10-08,82.38999938964844,1757.4000244140625,74.83000183105469,4391.33984375,15.649999618530272,17895.19921875,18.770000457763672
2021-10-11,83.6500015258789,1755.699951171875,75.30580139160156,4361.18994140625,16.09000015258789,17945.94921875,20.0
2021-10-12,83.41999816894531,1759.300048828125,75.40260314941406,4350.64990234375,15.850000381469728,17991.94921875,19.850000381469727
2021-10-13,83.18000030517578,1794.699951171875,75.48390197753906,4363.7998046875,16.100000381469727,18161.75,18.63999938964844
2021-10-14,84.0,1797.9000244140625,75.3062973022461,4438.259765625,15.770000457763672,18338.55078125,16.860000610351562
2021-10-18,84.33000183105469,1765.699951171875,75.00589752197266,4486.4599609375,17.18000030517578,18477.05078125,16.309999465942383
2021-10-19,85.08000183105469,1770.5,75.2354965209961,4519.6298828125,17.3799991607666,18418.75,15.699999809265137
2021-10-20,85.81999969482422,1784.9000244140625,75.12010192871094,4536.18994140625,18.309999465942383,18266.599609375,15.489999771118164
2021-10-21,84.61000061035156,1781.9000244140625,74.80919647216797,4549.77978515625,18.040000915527344,18178.099609375,15.010000228881836
2021-10-22,85.52999877929688,1796.300048828125,74.86540222167969,4544.89990234375,17.549999237060547,18114.900390625,15.43000030517578
2021-10-25,85.98999786376953,1806.800048828125,74.99369812011719,4566.47998046875,17.610000610351562,18125.400390625,15.239999771118164
2021-10-26,86.4000015258789,1793.4000244140625,75.08989715576172,4574.7900390625,16.75,18268.400390625,15.979999542236328
2021-10-27,84.58000183105469,1798.800048828125,74.88890075683594,4551.68017578125,16.829999923706055,18210.94921875,16.979999542236328
2021-10-28,84.31999969482422,1802.5999755859373,75.05000305175781,4596.419921875,17.90999984741211,17857.25,16.530000686645508
2021-10-29,84.37999725341797,1783.9000244140625,74.79720306396484,4605.3798828125,17.43000030517578,17671.650390625,16.260000228881836
2021-11-01,84.70999908447266,1795.800048828125,74.92829895019531,4613.669921875,17.239999771118164,17929.650390625,16.40999984741211
2021-11-02,84.72000122070312,1789.4000244140625,74.82990264892578,4630.64990234375,17.059999465942383,17888.94921875,16.030000686645508
2021-11-03,81.98999786376953,1763.9000244140625,74.71199798583984,4660.56982421875,16.1299991607666,17829.19921875,15.100000381469728
2021-11-04,80.54000091552734,1793.5,74.43550109863281,4680.06005859375,15.75,17916.80078125,15.4399995803833
2021-11-08,83.43000030517578,1828.0,74.19110107421875,4701.7001953125,16.34000015258789,18068.55078125,17.219999313354492
2021-11-09,84.77999877929688,1830.800048828125,73.91850280761719,4685.25,16.0,18044.25,17.780000686645508
2021-11-10,82.63999938964844,1848.300048828125,74.17479705810547,4646.7099609375,16.309999465942383,18017.19921875,18.729999542236328
2021-11-11,82.87000274658203,1863.9000244140625,74.40489959716797,4649.27001953125,16.350000381469727,17873.599609375,17.65999984741211
2021-11-12,82.16999816894531,1868.5,74.32209777832031,4682.85009765625,15.220000267028809,18102.75,16.290000915527344
2021-11-15,82.05000305175781,1866.5999755859373,74.33999633789062,4682.7998046875,15.470000267028809,18109.44921875,16.489999771118164
2021-11-16,82.43000030517578,1854.0999755859373,74.43509674072266,4700.89990234375,15.199999809265137,17999.19921875,16.3700008392334
2021-11-17,80.27999877929688,1870.199951171875,74.45860290527344,4688.669921875,14.979999542236328,17898.650390625,17.110000610351562
2021-11-18,81.23999786376953,1861.4000244140625,74.25980377197266,4704.5400390625,14.859999656677246,17764.80078125,17.59000015258789
2021-11-22,79.69999694824219,1806.300048828125,74.30259704589844,4682.93994140625,17.520000457763672,17416.55078125,19.170000076293945
2021-11-23,82.30999755859375,1783.800048828125,74.42980194091797,4690.7001953125,18.020000457763672,17503.349609375,19.3799991607666
2021-11-24,82.25,1784.300048828125,74.4469985961914,4701.4599609375,17.100000381469727,17415.05078125,18.57999992370605
2021-11-25,82.25,1784.300048828125,74.625,4701.4599609375,16.65999984741211,17536.25,18.57999992370605
2021-11-26,72.72000122070312,1785.5,74.50579833984375,4594.6201171875,20.799999237060547,17026.44921875,28.6200008392334
2021-11-29,73.44000244140625,1782.300048828125,74.98159790039062,4655.27001953125,20.82999992370605,17053.94921875,22.959999084472656
2021-11-30,70.56999969482422,1773.5999755859375,75.05490112304688,4567.0,21.170000076293945,16983.19921875,27.190000534057617
2021-12-01,68.87000274658203,1784.300048828125,75.0509033203125,4513.0400390625,19.450000762939453,17166.900390625,31.1200008392334
2021-12-02,69.66999816894531,1762.699951171875,75.01789855957031,4577.10009765625,18.09000015258789,17401.650390625,27.950000762939453
2021-12-03,69.87999725341797,1783.9000244140625,74.9834976196289,4538.43017578125,18.450000762939453,17196.69921875,30.670000076293945
2021-12-06,73.08000183105469,1779.5,75.23400115966797,4591.669921875,20.07999992370605,16912.25,27.18000030517578
2021-12-07,75.44000244140625,1784.699951171875,75.39129638671875,4686.75,18.459999084472656,17176.69921875,21.88999938964844
2021-12-08,75.81999969482422,1785.5,75.40859985351562,4701.2099609375,17.270000457763672,17469.75,19.899999618530277
2021-12-09,74.41999816894531,1776.699951171875,75.38330078125,4667.4501953125,16.600000381469727,17516.849609375,21.57999992370605
2021-12-10,75.1500015258789,1784.800048828125,75.59919738769531,4712.02001953125,16.059999465942383,17511.30078125,18.690000534057617
2021-12-13,74.38999938964844,1788.300048828125,75.70999908447266,4668.97021484375,16.56999969482422,17368.25,20.309999465942383
2021-12-14,73.69999694824219,1772.300048828125,75.82689666748047,4634.08984375,16.950000762939453,17324.900390625,21.88999938964844
2021-12-15,73.87999725341797,1764.5,76.04720306396484,4709.85009765625,17.219999313354492,17221.400390625,19.290000915527344
2021-12-16,75.0199966430664,1798.199951171875,76.2114028930664,4668.669921875,15.899999618530272,17248.400390625,20.56999969482422
2021-12-17,73.5199966430664,1804.9000244140625,76.1675033569336,4620.64013671875,16.34000015258789,16985.19921875,21.56999969482422
2021-12-20,71.5199966430664,1794.5999755859375,76.00599670410156,4568.02001953125,18.96999931335449,16614.19921875,22.8700008392334
2021-12-21,73.9800033569336,1788.699951171875,75.75869750976562,4649.22998046875,17.540000915527344,16770.849609375,21.01000022888184
2021-12-22,75.29000091552734,1802.199951171875,75.6864013671875,4696.56005859375,16.579999923706055,16955.44921875,18.6299991607666
2021-12-23,76.8499984741211,1811.699951171875,75.45850372314453,4725.7900390625,15.829999923706056,17072.599609375,17.959999084472656
2021-12-24,76.8499984741211,1811.699951171875,75.06739807128906,4725.7900390625,16.149999618530273,17003.75,17.959999084472656
2021-12-27,78.5999984741211,1808.800048828125,75.31500244140625,4791.18994140625,17.1200008392334,17086.25,17.68000030517578
2021-12-28,78.94000244140625,1810.9000244140625,74.98030090332031,4786.35009765625,16.479999542236328,17233.25,17.540000915527344
2021-12-29,79.2300033569336,1805.800048828125,74.74500274658203,4793.06005859375,16.239999771118164,17213.599609375,16.950000762939453
2021-12-30,79.31999969482422,1814.0999755859373,74.57029724121094,4778.72998046875,16.56999969482422,17203.94921875,17.329999923706055
2021-12-31,77.77999877929688,1828.5999755859373,74.43119812011719,4766.18017578125,16.219999313354492,17354.05078125,17.219999313354492
2022-01-03,78.9800033569336,1800.0999755859375,74.51380157470703,4796.56005859375,16.450000762939453,17625.69921875,16.600000381469727
2022-01-04,80.0,1814.5999755859373,74.4032974243164,4793.5400390625,16.1200008392334,17805.25,16.90999984741211
2022-01-05,80.80000305175781,1825.0999755859373,74.53489685058594,4700.580078125,17.229999542236328,17925.25,19.729999542236328
2022-01-06,81.98999786376953,1789.199951171875,74.43009948730469,4696.0498046875,17.979999542236328,17745.900390625,19.61000061035156
2022-01-07,81.75,1797.4000244140625,74.41929626464844,4677.02978515625,17.600000381469727,17812.69921875,18.76000022888184
2022-01-10,80.87000274658203,1798.800048828125,74.2699966430664,4670.2900390625,17.68000030517578,18003.30078125,19.399999618530277
2022-01-11,83.72000122070312,1818.5,74.05699920654297,4713.06982421875,17.760000228881836,18055.75,18.40999984741211
2022-01-12,84.66999816894531,1827.300048828125,73.81529998779297,4726.35009765625,17.18000030517578,18212.349609375,17.6200008392334
2022-01-13,84.47000122070312,1821.4000244140625,73.79910278320312,4659.02978515625,16.700000762939453,18257.80078125,20.309999465942383
2022-01-14,86.05999755859375,1816.5,73.97229766845703,4662.85009765625,16.559999465942383,18255.75,19.190000534057617
2022-01-17,86.05999755859375,1816.5,74.37899780273438,4662.85009765625,16.770000457763672,18308.099609375,19.190000534057617
2022-01-18,87.51000213623047,1812.4000244140625,74.25509643554688,4577.10986328125,17.780000686645508,18113.05078125,22.790000915527344
2022-01-19,88.44000244140625,1843.199951171875,74.61969757080078,4532.759765625,17.81999969482422,17938.400390625,23.850000381469727
2022-01-20,88.37999725341797,1842.5999755859373,74.44920349121094,4482.72998046875,17.790000915527344,17757.0,25.59000015258789
2022-01-21,87.88999938964844,1831.800048828125,74.45220184326172,4397.93994140625,18.88999938964844,17617.150390625,28.850000381469727
2022-01-24,86.2699966430664,1841.699951171875,74.41320037841797,4410.1298828125,22.82999992370605,17149.099609375,29.899999618530277
2022-01-25,88.19999694824219,1852.5,74.6447982788086,4356.4501953125,21.36000061035156,17277.94921875,31.15999984741211
2022-01-27,89.33999633789062,1793.0999755859375,74.8949966430664,4326.509765625,21.06999969482422,17110.150390625,30.489999771118164
2022-01-28,90.02999877929688,1784.9000244140625,75.20929718017578,4431.85009765625,20.700000762939453,17101.94921875,27.65999984741211
2022-01-31,91.20999908447266,1795.0,75.03900146484375,4515.5498046875,21.950000762939453,17339.849609375,24.82999992370605
2022-02-01,89.16000366210938,1801.5,74.55580139160156,4546.5400390625,19.979999542236328,17576.849609375,21.959999084472656
2022-02-02,89.47000122070312,1810.300048828125,74.74549865722656,4589.3798828125,18.649999618530277,17780.0,22.09000015258789
2022-02-03,91.11000061035156,1804.0999755859373,74.82240295410156,4477.43994140625,19.15999984741211,17560.19921875,24.350000381469727
2022-02-04,93.2699966430664,1807.800048828125,74.6438980102539,4500.52978515625,18.899999618530277,17516.30078125,23.21999931335449
2022-02-07,92.69000244140624,1821.800048828125,74.64219665527344,4483.8701171875,20.440000534057617,17213.599609375,22.86000061035156
2022-02-08,90.77999877929688,1827.9000244140625,74.6583023071289,4521.5400390625,19.68000030517578,17266.75,21.440000534057617
2022-02-09,91.5500030517578,1836.5999755859373,74.69519805908203,4587.18017578125,18.559999465942383,17463.80078125,19.959999084472656
2022-02-10,91.41000366210938,1837.4000244140625,74.80889892578125,4504.080078125,17.709999084472656,17605.849609375,23.90999984741211
2022-02-11,94.44000244140624,1842.0999755859373,75.53839874267578,4418.64013671875,18.68000030517578,17374.75,27.36000061035156
2022-02-14,96.4800033569336,1869.4000244140625,75.34100341796875,4401.669921875,22.979999542236328,16842.80078125,28.32999992370605
2022-02-15,93.27999877929688,1856.199951171875,75.6854019165039,4471.06982421875,20.61000061035156,17352.44921875,25.700000762939453
2022-02-16,94.80999755859376,1871.5,75.17479705810547,4475.009765625,20.59000015258789,17322.19921875,24.290000915527344
2022-02-17,92.97000122070312,1902.0,75.04199981689453,4380.259765625,22.01000022888184,17304.599609375,28.11000061035156
2022-02-18,93.54000091552734,1899.800048828125,75.06300354003906,4348.8701171875,22.170000076293945,17276.30078125,27.75
2022-02-21,93.54000091552734,1899.800048828125,74.68240356445312,4348.8701171875,22.899999618530277,17206.650390625,27.75
2022-02-22,96.83999633789062,1907.4000244140625,74.51699829101562,4304.759765625,26.65999984741211,17092.19921875,28.809999465942383
2022-02-23,96.83999633789062,1910.4000244140625,74.62300109863281,4225.5,24.540000915527344,17063.25,31.020000457763672
2022-02-24,99.08000183105467,1926.300048828125,74.63300323486328,4288.7001953125,31.979999542236328,16247.9501953125,30.31999969482422
2022-02-25,97.93000030517578,1887.5999755859373,75.4083023071289,4384.64990234375,26.739999771118164,16658.400390625,27.59000015258789
2022-02-28,100.98999786376952,1900.699951171875,75.06800079345703,4373.93994140625,28.56999969482422,16793.900390625,30.149999618530277
2022-03-02,112.93000030517578,1922.300048828125,75.80120086669922,4386.5400390625,29.229999542236328,16605.94921875,30.739999771118164
2022-03-03,110.45999908447266,1935.9000244140625,75.63099670410156,4363.490234375,28.15999984741211,16498.05078125,30.479999542236328
2022-03-04,118.11000061035156,1966.5999755859373,75.8917007446289,4328.8701171875,27.959999084472656,16245.349609375,31.979999542236328
2022-03-07,123.20999908447266,1995.9000244140625,76.41799926757812,4201.08984375,29.32999992370605,15863.150390625,36.45000076293945
2022-03-08,127.9800033569336,2043.300048828125,77.08080291748047,4170.7001953125,28.59000015258789,16013.4501953125,35.130001068115234
2022-03-09,111.13999938964844,1988.199951171875,76.91449737548828,4277.8798828125,27.46999931335449,16345.349609375,32.45000076293945
2022-03-10,109.33000183105467,2000.4000244140625,76.13490295410156,4259.52001953125,25.57999992370605,16594.900390625,30.229999542236328
2022-03-11,112.66999816894533,1985.0,76.310302734375,4204.31005859375,25.350000381469727,16630.44921875,30.75
2022-03-14,106.9000015258789,1960.800048828125,76.75370025634766,4173.10986328125,25.68000030517578,16871.30078125,31.770000457763672
2022-03-15,99.91000366210938,1929.699951171875,76.49009704589844,4262.4501953125,26.729999542236328,16663.0,29.82999992370605
2022-03-16,98.0199966430664,1909.199951171875,76.26589965820312,4357.85986328125,24.1200008392334,16975.349609375,26.670000076293945
2022-03-17,106.63999938964844,1943.199951171875,76.02420043945312,4411.669921875,22.61000061035156,17287.05078125,25.670000076293945
2022-03-21,115.62000274658205,1929.5,75.94640350341797,4461.18017578125,24.6200008392334,17117.599609375,23.530000686645508
2022-03-22,115.4800033569336,1921.5,76.30709838867188,4511.60986328125,24.06999969482422,17315.5,22.940000534057617
2022-03-23,121.5999984741211,1937.300048828125,76.10189819335938,4456.240234375,24.75,17245.650390625,23.56999969482422
2022-03-24,119.02999877929688,1962.199951171875,76.55239868164062,4520.16015625,23.93000030517578,17222.75,21.670000076293945
2022-03-25,120.6500015258789,1954.199951171875,76.32350158691406,4543.06005859375,23.43000030517578,17153.0,20.809999465942383
2022-03-28,112.4800033569336,1939.800048828125,76.27850341796875,4575.52001953125,22.61000061035156,17222.0,19.6299991607666
2022-03-29,110.2300033569336,1912.199951171875,76.03410339355469,4631.60009765625,21.299999237060547,17325.30078125,18.899999618530277
2022-03-30,113.4499969482422,1933.5,75.66670227050781,4602.4501953125,20.61000061035156,17498.25,19.32999992370605
2022-03-31,107.91000366210938,1949.199951171875,75.82779693603516,4530.41015625,20.559999465942383,17464.75,20.559999465942383
2022-04-01,104.38999938964844,1923.699951171875,75.9092025756836,4545.85986328125,18.43000030517578,17670.44921875,19.6299991607666
2022-04-04,107.52999877929688,1934.0,75.99479675292969,4582.64013671875,17.90999984741211,18053.400390625,18.56999969482422
2022-04-05,106.63999938964844,1927.5,75.47799682617188,4525.1201171875,18.489999771118164,17957.400390625,21.030000686645508
2022-04-06,101.06999969482422,1923.0999755859373,75.45069885253906,4481.14990234375,19.020000457763672,17807.650390625,22.100000381469727
2022-04-07,100.58000183105467,1937.800048828125,75.94509887695312,4500.2099609375,19.0,17639.55078125,21.549999237060547
2022-04-08,102.77999877929688,1945.5999755859373,75.91320037841797,4488.27978515625,17.690000534057617,17784.349609375,21.15999984741211
2022-04-11,98.4800033569336,1948.199951171875,75.91729736328125,4412.52978515625,18.270000457763672,17674.94921875,24.3700008392334
2022-04-12,104.63999938964844,1976.0999755859373,75.83699798583984,4397.4501953125,18.15999984741211,17530.30078125,24.26000022888184
2022-04-13,108.77999877929688,1984.699951171875,76.1498031616211,4446.58984375,17.790000915527344,17475.650390625,21.81999969482422
2022-04-18,113.16000366210938,1986.4000244140625,76.3313980102539,4391.68994140625,19.34000015258789,17173.650390625,22.170000076293945
2022-04-19,107.25,1959.0,76.28019714355469,4462.2099609375,19.770000457763672,16958.650390625,21.3700008392334
2022-04-20,106.8000030517578,1955.5999755859373,76.44539642333984,4459.4501953125,18.670000076293945,17136.55078125,20.31999969482422
2022-04-21,108.33000183105467,1948.199951171875,76.27619934082031,4393.66015625,17.850000381469727,17392.599609375,22.68000030517578
2022-04-22,106.6500015258789,1934.300048828125,76.28520202636719,4271.77978515625,18.350000381469727,17171.94921875,28.209999084472656
2022-04-25,102.31999969482422,1896.0,76.4635009765625,4296.1201171875,21.26000022888184,16953.94921875,27.020000457763672
2022-04-26,104.98999786376952,1904.0999755859373,76.52780151367188,4175.2001953125,19.190000534057617,17200.80078125,33.52000045776367
2022-04-27,105.31999969482422,1888.699951171875,76.79409790039062,4183.9599609375,20.61000061035156,17038.400390625,31.600000381469727
2022-04-28,107.58999633789062,1891.300048828125,76.47219848632812,4287.5,19.3799991607666,17245.05078125,29.989999771118164
2022-04-29,109.33999633789062,1911.699951171875,76.58899688720703,4131.93017578125,19.420000076293945,17102.55078125,33.400001525878906
2022-05-02,107.58000183105467,1863.5999755859373,76.52310180664062,4155.3798828125,20.280000686645508,17069.099609375,32.34000015258789
2022-05-04,110.13999938964844,1868.800048828125,76.46730041503906,4300.169921875,21.8799991607666,16677.599609375,25.420000076293945
2022-05-05,110.9000015258789,1875.699951171875,76.00160217285156,4146.8701171875,20.290000915527344,16682.650390625,31.200000762939453
2022-05-06,112.38999938964844,1882.800048828125,76.54180145263672,4123.33984375,21.25,16411.25,30.190000534057617
2022-05-09,105.94000244140624,1858.5999755859373,76.9574966430664,3991.239990234375,22.030000686645508,16301.849609375,34.75
2022-05-10,102.45999908447266,1841.0,77.3655014038086,4001.050048828125,22.299999237060547,16240.0498046875,32.9900016784668
2022-05-11,107.51000213623048,1853.699951171875,77.27140045166016,3935.179931640625,22.799999237060547,16167.099609375,32.560001373291016
2022-05-12,107.4499969482422,1824.5999755859373,77.41840362548828,3930.080078125,24.270000457763672,15808.0,31.770000457763672
2022-05-13,111.5500030517578,1808.199951171875,77.44380187988281,4023.889892578125,23.489999771118164,15782.150390625,28.8700008392334
2022-05-16,114.23999786376952,1814.0,77.48629760742188,4008.010009765625,24.530000686645508,15842.2998046875,27.46999931335449
2022-05-17,111.93000030517578,1818.9000244140625,77.8053970336914,4088.85009765625,22.739999771118164,16259.2998046875,26.100000381469727
2022-05-18,109.11000061035156,1815.9000244140625,77.37239837646484,3923.679931640625,22.299999237060547,16240.2998046875,30.959999084472656
2022-05-19,112.04000091552734,1841.199951171875,77.81999969482422,3900.7900390625,24.559999465942383,15809.400390625,29.350000381469727
2022-05-20,112.5500030517578,1842.0999755859373,77.42109680175781,3901.360107421875,23.100000381469727,16266.150390625,29.43000030517578
2022-05-23,113.41999816894533,1847.800048828125,77.81839752197266,3973.75,23.399999618530277,16214.7001953125,28.479999542236328
2022-05-24,113.55999755859376,1865.4000244140625,77.52680206298828,3941.47998046875,25.63999938964844,16125.150390625,29.450000762939453
2022-05-25,114.02999877929688,1846.300048828125,77.47879791259766,3978.72998046875,25.280000686645508,16025.7998046875,28.3700008392334
2022-05-26,117.4000015258789,1847.5999755859373,77.49729919433594,4057.840087890625,22.71999931335449,16170.150390625,27.5
2022-05-27,119.43000030517578,1851.300048828125,77.63020324707031,4158.240234375,21.479999542236328,16352.4501953125,25.71999931335449
2022-05-30,119.43000030517578,1851.300048828125,77.69200134277344,4158.240234375,19.979999542236328,16661.400390625,25.71999931335449
2022-05-31,122.83999633789062,1842.699951171875,77.5208969116211,4132.14990234375,20.479999542236328,16584.55078125,26.190000534057617
2022-06-01,116.29000091552734,1848.699951171875,77.5989990234375,4101.22998046875,20.850000381469727,16522.75,25.690000534057617
2022-06-02,117.61000061035156,1871.4000244140625,77.58409881591797,4176.81982421875,20.31999969482422,16628.0,24.71999931335449
2022-06-03,119.72000122070312,1850.199951171875,77.3604965209961,4108.5400390625,19.979999542236328,16584.30078125,24.790000915527344
2022-06-06,119.51000213623048,1843.699951171875,77.69419860839844,4121.43017578125,20.200000762939453,16569.55078125,25.06999969482422
2022-06-07,120.56999969482422,1852.0999755859373,77.82099914550781,4160.68017578125,20.43000030517578,16416.349609375,24.020000457763672
2022-06-08,123.58000183105467,1856.5,77.67060089111328,4115.77001953125,19.84000015258789,16356.25,23.959999084472656
2022-06-09,123.06999969482422,1852.800048828125,77.72429656982422,4017.820068359375,19.13999938964844,16478.099609375,26.09000015258789
2022-06-10,122.01000213623048,1875.5,77.8187026977539,3900.860107421875,19.57999992370605,16201.7998046875,27.75
2022-06-13,122.2699966430664,1831.800048828125,78.17759704589844,3749.6298828125,22.3700008392334,15774.400390625,34.02000045776367
2022-06-14,121.16999816894533,1813.5,78.16059875488281,3735.47998046875,21.88999938964844,15732.099609375,32.689998626708984
2022-06-15,118.51000213623048,1819.5999755859373,77.9854965209961,3789.989990234375,22.149999618530277,15692.150390625,29.6200008392334
2022-06-16,119.80999755859376,1849.9000244140625,77.90019989013672,3666.77001953125,22.8700008392334,15360.599609375,32.95000076293945
2022-06-17,113.12000274658205,1840.5999755859373,77.97769927978516,3674.840087890625,22.76000022888184,15293.5,31.1299991607666
2022-06-20,113.12000274658205,1840.5999755859373,77.9614028930664,3674.840087890625,22.40999984741211,15350.150390625,31.1299991607666
2022-06-21,114.6500015258789,1838.800048828125,77.93399810791016,3764.7900390625,21.13999938964844,15638.7998046875,30.190000534057617
2022-06-22,111.73999786376952,1838.4000244140625,78.13490295410156,3759.889892578125,21.299999237060547,15413.2998046875,28.950000762939453
2022-06-23,110.0500030517578,1829.800048828125,78.19309997558594,3795.72998046875,20.8799991607666,15556.650390625,29.049999237060547
2022-06-24,113.12000274658205,1830.300048828125,78.14240264892578,3911.739990234375,20.549999237060547,15699.25,27.229999542236328
2022-06-27,115.08999633789062,1824.800048828125,78.2522964477539,3900.110107421875,21.01000022888184,15832.0498046875,26.950000762939453
2022-06-28,117.9800033569336,1821.199951171875,78.44110107421875,3821.550048828125,21.450000762939453,15850.2001953125,28.36000061035156
2022-06-29,116.26000213623048,1817.5,79.07319641113281,3818.830078125,21.899999618530277,15799.099609375,28.15999984741211
2022-06-30,114.80999755859376,1807.300048828125,78.89830017089844,3785.3798828125,21.84000015258789,15780.25,28.709999084472656
2022-07-01,111.62999725341795,1801.5,78.96299743652344,3825.330078125,21.25,15752.0498046875,26.700000762939453
2022-07-04,111.62999725341795,1801.5,78.95069885253906,3825.330078125,20.96999931335449,15835.349609375,26.700000762939453
2022-07-05,102.7699966430664,1763.9000244140625,78.93949890136719,3831.389892578125,20.790000915527344,15810.849609375,27.540000915527344
2022-07-06,100.69000244140624,1736.5,79.36840057373047,3845.080078125,20.270000457763672,15989.7998046875,26.729999542236328
2022-07-07,104.6500015258789,1739.699951171875,79.04389953613281,3902.6201171875,19.200000762939453,16132.900390625,26.07999992370605
2022-07-08,107.0199966430664,1742.300048828125,79.22160339355469,3899.3798828125,18.399999618530277,16220.599609375,24.63999938964844
2022-07-11,107.0999984741211,1731.699951171875,79.3313980102539,3854.429931640625,18.3700008392334,16216.0,26.170000076293945
2022-07-12,99.48999786376952,1724.800048828125,79.47779846191406,3818.800048828125,18.549999237060547,16058.2998046875,27.290000915527344
2022-07-13,99.56999969482422,1735.5,79.47640228271484,3801.780029296875,18.520000457763672,15966.650390625,26.81999969482422
2022-07-14,99.0999984741211,1705.800048828125,79.80750274658203,3790.3798828125,18.34000015258789,15938.650390625,26.399999618530277
2022-07-15,101.16000366210938,1703.5999755859375,79.87830352783203,3863.159912109375,17.600000381469727,16049.2001953125,24.229999542236328
2022-07-18,106.2699966430664,1710.199951171875,79.72049713134766,3830.85009765625,17.15999984741211,16278.5,25.299999237060547
2022-07-19,107.3499984741211,1710.699951171875,80.0302963256836,3936.68994140625,17.200000762939453,16340.5498046875,24.5
2022-07-20,106.91999816894533,1700.199951171875,79.85590362548828,3959.89990234375,16.81999969482422,16520.849609375,23.8799991607666
2022-07-21,103.86000061035156,1713.4000244140625,80.00340270996094,3998.949951171875,16.860000610351562,16605.25,23.11000061035156
2022-07-22,103.1999969482422,1727.4000244140625,79.7759017944336,3961.6298828125,16.649999618530273,16719.44921875,23.030000686645508
2022-07-25,105.1500015258789,1719.0999755859375,79.87680053710938,3966.840087890625,17.68000030517578,16631.0,23.36000061035156
2022-07-26,104.4000015258789,1717.699951171875,79.72250366210938,3921.050048828125,18.170000076293945,16483.849609375,24.690000534057617
2022-07-27,106.62000274658205,1719.0999755859375,79.84120178222656,4023.610107421875,18.1299991607666,16641.80078125,23.239999771118164
2022-07-28,107.13999938964844,1750.300048828125,79.84739685058594,4072.429931640625,17.010000228881836,16929.599609375,22.32999992370605
2022-07-29,110.01000213623048,1762.9000244140625,79.57150268554688,4130.2900390625,16.549999237060547,17158.25,21.32999992370605
2022-08-01,100.02999877929688,1787.699951171875,79.1948013305664,4118.6298828125,17.489999771118164,17340.05078125,22.84000015258789
2022-08-02,100.54000091552734,1789.699951171875,78.95570373535156,4091.18994140625,18.530000686645508,17345.44921875,23.93000030517578
2022-08-03,96.77999877929688,1776.4000244140625,78.60449981689453,4155.169921875,18.450000762939453,17388.150390625,21.950000762939453
2022-08-04,94.12000274658205,1806.9000244140625,79.11830139160156,4151.93994140625,19.26000022888184,17382.0,21.440000534057617
2022-08-05,94.91999816894533,1791.199951171875,79.15489959716797,4145.18994140625,18.920000076293945,17397.5,21.149999618530277
2022-08-08,96.6500015258789,1805.199951171875,79.41059875488281,4140.06005859375,19.299999237060547,17525.099609375,21.290000915527344
2022-08-10,97.4000015258789,1813.699951171875,79.57839965820312,4210.240234375,19.59000015258789,17534.75,19.739999771118164
2022-08-11,99.5999984741211,1807.199951171875,79.0978012084961,4207.27001953125,18.36000061035156,17659.0,20.200000762939453
2022-08-12,98.1500015258789,1815.5,79.61399841308594,4280.14990234375,17.610000610351562,17698.150390625,19.530000686645508
2022-08-16,92.33999633789062,1789.699951171875,79.55290222167969,4305.2001953125,17.68000030517578,17825.25,19.690000534057617
2022-08-17,93.6500015258789,1776.699951171875,79.14600372314453,4274.0400390625,17.68000030517578,17944.25,19.899999618530277
2022-08-18,96.58999633789062,1771.199951171875,79.35970306396484,4283.740234375,17.350000381469727,17956.5,19.559999465942383
2022-08-19,96.72000122070312,1762.9000244140625,79.7667007446289,4228.47998046875,18.290000915527344,17758.44921875,20.600000381469727
2022-08-22,96.4800033569336,1748.4000244140625,79.91790008544922,4137.990234375,19.040000915527344,17490.69921875,23.799999237060547
2022-08-23,100.22000122070312,1761.199951171875,79.88379669189453,4128.72998046875,19.049999237060547,17577.5,24.11000061035156
2022-08-24,101.22000122070312,1761.5,79.85449981689453,4140.77001953125,18.43000030517578,17604.94921875,22.81999969482422
2022-08-25,99.33999633789062,1771.4000244140625,79.79679870605469,4199.1201171875,19.56999969482422,17522.44921875,21.780000686645508
2022-08-26,100.98999786376952,1749.800048828125,79.88289642333984,4057.659912109375,18.21999931335449,17558.900390625,25.559999465942383
2022-08-29,105.08999633789062,1749.699951171875,79.95909881591797,4030.610107421875,19.81999969482422,17312.900390625,26.209999084472656
2022-08-30,99.30999755859376,1736.300048828125,79.96790313720703,3986.159912109375,18.700000762939453,17759.30078125,26.209999084472656
2022-09-01,92.36000061035156,1709.300048828125,79.54879760742188,3966.85009765625,19.8700008392334,17542.80078125,25.559999465942383
2022-09-02,93.0199966430664,1722.5999755859375,79.716796875,3924.260009765625,19.549999237060547,17539.44921875,25.46999931335449
2022-09-05,93.0199966430664,1722.5999755859375,79.72450256347656,3924.260009765625,19.65999984741211,17665.80078125,25.46999931335449
2022-09-06,92.83000183105467,1712.9000244140625,79.78299713134766,3908.18994140625,19.520000457763672,17655.599609375,26.90999984741211
2022-09-07,88.0,1727.800048828125,79.89510345458984,3979.8701171875,19.3700008392334,17624.400390625,24.63999938964844
2022-09-08,89.1500015258789,1720.199951171875,79.6498031616211,4006.179931640625,18.309999465942383,17798.75,23.61000061035156
2022-09-09,92.83999633789062,1728.5999755859375,79.706298828125,4067.360107421875,17.719999313354492,17833.349609375,22.790000915527344
2022-09-12,94.0,1740.5999755859375,79.65579986572266,4110.41015625,17.940000534057617,17936.349609375,23.8700008392334
2022-09-13,93.16999816894533,1717.4000244140625,79.35530090332031,3932.68994140625,17.469999313354492,18070.05078125,27.270000457763672
2022-09-14,94.0999984741211,1709.0999755859375,79.60240173339844,3946.010009765625,18.280000686645508,18003.75,26.15999984741211
2022-09-15,90.83999633789062,1677.300048828125,79.45369720458984,3901.35009765625,18.38999938964844,17877.400390625,26.270000457763672
2022-09-16,91.3499984741211,1683.5,79.8490982055664,3873.330078125,19.81999969482422,17530.849609375,26.299999237060547
2022-09-19,92.0,1678.199951171875,79.68949890136719,3899.889892578125,19.940000534057617,17622.25,25.76000022888184
2022-09-20,90.62000274658205,1671.0999755859375,79.7074966430664,3855.929931640625,18.799999237060547,17816.25,27.15999984741211
2022-09-21,89.83000183105469,1675.699951171875,79.76270294189453,3789.929931640625,19.32999992370605,17718.349609375,27.989999771118164
2022-09-22,90.45999908447266,1681.0999755859375,80.05069732666016,3757.989990234375,18.81999969482422,17629.80078125,27.350000381469727
2022-09-23,86.1500015258789,1655.5999755859375,81.06220245361328,3693.22998046875,20.59000015258789,17327.349609375,29.920000076293945
2022-09-26,84.05999755859375,1633.4000244140625,81.25479888916016,3655.0400390625,21.88999938964844,17016.30078125,32.2599983215332
2022-09-27,86.2699966430664,1636.199951171875,81.61579895019531,3647.2900390625,21.56999969482422,17007.400390625,32.599998474121094
2022-09-28,89.31999969482422,1670.0,81.72460174560547,3719.0400390625,22.100000381469727,16858.599609375,30.18000030517578
2022-09-29,88.48999786376953,1668.5999755859375,81.42870330810547,3640.469970703125,21.299999237060547,16818.099609375,31.84000015258789
2022-09-30,87.95999908447266,1672.0,81.48059844970703,3585.6201171875,19.96999931335449,17094.349609375,31.6200008392334
2022-10-03,88.86000061035156,1702.0,81.52130126953125,3678.429931640625,21.3700008392334,16887.349609375,30.100000381469727
2022-10-04,91.8000030517578,1730.5,81.49500274658203,3790.929931640625,19.56999969482422,17274.30078125,29.06999969482422
2022-10-06,94.41999816894533,1720.800048828125,81.6488037109375,3744.52001953125,19.31999969482422,17331.80078125,30.520000457763672
2022-10-07,97.91999816894533,1709.300048828125,82.3489990234375,3639.659912109375,18.809999465942383,17314.650390625,31.36000061035156
2022-10-10,96.19000244140624,1675.199951171875,82.8322982788086,3612.389892578125,19.6200008392334,17241.0,32.45000076293945
2022-10-11,94.29000091552734,1686.0,82.42070007324219,3588.840087890625,20.489999771118164,16983.55078125,33.630001068115234
2022-10-12,92.4499969482422,1677.5,82.2739028930664,3577.030029296875,20.18000030517578,17123.599609375,33.56999969482422
2022-10-13,94.56999969482422,1677.0,82.19999694824219,3669.909912109375,20.290000915527344,17014.349609375,31.940000534057617
2022-10-14,91.62999725341795,1648.9000244140625,82.19210052490234,3583.070068359375,18.26000022888184,17185.69921875,32.02000045776367
2022-10-17,91.62000274658205,1664.0,82.41280364990234,3677.949951171875,18.420000076293945,17311.80078125,31.3700008392334
2022-10-18,90.02999877929688,1655.800048828125,82.1947021484375,3719.97998046875,17.450000762939453,17486.94921875,30.5
2022-10-19,92.41000366210938,1634.199951171875,82.2863998413086,3695.159912109375,17.489999771118164,17512.25,30.76000022888184
2022-10-20,92.37999725341795,1636.800048828125,82.99700164794922,3665.780029296875,17.229999542236328,17563.94921875,29.979999542236328
2022-10-21,93.5,1656.300048828125,82.82569885253906,3752.75,17.280000686645508,17576.30078125,29.690000534057617
2022-10-24,93.26000213623048,1654.0999755859375,82.54129791259766,3797.340087890625,17.420000076293945,17730.75,29.850000381469727
2022-10-25,93.5199966430664,1658.0,82.7614974975586,3859.110107421875,16.8799991607666,17656.349609375,28.459999084472656
2022-10-27,96.95999908447266,1665.5999755859375,82.04959869384766,3807.300048828125,16.600000381469727,17736.94921875,27.38999938964844
2022-10-28,95.7699966430664,1644.800048828125,82.44249725341797,3901.06005859375,15.920000076293944,17786.80078125,25.75
2022-10-31,94.83000183105467,1640.699951171875,82.23919677734375,3871.97998046875,15.800000190734863,18012.19921875,25.8799991607666
2022-11-01,94.6500015258789,1649.699951171875,82.72899627685547,3856.10009765625,16.1299991607666,18145.400390625,25.809999465942383
2022-11-02,96.16000366210938,1650.0,82.68450164794922,3759.68994140625,16.65999984741211,18082.849609375,25.86000061035156
2022-11-03,94.66999816894533,1630.9000244140625,82.88839721679688,3719.889892578125,15.9399995803833,18052.69921875,25.299999237060547
2022-11-04,98.56999969482422,1676.5999755859375,82.68180084228516,3770.550048828125,15.65999984741211,18117.150390625,24.549999237060547
2022-11-07,97.91999816894533,1680.5,81.9749984741211,3806.800048828125,15.59000015258789,18202.80078125,24.350000381469727
2022-11-09,92.6500015258789,1713.699951171875,81.40519714355469,3748.570068359375,15.920000076293944,18157.0,26.09000015258789
2022-11-10,93.66999816894533,1753.699951171875,81.34380340576172,3956.3701171875,15.56999969482422,18028.19921875,23.530000686645508
2022-11-11,95.98999786376952,1769.4000244140625,80.48290252685547,3992.929931640625,14.40999984741211,18349.69921875,22.520000457763672
2022-11-14,93.13999938964844,1776.9000244140625,80.49700164794922,3957.25,14.90999984741211,18329.150390625,23.729999542236328
2022-11-15,93.86000061035156,1776.800048828125,80.99199676513672,3991.72998046875,14.640000343322754,18403.400390625,24.540000915527344
2022-11-16,92.86000061035156,1775.800048828125,81.07140350341797,3958.7900390625,15.100000381469728,18409.650390625,24.11000061035156
2022-11-17,89.77999877929688,1763.0,81.49530029296875,3946.56005859375,14.880000114440918,18343.900390625,23.93000030517578
2022-11-18,87.62000274658203,1754.4000244140625,81.52490234375,3965.340087890625,14.390000343322754,18307.650390625,23.1200008392334
2022-11-21,87.44999694824219,1739.5999755859375,81.5198974609375,3949.93994140625,14.800000190734863,18159.94921875,22.36000061035156
2022-11-22,88.36000061035156,1739.9000244140625,81.72769927978516,4003.580078125,13.84000015258789,18244.19921875,21.290000915527344
2022-11-23,85.41000366210938,1745.5999755859375,81.71499633789062,4027.260009765625,14.039999961853027,18267.25,20.350000381469727
2022-11-24,85.41000366210938,1745.5999755859375,81.63289642333984,4027.260009765625,13.479999542236328,18484.099609375,20.350000381469727
2022-11-25,83.62999725341797,1754.0,81.65540313720703,4026.1201171875,13.329999923706056,18512.75,20.5
2022-11-28,83.19000244140625,1740.300048828125,81.6697006225586,3963.93994140625,13.56999969482422,18562.75,22.209999084472656
2022-11-29,83.02999877929688,1748.4000244140625,81.65029907226562,3957.6298828125,13.619999885559082,18618.05078125,21.88999938964844
2022-11-30,85.43000030517578,1746.0,81.63089752197266,4080.110107421875,13.8100004196167,18758.349609375,20.57999992370605
2022-12-01,86.87999725341797,1815.199951171875,81.3052978515625,4076.570068359375,13.359999656677246,18812.5,19.84000015258789
2022-12-02,85.56999969482422,1809.5999755859373,81.16220092773438,4071.699951171875,13.449999809265137,18696.099609375,19.059999465942383
2022-12-05,82.68000030517578,1781.300048828125,81.42250061035156,3998.840087890625,13.729999542236328,18701.05078125,20.75
2022-12-06,79.3499984741211,1782.4000244140625,81.89900207519531,3941.260009765625,14.039999961853027,18642.75,22.170000076293945
2022-12-07,77.16999816894531,1798.0,82.37220001220703,3933.919921875,14.079999923706056,18560.5,22.68000030517578
2022-12-08,76.1500015258789,1801.5,82.25350189208984,3963.510009765625,13.399999618530272,18609.349609375,22.290000915527344
2022-12-09,76.0999984741211,1810.699951171875,82.2791976928711,3934.3798828125,13.479999542236328,18496.599609375,22.82999992370605
2022-12-12,77.98999786376953,1792.300048828125,82.41300201416016,3990.56005859375,13.31999969482422,18497.150390625,25.0
2022-12-13,80.68000030517578,1825.5,82.64469909667969,4019.64990234375,12.880000114440918,18608.0,22.549999237060547
2022-12-14,82.69999694824219,1818.699951171875,82.40249633789062,3995.320068359375,12.890000343322754,18660.30078125,21.13999938964844
2022-12-15,81.20999908447266,1787.800048828125,82.50800323486328,3895.75,13.729999542236328,18414.900390625,22.82999992370605
2022-12-16,79.04000091552734,1800.199951171875,82.85790252685547,3852.360107421875,14.06999969482422,18269.0,22.6200008392334
2022-12-19,79.80000305175781,1797.699951171875,82.72599792480469,3817.659912109375,13.550000190734863,18420.44921875,22.420000076293945
2022-12-20,79.98999786376953,1825.4000244140625,82.58190155029297,3821.6201171875,13.779999732971191,18385.30078125,21.479999542236328
2022-12-21,82.19999694824219,1825.4000244140625,82.63690185546875,3878.43994140625,15.5600004196167,18199.099609375,20.06999969482422
2022-12-22,80.9800033569336,1795.300048828125,82.87860107421875,3822.389892578125,15.1899995803833,18127.349609375,21.96999931335449
2022-12-23,83.91999816894531,1804.199951171875,82.8749008178711,3844.820068359375,16.15999984741211,17806.80078125,20.8700008392334
2022-12-26,83.91999816894531,1804.199951171875,82.6041030883789,3844.820068359375,16.15999984741211,18014.599609375,20.8700008392334
2022-12-27,84.33000183105469,1823.0999755859373,82.90290069580078,3829.25,15.289999961853027,18132.30078125,21.649999618530277
2022-12-28,83.26000213623047,1815.800048828125,82.7761001586914,3783.219970703125,15.399999618530272,18122.5,22.13999938964844
2022-12-29,82.26000213623047,1826.0,82.85199737548828,3849.280029296875,14.8100004196167,18191.0,21.440000534057617
2022-12-30,85.91000366210938,1826.199951171875,82.83509826660156,3839.5,14.869999885559082,18105.30078125,21.670000076293945
2023-01-02,85.91000366210938,1826.199951171875,82.74980163574219,3839.5,14.6899995803833,18197.44921875,21.670000076293945
2023-01-03,82.0999984741211,1846.0999755859373,82.70600128173828,3824.139892578125,14.390000343322754,18232.55078125,22.899999618530277
2023-01-04,77.83999633789062,1859.0,82.78569793701172,3852.969970703125,15.199999809265137,18042.94921875,22.01000022888184
2023-01-05,78.69000244140625,1840.5999755859373,82.66649627685547,3808.10009765625,14.979999542236328,17992.150390625,22.459999084472656
2023-01-06,78.56999969482422,1869.699951171875,82.64520263671875,3895.080078125,15.029999732971191,17859.44921875,21.1299991607666
2023-01-09,79.6500015258789,1877.800048828125,82.27339935302734,3892.090087890625,14.649999618530272,18101.19921875,21.96999931335449
2023-01-10,80.0999984741211,1876.5,82.18009948730469,3919.25,15.510000228881836,17914.150390625,20.57999992370605
2023-01-11,82.66999816894531,1878.9000244140625,81.63739776611328,3969.610107421875,15.4399995803833,17895.69921875,21.09000015258789
2023-01-12,84.02999877929688,1898.800048828125,81.63179779052734,3983.169921875,15.279999732971191,17858.19921875,18.82999992370605
2023-01-13,85.27999877929688,1921.699951171875,81.1156005859375,3999.090087890625,14.460000038146973,17956.599609375,18.350000381469727
2023-01-16,85.27999877929688,1921.699951171875,81.27799987792969,3999.090087890625,15.020000457763672,17894.849609375,18.350000381469727
2023-01-17,85.91999816894531,1909.9000244140625,81.65260314941406,3990.969970703125,14.59000015258789,18053.30078125,19.36000061035156
2023-01-18,84.9800033569336,1907.0,81.52549743652344,3928.860107421875,14.369999885559082,18165.349609375,20.34000015258789
2023-01-19,86.16000366210938,1923.9000244140625,81.43599700927734,3898.85009765625,13.960000038146973,18107.849609375,20.520000457763672
2023-01-20,87.62999725341797,1928.199951171875,81.23979949951172,3972.610107421875,13.789999961853027,18027.650390625,19.850000381469727
2023-01-23,88.19000244140625,1928.5999755859373,80.97599792480469,4019.81005859375,13.619999885559082,18118.55078125,19.809999465942383
2023-01-24,86.12999725341797,1935.4000244140625,81.48799896240234,4016.949951171875,13.65999984741211,18118.30078125,19.200000762939453
2023-01-25,86.12000274658203,1942.5999755859373,81.60189819335938,4016.219970703125,14.65999984741211,17891.94921875,19.07999992370605
2023-01-27,86.66000366210938,1929.4000244140625,81.44509887695312,4070.56005859375,17.31999969482422,17604.349609375,18.51000022888184
2023-01-30,84.9000015258789,1922.9000244140625,81.50800323486328,4017.77001953125,17.709999084472656,17648.94921875,19.940000534057617
2023-01-31,84.48999786376953,1929.5,81.57990264892578,4076.60009765625,16.8799991607666,17662.150390625,19.399999618530277
2023-02-01,82.83999633789062,1942.800048828125,81.76840209960938,4119.2099609375,16.780000686645508,17616.30078125,17.8700008392334
2023-02-02,82.16999816894531,1930.800048828125,81.71029663085938,4179.759765625,15.729999542236328,17610.400390625,18.729999542236328
2023-02-03,79.94000244140625,1876.5999755859373,82.0458984375,4136.47998046875,14.399999618530272,17854.05078125,18.32999992370605
2023-02-06,80.98999786376953,1879.5,82.22599792480469,4111.080078125,14.6899995803833,17764.599609375,19.43000030517578
2023-02-07,83.69000244140625,1884.800048828125,82.75499725341797,4164.0,14.130000114440918,17721.5,18.65999984741211
2023-02-08,85.08999633789062,1890.699951171875,82.74189758300781,4117.85986328125,13.600000381469728,17871.69921875,19.6299991607666
2023-02-09,84.5,1878.5,82.65950012207031,4081.5,13.039999961853027,17893.44921875,20.709999084472656
2023-02-10,86.38999938964844,1874.5,82.533203125,4090.4599609375,12.75,17856.5,20.530000686645508
2023-02-13,86.61000061035156,1863.5,82.51300048828125,4137.2900390625,13.68000030517578,17770.900390625,20.34000015258789
2023-02-14,85.58000183105469,1865.4000244140625,82.59739685058594,4136.1298828125,13.449999809265137,17929.849609375,18.90999984741211
2023-02-15,85.37999725341797,1845.300048828125,82.86759948730469,4147.60009765625,12.859999656677246,18015.849609375,18.229999542236328
2023-02-16,85.13999938964844,1851.800048828125,82.73770141601562,4090.409912109375,12.890000343322754,18035.849609375,20.170000076293945
2023-02-17,83.0,1850.199951171875,82.69529724121094,4079.090087890625,13.09000015258789,17944.19921875,20.020000457763672
2023-02-20,83.0,1850.199951171875,82.75800323486328,4079.090087890625,13.380000114440918,17844.599609375,20.020000457763672
2023-02-21,83.05000305175781,1842.5,82.69750213623047,3997.340087890625,14.010000228881836,17826.69921875,22.8700008392334
2023-02-22,80.5999984741211,1841.5,82.86119842529297,3991.050048828125,15.59000015258789,17554.30078125,22.290000915527344
2023-02-23,82.20999908447266,1826.800048828125,82.83529663085938,4012.320068359375,15.079999923706056,17511.25,21.13999938964844
2023-02-24,83.16000366210938,1817.0999755859373,82.6178970336914,3970.0400390625,14.1899995803833,17465.80078125,21.670000076293945
2023-02-27,82.44999694824219,1824.9000244140625,82.91799926757812,3982.239990234375,13.880000114440918,17392.69921875,20.950000762939453
2023-02-28,83.88999938964844,1836.699951171875,82.6520004272461,3970.14990234375,14.020000457763672,17303.94921875,20.700000762939453
2023-03-01,84.30999755859375,1845.4000244140625,82.6353988647461,3951.389892578125,13.0,17450.900390625,20.57999992370605
2023-03-02,84.75,1840.5,82.4198989868164,3981.35009765625,12.970000267028809,17321.900390625,19.59000015258789
2023-03-03,85.83000183105469,1854.5999755859373,82.35569763183594,4045.639892578125,12.18000030517578,17594.349609375,18.489999771118164
2023-03-06,86.18000030517578,1854.5999755859373,81.7125015258789,4048.419921875,12.270000457763672,17711.44921875,18.61000061035156
2023-03-08,82.66000366210938,1818.5999755859373,82.07460021972656,3992.010009765625,12.449999809265137,17754.400390625,19.11000061035156
2023-03-09,81.58999633789062,1834.5999755859373,81.9645004272461,3918.320068359375,12.729999542236328,17589.599609375,22.61000061035156
2023-03-10,82.77999877929688,1867.199951171875,82.01840209960938,3861.590087890625,13.40999984741211,17412.900390625,24.799999237060547
2023-03-13,80.7699966430664,1916.5,81.95800018310547,3855.760009765625,16.219999313354492,17154.30078125,26.520000457763672
2023-03-14,77.44999694824219,1910.9000244140625,82.41739654541016,3919.2900390625,16.219999313354492,17043.30078125,23.729999542236328
2023-03-15,73.69000244140625,1931.300048828125,82.30490112304688,3891.929931640625,16.299999237060547,16972.150390625,26.13999938964844
2023-03-16,74.69999694824219,1923.0,82.7156982421875,3960.280029296875,16.219999313354492,16985.599609375,22.989999771118164
2023-03-17,72.97000122070312,1973.5,82.622802734375,3916.639892578125,14.770000457763672,17100.05078125,25.51000022888184
2023-03-20,73.79000091552734,1982.800048828125,82.53299713134766,3951.570068359375,16.010000228881836,16988.400390625,24.149999618530277
2023-03-21,75.31999969482422,1941.0999755859373,82.52909851074219,4002.8701171875,15.079999923706056,17107.5,21.3799991607666
2023-03-22,76.69000244140625,1949.5999755859373,82.677001953125,3936.969970703125,14.8100004196167,17151.900390625,22.26000022888184
2023-03-23,75.91000366210938,1995.9000244140625,82.52580261230469,3948.719970703125,14.489999771118164,17076.900390625,22.61000061035156
2023-03-24,74.98999786376953,1983.800048828125,82.26529693603516,3970.989990234375,15.239999771118164,16945.05078125,21.739999771118164
2023-03-27,78.12000274658203,1953.800048828125,82.33879852294922,3977.530029296875,15.449999809265137,16985.69921875,20.600000381469727
2023-03-28,78.6500015258789,1973.5,82.21489715576172,3971.27001953125,15.100000381469728,16951.69921875,19.96999931335449
2023-03-29,78.27999877929688,1966.9000244140625,82.16429901123047,4027.81005859375,13.630000114440918,17080.69921875,19.1200008392334
2023-03-31,79.7699966430664,1969.0,82.10050201416016,4109.31005859375,12.9399995803833,17359.75,18.700000762939453
2023-04-03,84.93000030517578,2000.4000244140625,82.18479919433594,4124.509765625,12.59000015258789,17398.05078125,18.549999237060547
2023-04-05,84.98999786376953,2035.5999755859373,82.11479949951172,4090.3798828125,12.40999984741211,17557.05078125,19.07999992370605
2023-04-06,85.12000274658203,2026.4000244140625,81.94999694824219,4105.02001953125,11.800000190734863,17599.150390625,18.399999618530277
2023-04-10,84.18000030517578,2003.800048828125,81.88480377197266,4109.10986328125,12.270000457763672,17624.05078125,18.96999931335449
2023-04-11,85.61000061035156,2019.0,81.98390197753906,4108.93994140625,11.979999542236328,17722.30078125,19.100000381469727
2023-04-12,87.33000183105469,2024.9000244140625,82.07009887695312,4091.949951171875,12.270000457763672,17812.400390625,19.09000015258789
2023-04-13,86.08999633789062,2055.300048828125,81.96060180664062,4146.22021484375,11.90999984741211,17828.0,17.799999237060547
2023-04-17,84.76000213623047,2007.0,81.84480285644531,4151.31982421875,12.270000457763672,17706.849609375,16.950000762939453
2023-04-18,84.7699966430664,2019.699951171875,82.00370025634766,4154.8701171875,12.079999923706056,17660.150390625,16.829999923706055
2023-04-19,83.12000274658203,2007.300048828125,82.10790252685547,4154.52001953125,12.149999618530272,17618.75,16.459999084472656
2023-04-20,81.0999984741211,2019.0999755859373,82.34010314941406,4129.7900390625,11.9399995803833,17624.44921875,17.170000076293945
2023-04-21,81.66000366210938,1990.5,82.14089965820312,4133.52001953125,11.630000114440918,17624.05078125,16.770000457763672
2023-04-24,82.7300033569336,1999.800048828125,82.05480194091797,4137.0400390625,11.670000076293944,17743.400390625,16.889999389648438
2023-04-25,80.7699966430664,2004.5,81.85230255126953,4071.6298828125,11.520000457763672,17769.25,18.76000022888184
2023-04-26,77.69000244140625,1996.0,81.9916000366211,4055.989990234375,11.649999618530272,17813.599609375,18.84000015258789
2023-04-27,78.37000274658203,1999.0,81.76689910888672,4135.35009765625,11.43000030517578,17915.05078125,17.030000686645508
2023-04-28,79.54000091552734,1999.0999755859373,81.76509857177734,4169.47998046875,10.949999809265137,18065.0,15.779999732971191
2023-05-02,75.31999969482422,2023.300048828125,81.77469635009766,4119.580078125,11.899999618530272,18147.650390625,17.780000686645508
2023-05-03,72.33000183105469,2037.0,81.77870178222656,4090.75,11.84000015258789,18089.849609375,18.34000015258789
2023-05-04,72.5,2055.699951171875,81.77999877929688,4061.219970703125,11.729999542236328,18255.80078125,20.09000015258789
2023-05-05,75.30000305175781,2024.800048828125,81.71610260009766,4136.25,12.300000190734863,18069.0,17.190000534057617
2023-05-08,77.01000213623047,2033.199951171875,81.72979736328125,4138.1201171875,12.640000343322754,18264.400390625,16.979999542236328
2023-05-09,77.44000244140625,2042.9000244140625,81.78710174560547,4119.169921875,12.68000030517578,18265.94921875,17.709999084472656
2023-05-10,76.41000366210938,2037.0999755859373,82.1050033569336,4137.64013671875,13.079999923706056,18315.099609375,16.940000534057617
2023-05-11,74.9800033569336,2020.5,81.9198989868164,4130.6201171875,13.220000267028809,18297.0,16.93000030517578
2023-05-12,74.16999816894531,2019.800048828125,82.10030364990234,4124.080078125,12.850000381469728,18314.80078125,17.030000686645508
2023-05-15,75.2300033569336,2022.699951171875,82.20030212402344,4136.27978515625,13.170000076293944,18398.849609375,17.1200008392334
2023-05-16,74.91000366210938,1993.0,82.2667007446289,4109.89990234375,13.289999961853027,18286.5,17.989999771118164
2023-05-17,76.95999908447266,1984.9000244140625,82.2959976196289,4158.77001953125,13.109999656677246,18181.75,16.8700008392334
2023-05-18,75.86000061035156,1959.800048828125,82.45030212402344,4198.0498046875,12.800000190734863,18129.94921875,16.049999237060547
2023-05-19,75.58000183105469,1981.5999755859373,82.72509765625,4191.97998046875,12.300000190734863,18203.400390625,16.809999465942383
2023-05-22,75.98999786376953,1977.199951171875,82.90480041503906,4192.6298828125,12.56999969482422,18314.400390625,17.209999084472656
2023-05-23,76.83999633789062,1974.5,82.82499694824219,4145.580078125,12.609999656677246,18348.0,18.530000686645508
2023-05-24,78.36000061035156,1964.5999755859373,82.8906021118164,4115.240234375,13.109999656677246,18285.400390625,20.030000686645508
2023-05-25,76.26000213623047,1943.699951171875,82.71369934082031,4151.27978515625,12.520000457763672,18321.150390625,19.13999938964844
2023-05-26,76.94999694824219,1944.300048828125,82.74210357666016,4205.4501953125,11.899999618530272,18499.349609375,17.950000762939453
2023-05-29,76.94999694824219,1944.300048828125,82.57479858398438,4205.4501953125,12.300000190734863,18598.650390625,17.950000762939453
2023-05-30,73.54000091552734,1958.0,82.57969665527344,4205.52001953125,12.010000228881836,18633.849609375,17.459999084472656
2023-05-31,72.66000366210938,1963.9000244140625,82.68389892578125,4179.830078125,11.970000267028809,18534.400390625,17.940000534057617
2023-06-01,74.27999877929688,1995.5,82.66680145263672,4221.02001953125,11.600000381469728,18487.75,15.649999618530272
2023-06-02,76.12999725341797,1969.5999755859373,82.27670288085938,4282.3701171875,11.130000114440918,18534.099609375,14.600000381469728
2023-06-05,76.70999908447266,1974.300048828125,82.40979766845703,4273.7900390625,11.140000343322754,18593.849609375,14.729999542236328
2023-06-06,76.29000091552734,1981.5,82.51119995117188,4283.85009765625,11.380000114440918,18599.0,13.960000038146973
2023-06-07,76.94999694824219,1958.4000244140625,82.51719665527344,4267.52001953125,11.4399995803833,18726.400390625,13.9399995803833
2023-06-08,75.95999908447266,1978.5999755859373,82.61810302734375,4293.93017578125,11.260000228881836,18634.55078125,13.649999618530272
2023-06-09,74.79000091552734,1977.199951171875,82.48829650878906,4298.85986328125,11.119999885559082,18563.400390625,13.829999923706056
2023-06-12,71.83999633789062,1969.699951171875,82.4448013305664,4338.93017578125,11.25,18601.5,15.010000228881836
2023-06-13,74.29000091552734,1958.5999755859373,82.33719635009766,4369.009765625,11.109999656677246,18716.150390625,14.609999656677246
2023-06-14,73.19999694824219,1968.9000244140625,82.29039764404297,4372.58984375,11.15999984741211,18755.900390625,13.880000114440918
2023-06-15,75.66999816894531,1970.699951171875,82.04499816894531,4425.83984375,11.079999923706056,18688.099609375,14.5
2023-06-16,76.61000061035156,1971.199951171875,81.9126968383789,4409.58984375,10.84000015258789,18826.0,13.539999961853027
2023-06-19,76.61000061035156,1971.199951171875,81.91480255126953,4409.58984375,11.229999542236328,18755.44921875,13.539999961853027
2023-06-20,75.9000015258789,1947.699951171875,81.98139953613281,4388.7099609375,11.130000114440918,18816.69921875,13.880000114440918
2023-06-21,77.12000274658203,1944.9000244140625,81.9917984008789,4365.68994140625,11.289999961853027,18856.849609375,13.199999809265137
2023-06-22,74.13999938964844,1923.699951171875,81.94149780273438,4381.89013671875,11.550000190734863,18771.25,12.90999984741211
2023-06-23,73.8499984741211,1929.5999755859373,81.91929626464844,4348.330078125,11.239999771118164,18665.5,13.4399995803833
2023-06-26,74.18000030517578,1933.800048828125,81.98480224609375,4328.81982421875,11.399999618530272,18691.19921875,14.25
2023-06-27,72.26000213623047,1923.800048828125,82.00650024414062,4378.41015625,10.779999732971191,18817.400390625,13.739999771118164
2023-06-28,74.02999877929688,1922.199951171875,81.99839782714844,4376.85986328125,10.890000343322754,18972.099609375,13.43000030517578
2023-06-30,74.9000015258789,1929.4000244140625,82.07540130615234,4450.3798828125,10.800000190734863,19189.05078125,13.59000015258789
2023-07-03,74.6500015258789,1929.5,82.09629821777344,4455.58984375,11.539999961853027,19322.55078125,13.56999969482422
2023-07-04,74.6500015258789,1929.5,81.95010375976562,4455.58984375,11.699999809265137,19389.0,13.56999969482422
2023-07-05,76.6500015258789,1927.0999755859373,82.0071029663086,4446.81982421875,11.880000114440918,19398.5,14.18000030517578
2023-07-06,76.5199966430664,1915.4000244140625,82.39409637451172,4411.58984375,11.84000015258789,19497.30078125,15.4399995803833
2023-07-07,78.47000122070312,1932.5,82.76840209960938,4398.9501953125,11.529999732971191,19331.80078125,14.829999923706056
2023-07-10,77.69000244140625,1931.0,82.61530303955078,4409.52978515625,11.460000038146973,19355.900390625,15.06999969482422
2023-07-11,79.4000015258789,1937.0999755859373,82.52529907226562,4439.259765625,11.010000228881836,19439.400390625,14.84000015258789
2023-07-12,80.11000061035156,1961.699951171875,82.39990234375,4472.16015625,10.9399995803833,19384.30078125,13.539999961853027
2023-07-13,81.36000061035156,1963.800048828125,82.00180053710938,4510.0400390625,10.9399995803833,19413.75,13.609999656677246
2023-07-14,79.87000274658203,1964.4000244140625,82.03079986572266,4505.419921875,10.68000030517578,19564.5,13.34000015258789
2023-07-17,78.5,1956.4000244140625,82.07679748535156,4522.7900390625,11.31999969482422,19711.44921875,13.479999542236328
2023-07-18,79.62999725341797,1980.800048828125,82.06159973144531,4554.97998046875,11.710000038146973,19749.25,13.300000190734863
2023-07-19,79.45999908447266,1980.800048828125,82.07540130615234,4565.72021484375,11.600000381469728,19833.150390625,13.760000228881836
2023-07-20,79.63999938964844,1970.9000244140625,82.06169891357422,4534.8701171875,11.789999961853027,19979.150390625,13.989999771118164
2023-07-21,81.06999969482422,1966.5999755859373,82.0823974609375,4536.33984375,11.489999771118164,19745.0,13.600000381469728
2023-07-24,82.73999786376953,1962.199951171875,81.99030303955078,4554.64013671875,11.649999618530272,19672.349609375,13.90999984741211
2023-07-25,83.63999938964844,1963.699951171875,81.81420135498047,4567.4599609375,10.239999771118164,19680.599609375,13.859999656677246
2023-07-26,82.91999816894531,1970.0999755859373,81.95010375976562,4566.75,10.460000038146973,19778.30078125,13.1899995803833
2023-07-27,84.23999786376953,1945.699951171875,81.97550201416016,4537.41015625,10.510000228881836,19659.900390625,14.40999984741211
2023-07-28,84.98999786376953,1960.4000244140625,82.3749008178711,4582.22998046875,10.140000343322754,19646.05078125,13.329999923706056
2023-07-31,85.55999755859375,1970.5,82.25279998779297,4588.9599609375,10.40999984741211,19753.80078125,13.630000114440918
2023-08-01,84.91000366210938,1978.800048828125,82.2332992553711,4576.72998046875,10.279999732971191,19733.55078125,13.93000030517578
2023-08-02,83.19999694824219,1975.0,82.30729675292969,4513.39013671875,11.279999732971191,19526.55078125,16.09000015258789
2023-08-03,85.13999938964844,1968.800048828125,82.7332992553711,4501.89013671875,11.1899995803833,19381.650390625,15.920000076293944
2023-08-04,86.23999786376953,1976.0999755859373,82.7843017578125,4478.02978515625,10.56999969482422,19517.0,17.100000381469727
2023-08-07,85.33999633789062,1970.0,82.69529724121094,4518.43994140625,11.100000381469728,19597.30078125,15.770000457763672
2023-08-08,86.16999816894531,1959.9000244140625,82.74829864501953,4499.3798828125,11.329999923706056,19570.849609375,15.989999771118164
2023-08-09,87.55000305175781,1950.5999755859373,82.84500122070312,4467.7099609375,11.140000343322754,19632.55078125,15.960000038146973
2023-08-10,86.4000015258789,1948.9000244140625,82.86630249023438,4468.830078125,11.399999618530272,19543.099609375,15.850000381469728
2023-08-11,86.80999755859375,1946.5999755859373,82.79989624023438,4464.0498046875,11.520000457763672,19428.30078125,14.84000015258789
2023-08-14,86.20999908447266,1944.0,82.89730072021484,4489.72021484375,12.0,19434.55078125,14.81999969482422
2023-08-16,83.44999694824219,1928.300048828125,83.19419860839844,4404.330078125,12.130000114440918,19465.0,16.780000686645508
2023-08-17,84.12000274658203,1915.199951171875,83.23699951171875,4370.35986328125,12.239999771118164,19365.25,17.889999389648438
2023-08-18,84.80000305175781,1916.5,83.09829711914062,4369.7099609375,12.140000343322754,19310.150390625,17.299999237060547
2023-08-21,84.45999908447266,1923.0,83.16729736328125,4399.77001953125,11.960000038146973,19393.599609375,17.1299991607666
2023-08-22,84.02999877929688,1926.0,83.1135025024414,4387.5498046875,11.75,19396.44921875,16.969999313354492
2023-08-23,83.20999908447266,1948.0999755859373,83.07330322265625,4436.009765625,11.729999542236328,19444.0,15.979999542236328
2023-08-24,83.36000061035156,1947.0999755859373,82.5447006225586,4376.31005859375,11.699999809265137,19386.69921875,17.200000762939453
2023-08-25,84.4800033569336,1939.9000244140625,82.64140319824219,4405.7099609375,12.079999923706056,19265.80078125,15.68000030517578
2023-08-28,84.41999816894531,1946.800048828125,82.66429901123047,4433.31005859375,12.399999618530272,19306.05078125,15.079999923706056
2023-08-29,85.48999786376953,1965.0999755859373,82.69149780273438,4497.6298828125,12.229999542236328,19342.650390625,14.449999809265137
2023-08-30,85.86000061035156,1973.0,82.49469757080078,4514.8701171875,11.800000190734863,19347.44921875,13.880000114440918
2023-08-31,86.86000061035156,1965.9000244140625,82.70040130615234,4507.66015625,12.0600004196167,19253.80078125,13.56999969482422
2023-09-01,88.55000305175781,1967.0999755859373,82.68240356445312,4515.77001953125,11.369999885559082,19435.30078125,13.09000015258789
2023-09-04,88.55000305175781,1967.0999755859373,82.6969985961914,4515.77001953125,10.960000038146973,19528.80078125,13.09000015258789
2023-09-05,90.04000091552734,1952.5999755859373,82.7345962524414,4496.830078125,10.81999969482422,19574.900390625,14.010000228881836
2023-09-06,90.5999984741211,1944.199951171875,83.08609771728516,4465.47998046875,10.68000030517578,19611.05078125,14.449999809265137
2023-09-07,89.91999816894531,1942.5,83.25740051269531,4451.14013671875,10.869999885559082,19727.05078125,14.399999618530272
2023-09-08,90.6500015258789,1942.699951171875,83.24150085449219,4457.490234375,10.779999732971191,19819.94921875,13.84000015258789
2023-09-11,90.63999938964844,1947.199951171875,83.03130340576172,4487.4599609375,11.350000381469728,19996.349609375,13.800000190734863
2023-09-12,92.05999755859376,1935.0999755859373,82.94329833984375,4461.89990234375,11.6899995803833,19993.19921875,14.229999542236328
2023-09-13,91.87999725341795,1932.5,82.84300231933594,4467.43994140625,11.829999923706056,20070.0,13.479999542236328
2023-09-14,93.6999969482422,1932.800048828125,82.93679809570312,4505.10009765625,11.31999969482422,20103.099609375,12.81999969482422
2023-09-15,93.93000030517578,1946.199951171875,83.0282974243164,4450.31982421875,10.899999618530272,20192.349609375,13.789999961853027
2023-09-18,94.43000030517578,1953.4000244140625,83.08580017089844,4453.52978515625,10.84000015258789,20133.30078125,14.0
2023-09-20,93.52999877929688,1967.0999755859373,83.19499969482422,4402.2001953125,11.130000114440918,19901.400390625,15.140000343322754
2023-09-21,93.3000030517578,1939.5999755859373,83.08699798583984,4330.0,10.81999969482422,19742.349609375,17.540000915527344
2023-09-22,93.2699966430664,1945.5999755859373,82.89129638671875,4320.06005859375,10.65999984741211,19674.25,17.200000762939453
2023-09-25,93.29000091552734,1936.5999755859373,82.97480010986328,4337.43994140625,10.899999618530272,19674.55078125,16.899999618530273
2023-09-26,93.95999908447266,1919.800048828125,83.0282974243164,4273.52978515625,11.1899995803833,19664.69921875,18.940000534057617
2023-09-27,96.5500030517578,1890.9000244140625,83.29869842529297,4274.509765625,11.59000015258789,19716.44921875,18.21999931335449
2023-09-28,95.37999725341795,1878.5999755859373,83.22270202636719,4299.7001953125,12.81999969482422,19523.55078125,17.34000015258789
2023-09-29,95.30999755859376,1866.0999755859373,83.19300079345703,4288.0498046875,11.449999809265137,19638.30078125,17.520000457763672
2023-10-03,90.91999816894533,1841.5,83.3593978881836,4229.4501953125,11.789999961853027,19528.75,19.780000686645508
2023-10-04,85.80999755859375,1834.800048828125,83.22979736328125,4263.75,11.65999984741211,19436.099609375,18.57999992370605
2023-10-05,84.06999969482422,1831.800048828125,83.44979858398438,4258.18994140625,10.9399995803833,19545.75,18.489999771118164
2023-10-06,84.58000183105469,1845.199951171875,83.22489929199219,4308.5,10.300000190734863,19653.5,17.450000762939453
2023-10-09,88.1500015258789,1864.300048828125,83.12460327148438,4335.66015625,11.399999618530272,19512.349609375,17.700000762939453
2023-10-10,87.6500015258789,1875.300048828125,83.27030181884766,4358.240234375,11.270000457763672,19689.849609375,17.030000686645508
2023-10-11,85.81999969482422,1887.300048828125,83.25029754638672,4376.9501953125,10.989999771118164,19811.349609375,16.09000015258789
2023-10-12,86.0,1883.0,83.21800231933594,4349.60986328125,10.619999885559082,19794.0,16.690000534057617
2023-10-13,90.88999938964844,1941.5,83.26239776611328,4327.77978515625,10.619999885559082,19751.05078125,19.31999969482422
2023-10-16,89.6500015258789,1934.300048828125,83.28230285644531,4373.6298828125,11.06999969482422,19731.75,17.209999084472656
2023-10-17,89.9000015258789,1935.699951171875,83.19950103759766,4373.2001953125,10.699999809265137,19811.5,17.8799991607666
2023-10-18,91.5,1968.300048828125,83.26429748535156,4314.60009765625,10.970000267028809,19671.099609375,19.21999931335449
2023-10-19,92.37999725341795,1980.5,83.26860046386719,4278.0,10.899999618530272,19624.69921875,21.399999618530277
2023-10-20,92.16000366210938,1994.4000244140625,83.12229919433594,4224.16015625,10.81999969482422,19542.650390625,21.709999084472656
2023-10-23,89.83000183105469,1987.800048828125,83.15979766845703,4217.0400390625,10.90999984741211,19281.75,20.3700008392334
2023-10-25,90.12999725341795,1994.9000244140625,82.98780059814453,4186.77001953125,11.3100004196167,19122.150390625,20.190000534057617
2023-10-26,87.93000030517578,1997.4000244140625,83.1709976196289,4137.22998046875,11.729999542236328,18857.25,20.68000030517578
2023-10-27,90.4800033569336,1998.5,83.28250122070312,4117.3701171875,10.90999984741211,19047.25,21.270000457763672
2023-10-30,87.44999694824219,2005.5999755859373,83.41339874267578,4166.81982421875,11.489999771118164,19140.900390625,19.75
2023-10-31,87.41000366210938,1994.300048828125,83.29650115966797,4193.7998046875,11.829999923706056,19079.599609375,18.13999938964844
2023-11-01,84.62999725341797,1987.5,83.2771987915039,4237.85986328125,12.050000190734863,18989.150390625,16.8700008392334
2023-11-02,86.8499984741211,1993.5,85.19400024414062,4317.77978515625,11.079999923706056,19133.25,15.65999984741211
2023-11-03,84.88999938964844,1999.199951171875,83.24729919433594,4358.33984375,10.880000114440918,19230.599609375,14.90999984741211
2023-11-06,85.18000030517578,1988.5999755859373,83.15850067138672,4365.97998046875,11.109999656677246,19411.75,14.890000343322754
2023-11-07,81.61000061035156,1973.5,83.2228012084961,4378.3798828125,11.1899995803833,19406.69921875,14.8100004196167
2023-11-08,79.54000091552734,1957.800048828125,83.23269653320312,4382.77978515625,11.039999961853027,19443.5,14.449999809265137
2023-11-09,80.01000213623047,1969.800048828125,83.21769714355469,4347.35009765625,10.979999542236328,19395.30078125,15.289999961853027
2023-11-10,81.43000030517578,1937.699951171875,83.31939697265625,4415.240234375,11.109999656677246,19425.349609375,14.170000076293944
2023-11-13,82.5199966430664,1950.199951171875,83.29889678955078,4411.5498046875,11.1899995803833,19443.55078125,14.760000228881836
2023-11-15,81.18000030517578,1964.300048828125,82.98159790039062,4502.8798828125,11.140000343322754,19675.44921875,14.18000030517578
2023-11-16,77.41999816894531,1987.300048828125,83.18620300292969,4508.240234375,11.649999618530272,19765.19921875,14.31999969482422
2023-11-17,80.61000061035156,1984.699951171875,83.12030029296875,4514.02001953125,11.829999923706056,19731.80078125,13.800000190734863
2023-11-20,82.31999969482422,1980.300048828125,83.29149627685547,4547.3798828125,12.149999618530272,19694.0,13.40999984741211
2023-11-21,82.44999694824219,2001.5999755859373,83.32219696044922,4538.18994140625,12.229999542236328,19783.400390625,13.350000381469728
2023-11-22,81.95999908447266,1992.800048828125,83.345703125,4556.6201171875,11.869999885559082,19811.849609375,12.850000381469728
2023-11-23,81.37000274658203,1993.300048828125,83.54830169677734,4556.6201171875,11.31999969482422,19802.0,12.850000381469728
2023-11-24,80.58000183105469,2003.0,83.34400177001953,4559.33984375,11.329999923706056,19794.69921875,12.460000038146973
2023-11-28,81.68000030517578,2040.0,83.364501953125,4554.89013671875,12.18000030517578,19889.69921875,12.6899995803833
2023-11-29,83.0999984741211,2047.0999755859373,83.41809844970703,4550.580078125,12.710000038146973,20096.599609375,12.979999542236328
2023-11-30,82.83000183105469,2038.0999755859373,83.3302993774414,4567.7998046875,12.6899995803833,20133.150390625,12.920000076293944
2023-12-01,78.87999725341797,2089.699951171875,83.35269927978516,4594.6298828125,12.380000114440918,20267.900390625,12.630000114440918
2023-12-04,78.02999877929688,2042.199951171875,83.21859741210938,4569.77978515625,12.989999771118164,20686.80078125,13.079999923706056
2023-12-05,77.19999694824219,2036.300048828125,83.41709899902344,4567.18017578125,13.460000038146973,20855.099609375,12.850000381469728
2023-12-06,74.30000305175781,2047.9000244140625,83.31590270996094,4549.33984375,13.739999771118164,20937.69921875,12.970000267028809
2023-12-07,74.05000305175781,2046.4000244140625,83.28959655761719,4585.58984375,12.670000076293944,20901.150390625,13.0600004196167
2023-12-08,75.83999633789062,2014.5,83.35489654541016,4604.3701171875,12.470000267028809,20969.400390625,12.350000381469728
2023-12-11,76.02999877929688,1993.699951171875,83.43009948730469,4622.43994140625,12.760000228881836,20997.099609375,12.630000114440918
2023-12-12,73.23999786376953,1993.199951171875,83.34349822998047,4643.7001953125,12.710000038146973,20906.400390625,12.06999969482422
2023-12-13,74.26000213623047,1997.300048828125,83.39600372314453,4707.08984375,12.06999969482422,20926.349609375,12.1899995803833
2023-12-14,76.61000061035156,2044.9000244140625,83.2853012084961,4719.5498046875,12.31999969482422,21182.69921875,12.479999542236328
2023-12-15,76.55000305175781,2035.699951171875,83.29660034179688,4719.18994140625,13.130000114440918,21456.650390625,12.279999732971191
2023-12-18,77.94999694824219,2040.5,83.04170227050781,4740.56005859375,13.899999618530272,21418.650390625,12.5600004196167
2023-12-19,79.2300033569336,2052.10009765625,83.11119842529297,4768.3701171875,13.869999885559082,21453.099609375,12.529999732971191
2023-12-20,79.69999694824219,2047.699951171875,83.09159851074219,4698.35009765625,14.449999809265137,21150.150390625,13.670000076293944
2023-12-21,79.38999938964844,2051.300048828125,83.26719665527344,4746.75,13.760000228881836,21255.05078125,13.649999618530272
2023-12-22,79.06999969482422,2069.10009765625,83.13159942626953,4754.6298828125,13.710000038146973,21349.400390625,13.029999732971191
2023-12-26,81.06999969482422,2069.800048828125,83.17230224609375,4774.75,14.68000030517578,21441.349609375,12.989999771118164
2023-12-27,79.6500015258789,2093.10009765625,83.18280029296875,4781.580078125,15.5600004196167,21654.75,12.43000030517578
2023-12-28,78.38999938964844,2083.5,83.26719665527344,4783.35009765625,15.140000343322754,21778.69921875,12.470000267028809
2023-12-29,77.04000091552734,2071.800048828125,82.302001953125,4769.830078125,14.5,21731.400390625,12.449999809265137
2024-01-01,77.04000091552734,2071.800048828125,83.24859619140625,4769.830078125,14.5,21741.900390625,12.449999809265137
2024-01-02,75.88999938964844,2073.39990234375,83.20259857177734,4742.830078125,14.579999923706056,21665.80078125,13.199999809265137
2024-01-03,78.25,2042.800048828125,83.25700378417969,4704.81005859375,14.100000381469728,21517.349609375,14.039999961853027
2024-01-04,77.58999633789062,2050.0,83.31809997558594,4688.68017578125,13.329999923706056,21658.599609375,14.130000114440918
2024-01-05,78.76000213623047,2049.800048828125,83.2406005859375,4697.240234375,12.630000114440918,21710.80078125,13.350000381469728
2024-01-08,76.12000274658203,2033.5,83.19110107421875,4763.5400390625,13.460000038146973,21513.0,13.079999923706056
2024-01-09,77.58999633789062,2033.0,83.05069732666016,4756.5,13.260000228881836,21544.849609375,12.760000228881836
2024-01-10,76.80000305175781,2027.800048828125,83.131103515625,4783.4501953125,12.970000267028809,21618.69921875,12.6899995803833
2024-01-11,77.41000366210938,2019.199951171875,83.02559661865234,4780.240234375,12.770000457763672,21647.19921875,12.4399995803833
2024-01-12,78.29000091552734,2051.60009765625,83.07610321044922,4783.830078125,13.100000381469728,21894.55078125,12.699999809265137
2024-01-15,78.29000091552734,2051.60009765625,82.87210083007812,4783.830078125,13.789999961853027,22097.44921875,12.699999809265137
2024-01-16,78.29000091552734,2030.199951171875,82.8593978881836,4765.97998046875,13.56999969482422,22032.30078125,13.84000015258789
2024-01-17,77.87999725341797,2006.5,83.08899688720703,4739.2099609375,15.079999923706056,21571.94921875,14.789999961853027
2024-01-18,79.0999984741211,2021.5999755859373,83.17759704589844,4780.93994140625,14.06999969482422,21462.25,14.130000114440918
2024-01-19,78.55999755859375,2029.300048828125,83.16059875488281,4839.81005859375,13.880000114440918,21622.400390625,13.300000190734863
2024-01-23,79.55000305175781,2025.800048828125,83.09510040283203,4864.60009765625,14.850000381469728,21238.80078125,12.550000190734863
2024-01-24,80.04000091552734,2016.0,83.22139739990234,4868.5498046875,14.380000114440918,21453.94921875,13.140000343322754
2024-01-25,82.43000030517578,2017.800048828125,83.09760284423828,4894.16015625,13.869999885559082,21352.599609375,13.449999809265137
2024-01-29,82.4000015258789,2025.4000244140625,83.12129974365234,4927.93017578125,15.68000030517578,21737.599609375,13.600000381469728
2024-01-30,82.87000274658203,2031.5,83.1530990600586,4924.97021484375,16.100000381469727,21522.099609375,13.3100004196167
2024-01-31,81.70999908447266,2048.39990234375,83.10970306396484,4845.64990234375,16.049999237060547,21725.69921875,14.350000381469728
2024-02-01,78.69999694824219,2071.10009765625,83.05359649658203,4906.18994140625,14.460000038146973,21697.44921875,13.880000114440918
2024-02-02,77.33000183105469,2053.699951171875,82.92759704589844,4958.60986328125,14.699999809265137,21853.80078125,13.850000381469728
2024-02-05,77.98999786376953,2042.9000244140625,82.99929809570312,4942.81005859375,15.619999885559082,21771.69921875,13.670000076293944
2024-02-06,78.58999633789062,2051.39990234375,83.10369873046875,4954.22998046875,15.789999961853027,21929.400390625,13.0600004196167
2024-02-07,79.20999908447266,2051.699951171875,83.07060241699219,4995.06005859375,15.510000228881836,21930.5,12.829999923706056
2024-02-08,81.62999725341797,2047.9000244140625,83.01260375976562,4997.91015625,15.829999923706056,21717.94921875,12.789999961853027
2024-02-09,82.19000244140625,2038.699951171875,82.98529815673828,5026.60986328125,15.449999809265137,21782.5,12.93000030517578
2024-02-12,82.0,2033.0,83.0145034790039,5021.83984375,16.059999465942383,21616.05078125,13.93000030517578
2024-02-13,82.7699966430664,2007.199951171875,82.99019622802734,4953.169921875,15.8100004196167,21743.25,15.850000381469728
2024-02-14,81.5999984741211,2004.300048828125,83.07460021972656,5000.6201171875,15.4399995803833,21840.05078125,14.380000114440918
2024-02-15,82.86000061035156,2014.9000244140625,83.04309844970703,5029.72998046875,15.229999542236328,21910.75,14.010000228881836
2024-02-16,83.47000122070312,2024.0999755859373,83.00959777832031,5005.56982421875,15.220000267028809,22040.69921875,14.239999771118164
2024-02-19,83.47000122070312,2024.0999755859373,83.01599884033203,5005.56982421875,15.220000267028809,22122.25,14.239999771118164
2024-02-20,82.33999633789062,2039.800048828125,83.02100372314453,4975.509765625,16.06999969482422,22196.94921875,15.420000076293944
2024-02-21,83.02999877929688,2034.300048828125,82.8291015625,4981.7998046875,15.93000030517578,22055.05078125,15.34000015258789
2024-02-22,83.66999816894531,2030.699951171875,82.93840026855469,5087.02978515625,15.199999809265137,22217.44921875,14.539999961853027
2024-02-23,81.62000274658203,2049.39990234375,82.87229919433594,5088.7998046875,14.970000267028809,22212.69921875,13.75
2024-02-26,82.52999877929688,2038.9000244140625,82.88179779052734,5069.52978515625,15.600000381469728,22122.05078125,13.739999771118164
2024-02-27,83.6500015258789,2044.0999755859373,82.85199737548828,5078.18017578125,15.729999542236328,22198.349609375,13.43000030517578
2024-02-28,83.68000030517578,2042.699951171875,82.94819641113281,5069.759765625,16.329999923706055,21951.150390625,13.84000015258789
2024-02-29,83.62000274658203,2054.699951171875,82.91190338134766,5096.27001953125,15.56999969482422,21982.80078125,13.399999618530272
2024-03-01,83.55000305175781,2095.699951171875,82.910400390625,5137.080078125,15.239999771118164,22338.75,13.109999656677246
2024-03-04,82.80000305175781,2126.300048828125,82.84609985351562,5130.9501953125,14.920000076293944,22405.599609375,13.489999771118164
2024-03-05,82.04000091552734,2141.89990234375,82.9104995727539,5078.64990234375,14.380000114440918,22356.30078125,14.460000038146973
2024-03-06,82.95999908447266,2158.199951171875,82.88480377197266,5104.759765625,14.300000190734863,22474.05078125,14.5
2024-03-07,82.95999908447266,2165.199951171875,82.81909942626953,5157.35986328125,13.609999656677246,22493.55078125,14.4399995803833
2024-03-11,82.20999908447266,2188.60009765625,82.7520980834961,5117.93994140625,14.0,22332.650390625,15.220000267028809
2024-03-12,81.91999816894531,2166.10009765625,82.7782974243164,5175.27001953125,13.640000343322754,22335.69921875,13.84000015258789
2024-03-13,84.02999877929688,2180.800048828125,82.83509826660156,5165.31005859375,14.43000030517578,21997.69921875,13.75
2024-03-14,85.41999816894531,2167.5,82.83110046386719,5150.47998046875,13.619999885559082,22146.650390625,14.399999618530272
2024-03-15,85.33999633789062,2161.5,82.9655990600586,5117.08984375,13.6899995803833,22023.349609375,14.40999984741211
2024-03-18,86.88999938964844,2164.300048828125,82.88890075683594,5149.419921875,13.899999618530272,22055.69921875,14.329999923706056
2024-03-19,87.37999725341797,2159.699951171875,82.86360168457031,5178.509765625,14.109999656677246,21817.44921875,13.81999969482422
2024-03-20,85.94999694824219,2161.0,83.04239654541016,5224.6201171875,13.470000267028809,21839.099609375,13.039999961853027
2024-03-21,85.77999877929688,2184.699951171875,83.05460357666016,5241.52978515625,12.510000228881836,22011.94921875,12.920000076293944
2024-03-22,85.43000030517578,2160.0,83.22660064697266,5234.18017578125,12.220000267028809,22096.75,13.0600004196167
2024-03-26,86.25,2177.199951171875,83.41739654541016,5203.580078125,12.81999969482422,22004.69921875,13.239999771118164
2024-03-27,86.08999633789062,2190.60009765625,83.34549713134766,5248.490234375,12.699999809265137,22123.650390625,12.779999732971191
2024-03-28,87.4800033569336,2217.39990234375,83.36499786376953,5254.35009765625,12.829999923706056,22326.900390625,13.010000228881836
2024-04-01,87.41999816894531,2257.10009765625,83.36479949951172,5243.77001953125,12.079999923706056,22462.0,13.649999618530272
2024-04-02,88.91999816894531,2281.800048828125,83.40969848632812,5205.81005859375,11.649999618530272,22453.30078125,14.609999656677246
2024-04-03,89.3499984741211,2315.0,83.35030364990234,5211.490234375,11.369999885559082,22434.650390625,14.329999923706056
2024-04-04,90.6500015258789,2308.5,83.37329864501953,5147.2099609375,11.220000267028809,22514.650390625,16.350000381469727
2024-04-05,91.16999816894533,2345.39990234375,83.47779846191406,5204.33984375,11.34000015258789,22513.69921875,16.030000686645508
2024-04-08,90.37999725341795,2351.0,83.29679870605469,5202.39013671875,11.609999656677246,22666.30078125,15.1899995803833
2024-04-09,89.41999816894531,2362.39990234375,83.26959991455078,5209.91015625,11.359999656677246,22642.75,14.979999542236328
2024-04-10,90.4800033569336,2348.39990234375,83.22429656982422,5160.64013671875,11.109999656677246,22753.80078125,15.800000190734863
2024-04-12,90.4499969482422,2374.10009765625,83.34929656982422,5123.41015625,11.529999732971191,22519.400390625,17.309999465942383
2024-04-15,90.0999984741211,2383.0,83.61109924316406,5061.81982421875,12.470000267028809,22272.5,19.229999542236328
2024-04-16,90.0199966430664,2407.800048828125,83.50599670410156,5051.41015625,12.619999885559082,22147.900390625,18.399999618530277
2024-04-18,87.11000061035156,2398.0,83.5958023071289,5011.1201171875,13.039999961853027,21995.849609375,18.0
2024-04-19,87.29000091552734,2413.800048828125,83.54499816894531,4967.22998046875,13.460000038146973,22147.0,18.709999084472656
2024-04-22,87.0,2346.39990234375,83.38529968261719,5010.60009765625,12.699999809265137,22336.400390625,16.940000534057617
2024-04-23,88.41999816894531,2342.10009765625,83.38619995117188,5070.5498046875,10.199999809265137,22368.0,15.6899995803833
2024-04-24,88.0199966430664,2338.39990234375,83.2833023071289,5071.6298828125,10.279999732971191,22402.400390625,15.970000267028809
2024-04-25,89.01000213623047,2342.5,83.3405990600586,5048.419921875,10.729999542236328,22570.349609375,15.369999885559082
2024-04-26,89.5,2347.199951171875,83.30180358886719,5099.9599609375,10.93000030517578,22419.94921875,15.029999732971191
2024-04-29,88.4000015258789,2357.699951171875,83.40229797363281,5116.169921875,12.239999771118164,22643.400390625,14.670000076293944
2024-04-30,87.86000061035156,2302.89990234375,83.45110321044922,5035.68994140625,12.869999885559082,22604.849609375,15.649999618530272
2024-05-02,83.66999816894531,2309.60009765625,83.40640258789062,5064.2001953125,13.449999809265137,22648.19921875,14.68000030517578
2024-05-03,82.95999908447266,2308.60009765625,83.40630340576172,5127.7900390625,14.619999885559082,22475.849609375,13.489999771118164
2024-05-06,83.33000183105469,2331.199951171875,83.37999725341797,5180.740234375,16.600000381469727,22442.69921875,13.489999771118164
2024-05-07,83.16000366210938,2324.199951171875,83.4728012084961,5187.7001953125,17.010000228881836,22302.5,13.229999542236328
2024-05-08,83.58000183105469,2322.300048828125,83.46990203857422,5187.669921875,17.079999923706055,22302.5,13.0
2024-05-09,83.87999725341797,2340.300048828125,83.46430206298828,5214.080078125,18.200000762939453,21957.5,12.6899995803833
2024-05-10,82.79000091552734,2375.0,83.45939636230469,5222.68017578125,18.46999931335449,22055.19921875,12.550000190734863
2024-05-13,83.36000061035156,2343.0,83.5248031616211,5221.419921875,20.600000381469727,22104.05078125,13.600000381469728
2024-05-14,82.37999725341797,2359.89990234375,83.50550079345703,5246.68017578125,20.200000762939453,22217.849609375,13.420000076293944
2024-05-15,82.75,2394.89990234375,83.52420043945312,5308.14990234375,20.270000457763672,22200.55078125,12.449999809265137
2024-05-16,83.2699966430664,2385.5,83.40509796142578,5297.10009765625,20.0,22403.849609375,12.420000076293944
2024-05-17,83.9800033569336,2417.39990234375,83.47010040283203,5303.27001953125,19.799999237060547,22466.099609375,11.989999771118164
2024-05-21,82.87999725341797,2425.89990234375,83.31500244140625,5321.41015625,21.809999465942383,22529.05078125,11.859999656677246
2024-05-22,81.9000015258789,2392.89990234375,83.31680297851562,5307.009765625,21.46999931335449,22597.80078125,12.289999961853027
2024-05-23,81.36000061035156,2337.199951171875,83.26709747314453,5267.83984375,21.3799991607666,22967.650390625,12.770000457763672
2024-05-24,82.12000274658203,2334.5,83.2863998413086,5304.72021484375,21.709999084472656,22957.099609375,11.93000030517578
2024-05-27,82.12000274658203,2334.5,83.05220031738281,5304.72021484375,23.190000534057617,22932.44921875,11.93000030517578
2024-05-28,84.22000122070312,2356.5,83.14569854736328,5306.0400390625,24.200000762939453,22888.150390625,12.920000076293944
2024-05-29,83.5999984741211,2341.199951171875,83.20649719238281,5266.9501953125,24.18000030517578,22704.69921875,14.279999732971191
2024-05-30,81.86000061035156,2342.89990234375,83.3656005859375,5235.47998046875,24.18000030517578,22488.650390625,14.470000267028809
2024-05-31,81.62000274658203,2322.89990234375,83.3208999633789,5277.509765625,24.600000381469727,22530.69921875,12.920000076293944
2024-06-03,78.36000061035156,2369.300048828125,83.45079803466797,5283.39990234375,20.940000534057617,23263.900390625,13.109999656677246
2024-06-04,77.5199966430664,2347.39990234375,83.09339904785156,5291.33984375,26.75,21884.5,13.15999984741211
2024-06-05,78.41000366210938,2375.5,83.62940216064453,5354.02978515625,18.88999938964844,22620.349609375,12.630000114440918
2024-06-06,79.87000274658203,2390.89990234375,83.38079833984375,5352.9599609375,16.799999237060547,22821.400390625,12.579999923706056
2024-06-07,79.62000274658203,2325.0,83.47309875488281,5346.990234375,16.8799991607666,23290.150390625,12.220000267028809
2024-06-10,81.62999725341797,2327.0,83.52760314941406,5360.7900390625,16.399999618530273,23259.19921875,12.739999771118164
2024-06-11,81.91999816894531,2326.60009765625,83.52980041503906,5375.31982421875,14.770000457763672,23264.849609375,12.850000381469728
2024-06-12,82.5999984741211,2354.800048828125,83.5968017578125,5421.02978515625,14.390000343322754,23322.94921875,12.039999961853027
2024-06-13,82.75,2318.0,83.5343017578125,5433.740234375,13.489999771118164,23398.900390625,11.9399995803833
2024-06-14,82.62000274658203,2349.10009765625,83.52210235595703,5431.60009765625,12.81999969482422,23465.599609375,12.65999984741211
2024-06-18,85.33000183105469,2346.89990234375,83.51010131835938,5487.02978515625,12.970000267028809,23557.900390625,12.300000190734863
2024-06-19,85.33000183105469,2346.89990234375,83.37409973144531,5487.02978515625,13.710000038146973,23516.0,12.300000190734863
2024-06-20,85.70999908447266,2369.0,83.41950225830078,5473.169921875,13.350000381469728,23567.0,13.279999732971191
2024-06-21,85.23999786376953,2331.199951171875,83.60160064697266,5464.6201171875,13.18000030517578,23501.099609375,13.199999809265137
2024-06-24,86.01000213623047,2344.39990234375,83.5625,5447.8701171875,14.0600004196167,23537.849609375,13.329999923706056
2024-06-25,85.01000213623047,2330.800048828125,83.46040344238281,5469.2998046875,14.3100004196167,23721.30078125,12.84000015258789
2024-06-26,85.25,2313.199951171875,83.41459655761719,5477.89990234375,14.050000190734863,23868.80078125,12.550000190734863
2024-06-27,86.38999938964844,2336.60009765625,83.58039855957031,5482.8701171875,14.149999618530272,24044.5,12.239999771118164
2024-06-28,86.41000366210938,2339.60009765625,83.45089721679688,5460.47998046875,13.800000190734863,24010.599609375,12.4399995803833
2024-07-01,86.5999984741211,2338.89990234375,83.36750030517578,5475.08984375,13.829999923706056,24141.94921875,12.220000267028809
2024-07-02,86.23999786376953,2333.39990234375,83.44129943847656,5509.009765625,13.640000343322754,24123.849609375,12.029999732971191
2024-07-03,87.33999633789062,2369.39990234375,83.4791030883789,5537.02001953125,13.210000038146973,24286.5,12.09000015258789
2024-07-04,87.33999633789062,2369.39990234375,83.49120330810547,5537.02001953125,12.859999656677246,24302.150390625,12.09000015258789
2024-07-05,86.54000091552734,2397.699951171875,83.49340057373047,5567.18994140625,12.699999809265137,24323.849609375,12.479999542236328
2024-07-08,85.75,2363.5,83.47209930419922,5572.85009765625,13.600000381469728,24320.55078125,12.369999885559082
2024-07-09,84.66000366210938,2367.89990234375,83.45760345458984,5576.97998046875,14.279999732971191,24433.19921875,12.510000228881836
2024-07-10,85.08000183105469,2379.699951171875,83.49299621582031,5633.91015625,14.43000030517578,24324.44921875,12.850000381469728
2024-07-11,85.4000015258789,2421.89990234375,83.49590301513672,5584.5400390625,14.0,24315.94921875,12.920000076293944
2024-07-12,85.02999877929688,2420.699951171875,83.51850128173828,5615.35009765625,13.729999542236328,24502.150390625,12.460000038146973
2024-07-15,84.8499984741211,2428.89990234375,83.52030181884766,5631.22021484375,14.1899995803833,24586.69921875,13.119999885559082
2024-07-16,83.7300033569336,2467.800048828125,83.58760070800781,5667.2001953125,14.220000267028809,24613.0,13.1899995803833
2024-07-18,85.11000061035156,2456.39990234375,83.57209777832031,5544.58984375,14.510000228881836,24800.849609375,15.93000030517578
2024-07-19,82.62999725341797,2399.10009765625,83.67430114746094,5505.0,14.829999923706056,24530.900390625,16.520000457763672
2024-07-22,82.4000015258789,2394.699951171875,83.73030090332031,5564.41015625,15.4399995803833,24509.25,14.90999984741211
2024-07-23,81.01000213623047,2407.300048828125,83.67130279541016,5555.740234375,12.75,24479.05078125,14.720000267028809
2024-07-24,81.70999908447266,2415.699951171875,83.70680236816406,5427.1298828125,11.760000228881836,24413.5,18.040000915527344
2024-07-25,82.37000274658203,2353.5,83.74299621582031,5399.22021484375,12.619999885559082,24406.099609375,18.459999084472656
2024-07-26,81.12999725341797,2381.0,83.73760223388672,5459.10009765625,12.25,24834.849609375,16.389999389648438
2024-07-29,79.77999877929688,2377.800048828125,83.72779846191406,5463.5400390625,12.949999809265137,24836.099609375,16.600000381469727
2024-07-30,78.62999725341797,2405.0,83.75050354003906,5436.43994140625,12.880000114440918,24857.30078125,17.690000534057617
2024-07-31,80.72000122070312,2426.5,83.73899841308594,5522.2998046875,13.25,24951.150390625,16.360000610351562
2024-08-01,79.5199966430664,2480.800048828125,83.7177963256836,5446.68017578125,12.93000030517578,25010.900390625,18.59000015258789
2024-08-02,76.80999755859375,2469.800048828125,83.743896484375,5346.56005859375,14.31999969482422,24717.69921875,23.38999938964844
2024-08-05,76.30000305175781,2444.39990234375,83.73529815673828,5186.330078125,20.3700008392334,24055.599609375,38.56999969482422
2024-08-06,76.4800033569336,2431.60009765625,84.00260162353516,5240.02978515625,18.739999771118164,23992.55078125,27.709999084472656
2024-08-07,78.33000183105469,2432.39990234375,83.93489837646484,5199.5,16.170000076293945,24297.5,27.850000381469727
2024-08-08,79.16000366210938,2463.300048828125,83.94239807128906,5319.31005859375,16.600000381469727,24117.0,23.790000915527344
2024-08-09,79.66000366210938,2473.39990234375,83.98899841308594,5344.16015625,15.34000015258789,24367.5,20.3700008392334
2024-08-12,82.30000305175781,2504.0,83.94979858398438,5344.39013671875,15.869999885559082,24347.0,20.709999084472656
2024-08-13,80.69000244140625,2507.800048828125,83.88999938964844,5434.43017578125,16.170000076293945,24139.0,18.1200008392334
2024-08-14,79.76000213623047,2479.699951171875,83.88200378417969,5455.2099609375,15.4399995803833,24143.75,16.190000534057617
2024-08-16,79.68000030517578,2537.800048828125,83.94830322265625,5554.25,14.399999618530272,24541.150390625,14.800000190734863
2024-08-19,77.66000366210938,2541.300048828125,83.88980102539062,5608.25,14.31999969482422,24572.650390625,14.649999618530272
2024-08-20,77.19999694824219,2550.60009765625,83.87860107421875,5597.1201171875,13.81999969482422,24698.849609375,15.880000114440918
2024-08-21,76.05000305175781,2547.5,83.77940368652344,5620.85009765625,13.329999923706056,24770.19921875,16.270000457763672
2024-08-22,77.22000122070312,2516.699951171875,83.88860321044922,5570.64013671875,13.0,24811.5,17.549999237060547
2024-08-23,79.0199966430664,2546.300048828125,83.94059753417969,5634.60986328125,13.550000190734863,24823.150390625,15.859999656677246
2024-08-26,81.43000030517578,2555.199951171875,83.81379699707031,5616.83984375,13.800000190734863,25010.599609375,16.149999618530273
2024-08-27,79.55000305175781,2552.89990234375,83.88369750976562,5625.7998046875,13.630000114440918,25017.75,15.43000030517578
2024-08-28,78.6500015258789,2537.800048828125,83.92160034179688,5592.18017578125,13.949999809265137,25052.349609375,17.110000610351562
2024-08-29,79.94000244140625,2560.300048828125,83.94149780273438,5591.9599609375,13.789999961853027,25151.94921875,15.649999618530272
2024-08-30,78.80000305175781,2527.60009765625,83.89510345458984,5648.39990234375,13.390000343322754,25235.900390625,15.0
2024-09-02,78.80000305175781,2527.60009765625,83.86380004882812,5648.39990234375,14.0600004196167,25278.69921875,15.0
2024-09-03,73.75,2523.0,83.92729949951172,5528.93017578125,13.84000015258789,25279.849609375,20.71999931335449
2024-09-04,72.69999694824219,2526.0,83.95030212402344,5520.06982421875,14.380000114440918,25198.69921875,21.31999969482422
2024-09-05,72.69000244140625,2543.10009765625,83.98249816894531,5503.41015625,14.210000038146973,25145.099609375,19.899999618530277
2024-09-06,71.05999755859375,2524.60009765625,83.98359680175781,5408.419921875,15.220000267028809,24852.150390625,22.3799991607666
2024-09-09,71.83999633789062,2532.699951171875,83.98259735107422,5471.0498046875,14.239999771118164,24936.400390625,19.450000762939453
2024-09-10,69.19000244140625,2543.10009765625,83.98090362548828,5495.52001953125,13.359999656677246,25041.099609375,19.07999992370605
2024-09-11,70.61000061035156,2542.39990234375,83.98200225830078,5554.1298828125,13.630000114440918,24918.44921875,17.690000534057617
2024-09-12,71.97000122070312,2580.60009765625,83.99259948730469,5595.759765625,13.18000030517578,25388.900390625,17.06999969482422
2024-09-13,71.61000061035156,2610.699951171875,83.93479919433594,5626.02001953125,12.550000190734863,25356.5,16.559999465942383
2024-09-16,72.75,2608.89990234375,83.88480377197266,5633.08984375,12.460000038146973,25383.75,17.139999389648438
2024-09-17,73.69999694824219,2592.39990234375,83.88400268554688,5634.580078125,12.59000015258789,25418.55078125,17.610000610351562
2024-09-18,73.6500015258789,2598.60009765625,83.77059936523438,5618.259765625,13.369999885559082,25377.55078125,18.229999542236328
2024-09-19,74.87999725341797,2614.60009765625,83.69170379638672,5713.64013671875,12.470000267028809,25415.80078125,16.329999923706055
2024-09-20,74.48999786376953,2646.199951171875,83.61470031738281,5702.5498046875,12.789999961853027,25790.94921875,16.149999618530273
2024-09-23,73.9000015258789,2652.5,83.48709869384766,5718.56982421875,13.789999961853027,25939.05078125,15.890000343322754
2024-09-24,75.16999816894531,2677.0,83.55960083007812,5732.93017578125,13.390000343322754,25940.400390625,15.390000343322754
2024-09-25,73.45999908447266,2684.699951171875,83.56759643554688,5722.259765625,12.739999771118164,26004.150390625,15.40999984741211
2024-09-26,71.5999984741211,2694.89990234375,83.62409973144531,5745.3701171875,12.0,26216.05078125,15.369999885559082
2024-09-27,71.9800033569336,2668.10009765625,83.61710357666016,5738.169921875,11.960000038146973,26178.94921875,16.959999084472656
2024-09-30,71.7699966430664,2659.39990234375,83.71640014648438,5762.47998046875,12.789999961853027,25810.849609375,16.729999542236328
2024-10-01,73.55999755859375,2690.300048828125,83.82730102539062,5708.75,11.989999771118164,25796.900390625,19.26000022888184
2024-10-03,77.62000274658203,2679.199951171875,83.91960144042969,5699.93994140625,13.170000076293944,25250.099609375,20.489999771118164
2024-10-04,78.05000305175781,2667.800048828125,84.0093994140625,5751.06982421875,14.130000114440918,25014.599609375,19.209999084472656
2024-10-07,80.93000030517578,2666.0,84.02780151367188,5695.93994140625,15.079999923706056,24795.75,22.63999938964844
2024-10-08,77.18000030517578,2635.39990234375,83.96410369873047,5751.1298828125,14.59000015258789,25013.150390625,21.420000076293945
2024-10-09,76.58000183105469,2626.0,83.91459655761719,5792.0400390625,14.119999885559082,24981.94921875,20.86000061035156
2024-10-10,79.4000015258789,2639.300048828125,83.94219970703125,5780.0498046875,13.5,24998.44921875,20.93000030517578
2024-10-11,79.04000091552734,2676.300048828125,83.94599914550781,5815.02978515625,13.220000267028809,24964.25,20.459999084472656
2024-10-14,77.45999908447266,2665.60009765625,84.16829681396484,5859.85009765625,13.0,25127.94921875,19.700000762939453
2024-10-15,74.25,2678.89990234375,84.04850006103516,5815.259765625,13.0,25057.349609375,20.63999938964844
2024-10-16,74.22000122070312,2691.300048828125,84.05619812011719,5842.47021484375,13.050000190734863,24971.30078125,19.57999992370605
2024-10-17,74.44999694824219,2707.5,84.03929901123047,5841.47021484375,13.390000343322754,24749.849609375,19.11000061035156
2024-10-18,73.05999755859375,2730.0,84.05380249023438,5864.669921875,13.039999961853027,24854.05078125,18.030000686645508
2024-10-21,74.29000091552734,2738.89990234375,84.0687026977539,5853.97998046875,13.760000228881836,24781.099609375,18.3700008392334
2024-10-22,76.04000091552734,2759.800048828125,84.07350158691406,5851.2001953125,14.399999618530272,24472.099609375,18.200000762939453
2024-10-23,74.95999908447266,2729.39990234375,84.08399963378906,5797.419921875,14.619999885559082,24435.5,19.239999771118164
2024-10-24,74.37999725341797,2748.89990234375,84.06759643554688,5809.85986328125,13.970000267028809,24399.400390625,19.07999992370605
2024-10-25,76.05000305175781,2754.60009765625,84.08180236816406,5808.1201171875,14.630000114440918,24180.80078125,20.32999992370605
2024-10-28,71.41999816894531,2755.89990234375,84.10199737548828,5823.52001953125,14.289999961853027,24339.150390625,19.799999237060547
2024-10-29,71.12000274658203,2781.10009765625,84.10279846191406,5832.919921875,14.520000457763672,24466.849609375,19.34000015258789
2024-10-30,72.55000305175781,2800.800048828125,84.08930206298828,5813.669921875,15.510000228881836,24340.849609375,20.350000381469727
2024-10-31,73.16000366210938,2749.300048828125,84.08910369873047,5705.4501953125,15.550000190734863,24205.349609375,23.15999984741211
2024-11-01,73.0999984741211,2749.199951171875,84.09149932861328,5728.7998046875,15.899999618530272,24304.349609375,21.8799991607666
2024-11-04,75.08000183105469,2746.199951171875,84.13359832763672,5712.68994140625,16.690000534057617,23995.349609375,21.979999542236328
2024-11-05,75.52999877929688,2749.699951171875,84.15249633789062,5782.759765625,16.1200008392334,24213.30078125,20.489999771118164
2024-11-06,74.91999816894531,2676.300048828125,84.11630249023438,5929.0400390625,14.869999885559082,24484.05078125,16.270000457763672
2024-11-07,75.62999725341797,2705.800048828125,84.2511978149414,5973.10009765625,14.9399995803833,24199.349609375,15.199999809265137
2024-11-08,73.87000274658203,2694.800048828125,84.306396484375,5995.5400390625,14.470000267028809,24148.19921875,14.9399995803833
2024-11-11,71.83000183105469,2617.699951171875,84.38289642333984,6001.35009765625,14.270000457763672,24141.30078125,14.970000267028809
2024-11-12,71.88999938964844,2606.300048828125,84.39649963378906,5983.990234375,14.59000015258789,23883.44921875,14.710000038146973
2024-11-13,72.27999877929688,2586.5,84.39530181884766,5985.3798828125,15.4399995803833,23559.05078125,14.020000457763672
2024-11-14,72.55999755859375,2572.89990234375,84.4229965209961,5949.169921875,14.779999732971191,23532.69921875,14.3100004196167
2024-11-18,73.30000305175781,2614.60009765625,84.47750091552734,5893.6201171875,15.170000076293944,23453.80078125,15.579999923706056
2024-11-19,73.30999755859375,2631.0,84.39849853515625,5916.97998046875,15.65999984741211,23518.5,16.350000381469727
2024-11-21,74.2300033569336,2674.89990234375,84.38310241699219,5948.7099609375,15.989999771118164,23349.900390625,16.8700008392334
2024-11-22,75.16999816894531,2712.199951171875,84.48829650878906,5969.33984375,16.100000381469727,23907.25,15.239999771118164
2024-11-25,73.01000213623047,2618.5,84.43599700927734,5987.3701171875,15.300000190734863,24221.900390625,14.600000381469728
2024-11-26,72.80999755859375,2621.300048828125,84.37750244140625,6021.6298828125,15.3100004196167,24194.5,14.100000381469728
2024-11-27,72.83000183105469,2639.89990234375,84.33910369873047,5998.740234375,14.630000114440918,24274.900390625,14.100000381469728
2024-11-28,72.83000183105469,2639.89990234375,84.42030334472656,5998.740234375,15.210000038146973,23914.150390625,14.100000381469728
2024-11-29,72.94000244140625,2657.0,84.47160339355469,6032.3798828125,14.43000030517578,24131.099609375,13.510000228881836
2024-12-02,71.83000183105469,2658.5,84.55699920654297,6047.14990234375,14.699999809265137,24276.05078125,13.34000015258789
2024-12-03,73.62000274658203,2667.89990234375,84.73709869384766,6049.8798828125,14.369999885559082,24457.150390625,13.300000190734863
2024-12-04,72.30999755859375,2676.199951171875,84.68309783935547,6086.490234375,14.449999809265137,24467.44921875,13.449999809265137
2024-12-05,72.08999633789062,2648.39990234375,84.70700073242188,6075.10986328125,14.529999732971191,24708.400390625,13.539999961853027
2024-12-06,71.12000274658203,2659.60009765625,84.68379974365234,6090.27001953125,14.140000343322754,24677.80078125,12.770000457763672
2024-12-09,72.13999938964844,2685.800048828125,84.66600036621094,6052.85009765625,14.109999656677246,24619.0,14.1899995803833
2024-12-10,72.19000244140625,2718.39990234375,84.84729766845703,6034.91015625,13.779999732971191,24610.05078125,14.18000030517578
2024-12-11,73.5199966430664,2756.699951171875,84.8740005493164,6084.18994140625,13.270000457763672,24641.80078125,13.579999923706056
2024-12-12,73.41000366210938,2709.39990234375,84.85710144042969,6051.25,13.1899995803833,24548.69921875,13.920000076293944
2024-12-13,74.48999786376953,2675.800048828125,84.83920288085938,6051.08984375,13.050000190734863,24768.30078125,13.8100004196167
2024-12-16,73.91000366210938,2670.0,84.802001953125,6074.080078125,14.020000457763672,24668.25,14.6899995803833
2024-12-17,73.19000244140625,2662.0,84.91729736328125,6050.60986328125,14.489999771118164,24336.0,15.869999885559082
2024-12-18,73.38999938964844,2653.300048828125,84.91539764404297,5872.16015625,14.369999885559082,24198.849609375,27.6200008392334
2024-12-19,72.87999725341797,2608.10009765625,85.16549682617188,5867.080078125,14.510000228881836,23951.69921875,24.09000015258789
2024-12-20,72.94000244140625,2645.10009765625,85.27940368652344,5930.85009765625,15.06999969482422,23587.5,18.36000061035156
2024-12-23,72.62999725341797,2628.199951171875,84.94499969482422,5974.06982421875,13.520000457763672,23753.44921875,16.780000686645508
2024-12-24,73.58000183105469,2635.5,85.0988998413086,6040.0400390625,13.18000030517578,23727.650390625,14.270000457763672
2024-12-26,73.26000213623047,2653.89990234375,85.41339874267578,6037.58984375,14.039999961853027,23750.19921875,14.729999542236328
2024-12-27,74.16999816894531,2631.89990234375,85.26090240478516,5970.83984375,13.239999771118164,23813.400390625,15.949999809265137
2024-12-30,74.38999938964844,2618.10009765625,85.38600158691406,5906.93994140625,13.970000267028809,23644.900390625,17.399999618530273
2024-12-31,74.63999938964844,2641.0,85.7865982055664,5881.6298828125,14.449999809265137,23644.80078125,17.350000381469727
2025-01-01,74.63999938964844,2641.0,85.7865982055664,5881.6298828125,14.449999809265137,23742.900390625,17.350000381469727
2025-01-02,75.93000030517578,2669.0,85.78569793701172,5868.5498046875,13.739999771118164,24188.650390625,17.93000030517578
2025-01-03,76.51000213623047,2654.699951171875,85.80400085449219,5942.47021484375,13.539999961853027,24004.75,16.1299991607666
2025-01-06,76.30000305175781,2647.39990234375,85.75900268554688,5975.3798828125,15.649999618530272,23616.05078125,16.040000915527344
2025-01-07,77.05000305175781,2665.39990234375,85.68070220947266,5909.02978515625,14.65999984741211,23707.900390625,17.81999969482422
2025-01-08,76.16000366210938,2672.39990234375,85.80650329589844,5918.25,14.470000267028809,23688.94921875,17.700000762939453
2025-01-09,76.91999816894531,2690.800048828125,85.90750122070312,5918.25,14.65999984741211,23526.5,17.700000762939453
2025-01-10,79.76000213623047,2715.0,85.91999816894531,5827.0400390625,14.920000076293944,23431.5,19.540000915527344
2025-01-13,81.01000213623047,2678.60009765625,86.18800354003906,5836.22021484375,16.0,23085.94921875,19.190000534057617
2025-01-14,79.91999816894531,2682.300048828125,86.65059661865234,5842.91015625,15.470000267028809,23176.05078125,18.709999084472656
2025-01-15,82.02999877929688,2717.800048828125,86.535400390625,5949.91015625,15.260000228881836,23213.19921875,16.1200008392334
2025-01-16,81.29000091552734,2750.89990234375,86.43099975585938,5937.33984375,15.470000267028809,23311.80078125,16.600000381469727
2025-01-17,80.79000091552734,2748.699951171875,86.6061019897461,5996.66015625,15.75,23203.19921875,15.970000267028809
2025-01-20,80.79000091552734,2748.699951171875,86.56900024414062,5996.66015625,16.420000076293945,23344.75,15.970000267028809
2025-01-21,79.29000091552734,2759.199951171875,86.21109771728516,6049.240234375,17.059999465942383,23024.650390625,15.0600004196167
2025-01-22,79.0,2770.89990234375,86.45189666748047,6086.3701171875,16.770000457763672,23155.349609375,15.100000381469728
2025-01-23,78.29000091552734,2765.0,86.47270202636719,6118.7099609375,16.700000762939453,23205.349609375,15.020000457763672
2025-01-24,78.5,2778.89990234375,86.44020080566406,6101.240234375,16.75,23092.19921875,14.850000381469728
2025-01-27,77.08000183105469,2738.39990234375,86.2030029296875,6012.27978515625,18.1299991607666,22829.150390625,17.899999618530273
2025-01-28,77.48999786376953,2767.5,86.46839904785156,6067.7001953125,18.200000762939453,22957.25,16.40999984741211
2025-01-29,76.58000183105469,2769.800048828125,86.58460235595703,6039.31005859375,18.63999938964844,23163.099609375,16.559999465942383
2025-01-30,76.87000274658203,2823.0,86.6406021118164,6071.169921875,17.389999389648438,23249.5,15.84000015258789
2025-01-31,76.76000213623047,2812.5,86.64700317382812,6040.52978515625,16.25,23508.400390625,16.43000030517578
2025-02-01,76.76000213623047,2812.5,86.64700317382812,6040.52978515625,16.25,23482.150390625,16.43000030517578
2025-02-03,75.95999908447266,2857.10009765625,86.55400085449219,5994.56982421875,14.350000381469728,23361.05078125,18.6200008392334
2025-02-04,76.19999694824219,2875.800048828125,86.94339752197266,6037.8798828125,14.020000457763672,23739.25,17.209999084472656
2025-02-05,74.61000061035156,2893.0,87.13009643554688,6061.47998046875,14.079999923706056,23696.30078125,15.770000457763672
2025-02-06,74.29000091552734,2876.699951171875,87.33409881591797,6083.56982421875,14.18000030517578,23603.349609375,15.5
2025-02-07,74.66000366210938,2887.60009765625,87.58830261230469,6025.990234375,13.6899995803833,23559.94921875,16.540000915527344
2025-02-10,75.87000274658203,2934.39990234375,87.51309967041016,6066.43994140625,14.449999809265137,23381.599609375,15.8100004196167
2025-02-11,77.0,2932.60009765625,87.49009704589844,6068.5,14.869999885559082,23071.80078125,16.020000457763672
2025-02-12,75.18000030517578,2928.699951171875,86.81120300292969,6051.97021484375,14.899999618530272,23045.25,15.890000343322754
2025-02-13,75.0199966430664,2945.39990234375,86.8740005493164,6115.06982421875,14.960000038146973,23031.400390625,15.100000381469728
2025-02-14,74.73999786376953,2900.699951171875,86.75409698486328,6114.6298828125,15.020000457763672,22929.25,14.770000457763672
2025-02-17,74.73999786376953,2900.699951171875,86.43460083007812,6114.6298828125,15.720000267028809,22959.5,14.770000457763672
2025-02-18,75.83999633789062,2949.0,86.85479736328125,6129.580078125,15.670000076293944,22945.30078125,15.350000381469728
2025-02-19,76.04000091552734,2936.10009765625,86.88719940185547,6144.14990234375,15.420000076293944,22932.900390625,15.270000457763672
2025-02-20,76.4800033569336,2956.10009765625,86.872802734375,6117.52001953125,14.68000030517578,22913.150390625,15.65999984741211
2025-02-21,74.43000030517578,2953.199951171875,86.45120239257812,6013.1298828125,14.529999732971191,22795.900390625,18.209999084472656
2025-02-24,74.77999877929688,2963.199951171875,86.52940368652344,5983.25,14.4399995803833,22553.349609375,18.979999542236328
2025-02-25,73.0199966430664,2918.800048828125,86.69010162353516,5955.25,13.720000267028809,22547.55078125,19.43000030517578
2025-02-27,74.04000091552734,2895.89990234375,87.16220092773438,5861.56982421875,13.3100004196167,22545.05078125,21.1299991607666
2025-02-28,73.18000030517578,2848.5,87.3270034790039,5954.5,13.90999984741211,22124.69921875,19.6299991607666
2025-03-03,71.62000274658203,2901.10009765625,87.46399688720703,5849.72021484375,13.760000228881836,22119.30078125,22.780000686645508
2025-03-04,71.04000091552734,2920.60009765625,87.32959747314453,5778.14990234375,13.829999923706056,22082.650390625,23.51000022888184
2025-03-05,69.30000305175781,2926.0,87.21700286865234,5842.6298828125,13.670000076293944,22337.30078125,21.93000030517578
2025-03-06,69.45999908447266,2926.60009765625,86.88929748535156,5738.52001953125,13.729999542236328,22544.69921875,24.8700008392334
2025-03-07,70.36000061035156,2914.10009765625,87.12879943847656,5770.2001953125,13.470000267028809,22552.5,23.3700008392334
2025-03-10,69.27999877929688,2899.39990234375,87.07379913330078,5614.56005859375,13.989999771118164,22460.30078125,27.86000061035156
2025-03-11,69.55999755859375,2920.89990234375,87.3551025390625,5572.06982421875,14.06999969482422,22497.900390625,26.920000076293945
2025-03-12,70.94999694824219,2946.800048828125,87.20010375976562,5599.2998046875,13.6899995803833,22470.5,24.229999542236328
2025-03-13,69.87999725341797,2991.300048828125,87.3405990600586,5521.52001953125,13.279999732971191,22397.19921875,24.65999984741211
2025-03-17,71.06999969482422,3006.10009765625,86.93900299072266,5675.1201171875,13.420000076293944,22508.75,20.51000022888184
2025-03-18,70.55999755859375,3040.800048828125,86.91639709472656,5614.66015625,13.210000038146973,22834.30078125,21.700000762939453
2025-03-19,70.77999877929688,3041.199951171875,86.57610321044922,5675.2900390625,13.300000190734863,22907.599609375,19.899999618530277
2025-03-20,72.0,3043.800048828125,86.33709716796875,5662.89013671875,12.600000381469728,23190.650390625,19.799999237060547
2025-03-21,72.16000366210938,3021.39990234375,86.33609771728516,5667.56005859375,12.579999923706056,23350.400390625,19.280000686645508
2025-03-24,73.0,3015.60009765625,85.98699951171875,5767.56982421875,13.699999809265137,23658.349609375,17.479999542236328
2025-03-25,73.0199966430664,3025.89990234375,85.53209686279297,5776.64990234375,13.640000343322754,23668.650390625,17.149999618530273
2025-03-26,73.79000091552734,3022.5,85.59040069580078,5712.2001953125,13.470000267028809,23486.849609375,18.32999992370605
2025-03-27,74.02999877929688,3061.0,86.09539794921875,5693.31005859375,13.300000190734863,23591.94921875,18.690000534057617
2025-03-28,73.62999725341797,3086.5,85.69490051269531,5580.93994140625,12.720000267028809,23519.349609375,21.649999618530277
2025-04-01,74.48999786376953,3146.0,85.46810150146484,5633.06982421875,13.779999732971191,23165.69921875,21.770000457763672
2025-04-02,74.94999694824219,3166.199951171875,85.61009979248047,5670.97021484375,13.720000267028809,23332.349609375,21.51000022888184
2025-04-03,70.13999938964844,3121.699951171875,85.65119934082031,5396.52001953125,13.600000381469728,23250.099609375,30.020000457763672
2025-04-04,65.58000183105469,3035.39990234375,85.28289794921875,5074.080078125,13.760000228881836,22904.44921875,45.310001373291016
2025-04-07,64.20999908447266,2973.60009765625,85.529296875,5062.25,22.790000915527344,22161.599609375,46.97999954223633
2025-04-08,62.81999969482422,2990.199951171875,86.0270004272461,4982.77001953125,20.440000534057617,22535.849609375,52.33000183105469
2025-04-09,65.4800033569336,3079.39990234375,86.435302734375,5456.89990234375,21.43000030517578,22399.150390625,33.619998931884766
2025-04-11,64.76000213623047,3244.60009765625,86.2603988647461,5363.35986328125,20.11000061035156,22828.55078125,37.560001373291016
2025-04-15,64.66999816894531,3240.39990234375,86.0447998046875,5396.6298828125,16.1299991607666,23328.55078125,30.1200008392334
2025-04-16,65.8499984741211,3346.39990234375,85.72669982910156,5275.7001953125,15.869999885559082,23437.19921875,32.63999938964844
2025-04-17,67.95999908447266,3328.39990234375,85.62049865722656,5282.7001953125,15.470000267028809,23851.650390625,29.649999618530277
2025-04-21,66.26000213623047,3425.300048828125,85.62049865722656,5158.2001953125,15.520000457763672,24125.55078125,33.81999969482422
2025-04-22,67.44000244140625,3419.39990234375,85.15889739990234,5287.759765625,15.229999542236328,24167.25,30.56999969482422
2025-04-23,66.12000274658203,3294.10009765625,85.2323989868164,5375.85986328125,15.960000038146973,24328.94921875,28.450000762939453
2025-04-24,66.55000305175781,3348.60009765625,85.4999008178711,5484.77001953125,16.25,24246.69921875,26.46999931335449
2025-04-25,66.87000274658203,3298.39990234375,85.2573013305664,5525.2099609375,17.15999984741211,24039.349609375,24.84000015258789
2025-04-28,65.86000061035156,3347.699951171875,85.38490295410156,5528.75,16.940000534057617,24328.5,25.149999618530277
2025-04-29,64.25,3333.60009765625,85.1603012084961,5560.830078125,17.3700008392334,24335.94921875,24.170000076293945
2025-04-30,63.119998931884766,3319.10009765625,85.1707992553711,5569.06005859375,18.21999931335449,24334.19921875,24.700000762939453
2025-05-02,61.290000915527344,3243.300048828125,84.69670104980469,5686.669921875,18.26000022888184,24346.69921875,22.68000030517578
2025-05-05,60.22999954223633,3322.300048828125,84.52629852294922,5650.3798828125,18.34000015258789,24461.150390625,23.63999938964844
2025-05-06,62.150001525878906,3422.800048828125,84.2208023071289,5606.91015625,19.0,24379.599609375,24.76000022888184
2025-05-07,61.119998931884766,3391.89990234375,84.79319763183594,5631.27978515625,19.059999465942383,24414.400390625,23.549999237060547
2025-05-08,62.84000015258789,3306.0,84.81719970703125,5663.93994140625,21.01000022888184,24273.80078125,22.479999542236328
2025-05-09,63.90999984741211,3344.0,86.08219909667969,5659.91015625,21.6299991607666,24008.0,21.899999618530277
2025-05-12,64.95999908447266,3228.0,85.4083023071289,5844.18994140625,18.38999938964844,24924.69921875,18.38999938964844
2025-05-13,66.62999725341797,3247.800048828125,84.9656982421875,5886.5498046875,18.200000762939453,24578.349609375,18.21999931335449
2025-05-14,66.08999633789062,3188.300048828125,85.060302734375,5892.580078125,17.229999542236328,24666.900390625,18.6200008392334
2025-05-15,64.52999877929688,3226.60009765625,85.48760223388672,5916.93017578125,16.889999389648438,25062.099609375,17.829999923706055
2025-05-16,65.41000366210938,3187.199951171875,85.44490051269531,5958.3798828125,16.549999237060547,25019.80078125,17.239999771118164
2025-05-19,65.54000091552734,3233.5,85.50029754638672,5963.60009765625,17.360000610351562,24945.44921875,18.13999938964844
2025-05-20,65.37999725341797,3284.60009765625,85.37210083007812,5940.4599609375,17.389999389648438,24683.900390625,18.09000015258789
2025-05-21,64.91000366210938,3313.5,85.53610229492188,5844.60986328125,17.549999237060547,24813.44921875,20.8700008392334
2025-05-22,64.44000244140625,3295.0,85.60030364990234,5842.009765625,17.260000228881836,24609.69921875,20.280000686645508
2025-05-23,64.77999877929688,3365.800048828125,85.97489929199219,5802.81982421875,17.280000686645508,24853.150390625,22.290000915527344
2025-05-26,64.77999877929688,3365.800048828125,85.19930267333984,5802.81982421875,18.020000457763672,25001.150390625,22.290000915527344
2025-05-27,64.08999633789062,3300.39990234375,85.158203125,5921.5400390625,18.540000915527344,24826.19921875,18.959999084472656
2025-05-28,64.9000015258789,3294.89990234375,85.3604965209961,5888.5498046875,18.020000457763672,24752.44921875,19.309999465942383
2025-05-29,64.1500015258789,3317.10009765625,85.38590240478516,5912.169921875,16.420000076293945,24833.599609375,19.18000030517578
2025-05-30,63.900001525878906,3288.89990234375,85.36129760742188,5911.68994140625,16.079999923706055,24750.69921875,18.56999969482422
2025-06-02,64.62999725341797,3397.199951171875,85.52429962158203,5935.93994140625,17.15999984741211,24716.599609375,18.36000061035156
2025-06-03,65.62999725341797,3377.10009765625,85.36370086669922,5970.3701171875,16.559999465942383,24542.5,17.690000534057617
2025-06-04,64.86000061035156,3399.199951171875,85.70880126953125,5970.81005859375,15.75,24620.19921875,17.610000610351562
2025-06-05,65.33999633789062,3375.10009765625,85.9041976928711,5939.2998046875,15.079999923706056,24750.900390625,18.479999542236328
2025-06-06,66.47000122070312,3346.60009765625,85.87750244140625,6000.35986328125,14.630000114440918,25003.05078125,16.770000457763672
2025-06-09,67.04000091552734,3354.89990234375,85.7853012084961,6005.8798828125,14.6899995803833,25103.19921875,17.15999984741211
2025-06-10,66.87000274658203,3343.39990234375,85.75599670410156,6038.81005859375,14.020000457763672,25104.25,16.950000762939453
2025-06-11,69.7699966430664,3343.699951171875,85.65280151367188,6022.240234375,13.670000076293944,25141.400390625,17.260000228881836
2025-06-12,69.36000061035156,3402.39990234375,85.46980285644531,6045.259765625,14.020000457763672,24888.19921875,18.020000457763672
2025-06-13,74.2300033569336,3452.800048828125,85.68840026855469,5976.97021484375,15.079999923706056,24718.599609375,20.81999969482422
2025-06-16,73.2300033569336,3417.300048828125,86.24919891357422,6033.10986328125,14.84000015258789,24946.5,19.11000061035156
2025-06-17,76.44999694824219,3406.89990234375,86.10420227050781,5982.72021484375,14.399999618530272,24853.400390625,21.600000381469727
2025-06-18,76.69999694824219,3408.10009765625,86.36270141601562,5980.8701171875,14.279999732971191,24812.05078125,20.13999938964844
2025-06-19,76.69999694824219,3408.10009765625,86.61360168457031,5980.8701171875,14.260000228881836,24793.25,20.13999938964844
2025-06-20,77.01000213623047,3385.699951171875,86.58380126953125,5967.83984375,13.670000076293944,25112.400390625,20.6200008392334
2025-06-23,71.4800033569336,3395.0,86.5802993774414,6025.169921875,14.050000190734863,24971.900390625,19.82999992370605
2025-06-24,67.13999938964844,3333.89990234375,86.23300170898438,6092.18017578125,13.640000343322754,25044.349609375,17.479999542236328
2025-06-25,67.68000030517578,3343.10009765625,85.90480041503906,6092.16015625,12.960000038146973,25244.75,16.760000228881836
2025-06-26,67.7300033569336,3348.0,86.006103515625,6141.02001953125,12.59000015258789,25549.0,16.59000015258789
2025-06-27,67.7699966430664,3287.60009765625,85.66639709472656,6173.06982421875,12.390000343322754,25637.80078125,16.31999969482422
2025-06-30,67.61000061035156,3307.699951171875,85.4552993774414,6204.9501953125,12.789999961853027,25517.05078125,16.729999542236328
2025-07-01,67.11000061035156,3349.800048828125,85.71399688720703,6198.009765625,12.529999732971191,25541.80078125,16.829999923706055
2025-07-02,69.11000061035156,3359.699951171875,85.6427993774414,6227.419921875,12.449999809265137,25453.400390625,16.639999389648438
2025-07-03,68.80000305175781,3342.89990234375,85.69409942626953,6279.35009765625,12.390000343322754,25405.30078125,16.3799991607666
2025-07-04,68.29000091552734,3346.5,85.31909942626953,6279.35009765625,12.31999969482422,25461.0,16.3799991607666
2025-07-07,69.58000183105469,3342.800048828125,85.49629974365234,6229.97998046875,12.5600004196167,25461.30078125,17.790000915527344
2025-07-08,70.1500015258789,3316.89990234375,85.89199829101562,6225.52001953125,12.199999809265137,25522.5,16.809999465942383
2025-07-09,70.19000244140625,3321.0,85.7073974609375,6263.259765625,11.9399995803833,25476.099609375,15.9399995803833
2025-07-10,68.63999938964844,3325.699951171875,85.70850372314453,6280.4599609375,11.670000076293944,25355.25,15.779999732971191
2025-07-11,70.36000061035156,3364.0,85.73480224609375,6259.75,11.81999969482422,25149.849609375,16.399999618530273
2025-07-14,69.20999908447266,3359.10009765625,85.82129669189453,6268.56005859375,11.979999542236328,25082.30078125,17.200000762939453
2025-07-15,68.70999908447266,3336.699951171875,85.96839904785156,6243.759765625,11.479999542236328,25195.80078125,17.3799991607666
2025-07-16,68.5199966430664,3359.10009765625,85.99310302734375,6263.7001953125,11.239999771118164,25212.05078125,17.15999984741211
2025-07-17,69.5199966430664,3345.300048828125,85.88520050048828,6297.35986328125,11.239999771118164,25111.44921875,16.520000457763672
2025-07-18,69.27999877929688,3358.300048828125,86.04650115966797,6296.7900390625,11.390000343322754,24968.400390625,16.40999984741211
2025-07-21,69.20999908447266,3406.39990234375,86.14859771728516,6305.60009765625,11.199999809265137,25090.69921875,16.649999618530273
2025-07-22,68.58999633789062,3443.699951171875,86.19529724121094,6309.6201171875,10.75,25060.900390625,16.5
2025-07-23,68.51000213623047,3397.60009765625,86.3427963256836,6358.91015625,10.520000457763672,25219.900390625,15.369999885559082
2025-07-24,69.18000030517578,3373.5,86.39869689941406,6363.35009765625,10.720000267028809,25062.099609375,15.390000343322754
2025-07-25,68.44000244140625,3335.60009765625,86.4302978515625,6388.64013671875,11.279999732971191,24837.0,14.93000030517578
2025-07-28,70.04000091552734,3310.0,86.506103515625,6389.77001953125,12.0600004196167,24680.900390625,15.029999732971191
2025-07-29,72.51000213623047,3324.0,86.77760314941406,6370.85986328125,11.529999732971191,24821.099609375,15.979999542236328
2025-07-30,73.23999786376953,3295.800048828125,87.06320190429688,6362.89990234375,11.210000038146973,24855.05078125,15.479999542236328
2025-07-31,72.52999877929688,3293.199951171875,87.714599609375,6339.39013671875,11.539999961853027,24768.349609375,16.719999313354492
2025-08-01,69.66999816894531,3399.800048828125,87.4894027709961,6238.009765625,11.979999542236328,24565.349609375,20.3799991607666
2025-08-04,68.76000213623047,3426.39990234375,87.24530029296875,6329.93994140625,11.970000267028809,24722.75,17.520000457763672
2025-08-05,67.63999938964844,3434.699951171875,87.89330291748047,6299.18994140625,11.710000038146973,24649.55078125,17.850000381469727
2025-08-06,66.88999938964844,3433.39990234375,87.72309875488281,6345.06005859375,11.960000038146973,24574.19921875,16.770000457763672
2025-08-07,66.43000030517578,3453.699951171875,87.76249694824219,6340.0,11.6899995803833,24596.150390625,16.56999969482422
2025-08-08,66.58999633789062,3491.300048828125,87.43319702148438,6389.4501953125,12.029999732971191,24363.30078125,15.149999618530272
2025-08-11,66.62999725341797,3404.699951171875,87.48829650878906,6373.4501953125,12.220000267028809,24585.05078125,16.25
2025-08-12,66.12000274658203,3399.0,87.66449737548828,6445.759765625,12.229999542236328,24487.400390625,14.729999542236328
2025-08-13,65.62999725341797,3408.300048828125,87.59559631347656,6466.580078125,12.140000343322754,24619.349609375,14.489999771118164
2025-08-14,66.83999633789062,3383.199951171875,87.44999694824219,6468.5400390625,12.359999656677246,24631.30078125,14.829999923706056
2025-08-18,66.5999984741211,3378.0,87.51280212402344,6449.14990234375,12.34000015258789,24876.94921875,14.989999771118164
2025-08-19,65.79000091552734,3358.699951171875,87.29509735107422,6411.3701171875,11.789999961853027,24980.650390625,15.56999969482422
2025-08-20,66.83999633789062,3388.5,87.0791015625,6395.77978515625,11.789999961853027,25050.55078125,15.6899995803833
2025-08-21,67.66999816894531,3381.60009765625,87.01820373535156,6370.169921875,11.369999885559082,25083.75,16.600000381469727
2025-08-22,67.7300033569336,3418.5,87.29340362548828,6466.91015625,11.729999542236328,24870.099609375,14.220000267028809
2025-08-25,68.80000305175781,3417.5,87.3301010131836,6439.31982421875,11.760000228881836,24967.75,14.789999961853027
2025-08-26,67.22000122070312,3433.0,87.60859680175781,6465.93994140625,12.1899995803833,24712.05078125,14.619999885559082
2025-08-28,68.62000274658203,3474.300048828125,87.65910339355469,6501.85986328125,12.18000030517578,24500.900390625,14.43000030517578
2025-08-29,68.12000274658203,3516.10009765625,87.5916976928711,6460.259765625,11.75,24426.849609375,15.359999656677246
2025-09-01,68.12000274658203,3516.10009765625,88.17430114746094,6460.259765625,11.289999961853027,24625.05078125,15.359999656677246
2025-09-02,69.13999938964844,3592.199951171875,88.00140380859375,6415.5400390625,11.399999618530272,24579.599609375,17.170000076293945
2025-09-03,67.5999984741211,3635.5,87.99829864501953,6448.259765625,10.93000030517578,24715.05078125,16.350000381469727
2025-09-04,66.98999786376953,3606.699951171875,88.072998046875,6502.080078125,10.850000381469728,24734.30078125,15.300000190734863
2025-09-05,65.5,3653.300048828125,88.19290161132812,6481.5,10.779999732971191,24741.0,15.18000030517578
2025-09-08,66.0199966430664,3677.39990234375,88.1863021850586,6495.14990234375,10.84000015258789,24773.150390625,15.109999656677246
2025-09-09,66.38999938964844,3682.199951171875,87.98049926757812,6512.60986328125,10.6899995803833,24868.599609375,15.039999961853027
2025-09-10,67.48999786376953,3682.0,88.21829986572266,6532.0400390625,10.539999961853027,24973.099609375,15.350000381469728
2025-09-11,66.37000274658203,3673.60009765625,88.05339813232422,6587.47021484375,10.359999656677246,25005.5,14.710000038146973
2025-09-12,66.98999786376953,3686.39990234375,88.2676010131836,6584.2900390625,10.119999885559082,25114.0,14.760000228881836
2025-09-15,67.44000244140625,3719.0,88.27729797363281,6615.27978515625,10.399999618530272,25069.19921875,15.6899995803833
2025-09-16,68.47000122070312,3725.10009765625,88.12349700927734,6606.759765625,10.270000457763672,25239.099609375,16.360000610351562
2025-09-17,67.94999694824219,3717.800048828125,87.88459777832031,6600.35009765625,10.25,25330.25,15.720000267028809
2025-09-18,67.44000244140625,3678.300048828125,87.91069793701172,6631.9599609375,9.890000343322754,25423.599609375,15.699999809265137
2025-09-19,66.68000030517578,3705.800048828125,88.20690155029297,6664.35986328125,9.970000267028809,25327.05078125,15.449999809265137
2025-09-22,66.56999969482422,3775.10009765625,88.09919738769531,6693.75,10.5600004196167,25202.349609375,16.100000381469727
2025-09-23,67.62999725341797,3815.699951171875,88.30439758300781,6656.919921875,10.630000114440918,25169.5,16.639999389648438
2025-09-24,69.30999755859375,3768.10009765625,88.80799865722656,6637.97021484375,10.520000457763672,25056.900390625,16.18000030517578
2025-09-25,69.41999816894531,3771.10009765625,88.77860260009766,6604.72021484375,10.779999732971191,24890.849609375,16.739999771118164
2025-09-26,70.12999725341797,3809.0,88.77310180664062,6643.7001953125,11.43000030517578,24654.69921875,15.289999961853027
2025-09-29,67.97000122070312,3855.199951171875,88.67680358886719,6661.2099609375,11.369999885559082,24634.900390625,16.1200008392334
2025-09-30,67.0199966430664,3873.199951171875,88.70449829101562,6688.4599609375,11.06999969482422,24611.099609375,16.280000686645508
2025-10-01,65.3499984741211,3897.5,88.8406982421875,6711.2001953125,10.289999961853027,24836.30078125,16.290000915527344
2025-10-03,64.52999877929688,3908.89990234375,88.72019958496094,6715.7900390625,10.0600004196167,24894.25,16.649999618530273
2025-10-06,65.47000122070312,3976.300048828125,88.73509979248047,6740.27978515625,10.1899995803833,25077.650390625,16.3700008392334
2025-10-07,65.44999694824219,4004.39990234375,88.72109985351562,6714.58984375,10.050000190734863,25108.30078125,17.239999771118164
2025-10-08,66.25,4070.5,88.74259948730469,6753.72021484375,10.3100004196167,25046.150390625,16.299999237060547
2025-10-09,65.22000122070312,3972.60009765625,88.7771987915039,6735.10986328125,10.119999885559082,25181.80078125,16.43000030517578
2025-10-10,62.72999954223633,4000.39990234375,88.86540222167969,6552.509765625,10.100000381469728,25285.349609375,21.65999984741211
2025-10-13,63.31999969482422,4133.0,88.7573013305664,6654.72021484375,11.010000228881836,25227.349609375,19.030000686645508
2025-10-14,62.38999938964844,4163.39990234375,88.66510009765625,6644.31005859375,11.15999984741211,25145.5,20.809999465942383
2025-10-15,61.90999984741211,4201.60009765625,88.78250122070312,6671.06005859375,10.529999732971191,25323.55078125,20.63999938964844
2025-10-16,61.060001373291016,4304.60009765625,87.80950164794922,6629.06982421875,10.869999885559082,25585.30078125,25.309999465942383
2025-10-17,61.290000915527344,4213.2998046875,87.9906997680664,6664.009765625,11.630000114440918,25709.849609375,20.780000686645508
2025-10-20,61.0099983215332,4359.39990234375,88.0022964477539,6735.1298828125,11.359999656677246,25843.150390625,18.229999542236328
2025-10-21,61.31999969482422,4109.10009765625,87.87999725341797,6735.35009765625,11.300000190734863,25868.599609375,17.8700008392334
2025-10-23,65.98999786376953,4145.60009765625,87.74030303955078,6738.43994140625,11.729999542236328,25891.400390625,17.299999237060547
2025-10-24,65.94000244140625,4137.7998046875,87.77899932861328,6791.68994140625,11.59000015258789,25795.150390625,16.3700008392334
2025-10-27,65.62000274658203,4019.699951171875,87.8290023803711,6875.16015625,11.859999656677246,25966.05078125,15.789999961853027
2025-10-28,64.4000015258789,3983.10009765625,88.22209930419922,6890.89013671875,11.949999809265137,25936.19921875,16.420000076293945
2025-10-29,64.91999816894531,4000.699951171875,88.22550201416016,6890.58984375,11.970000267028809,26053.900390625,16.920000076293945
2025-10-30,65.0,4015.89990234375,88.34559631347656,6822.33984375,12.06999969482422,25877.849609375,16.90999984741211
2025-10-31,65.06999969482422,3996.5,88.6344985961914,6840.2001953125,12.149999618530272,25722.099609375,17.440000534057617
2025-11-03,64.88999938964844,4014.0,88.77539825439453,6851.97021484375,12.670000076293944,25763.349609375,17.170000076293945
2025-11-04,64.44000244140625,3960.5,88.72339630126953,6771.5498046875,12.649999618530272,25597.650390625,19.0
2025-11-06,63.380001068115234,3991.0,88.55690002441406,6720.31982421875,12.40999984741211,25509.69921875,19.5
2025-11-07,63.630001068115234,4009.800048828125,88.6729965209961,6728.7998046875,12.5600004196167,25492.30078125,19.07999992370605
2025-11-10,64.05999755859375,4122.0,88.65799713134766,6832.43017578125,12.300000190734863,25574.349609375,17.600000381469727
2025-11-11,65.16000366210938,4116.2998046875,88.70709991455078,6846.60986328125,12.489999771118164,25694.94921875,17.280000686645508
2025-11-12,62.709999084472656,4213.60009765625,88.46649932861328,6850.919921875,12.109999656677246,25875.80078125,17.510000228881836
2025-11-13,63.0099983215332,4194.5,88.59400177001953,6737.490234375,12.15999984741211,25879.150390625,20.0
2025-11-14,64.38999938964844,4094.199951171875,88.81610107421875,6734.10986328125,11.9399995803833,25910.05078125,19.82999992370605
2025-11-17,64.19999694824219,4074.5,88.68199920654297,6672.41015625,11.789999961853027,26013.44921875,22.3799991607666
2025-11-18,64.88999938964844,4066.5,88.63590240478516,6617.31982421875,12.100000381469728,25910.05078125,24.690000534057617
2025-11-19,63.5099983215332,4082.800048828125,88.55680084228516,6642.16015625,11.970000267028809,26052.650390625,23.65999984741211
2025-11-20,63.380001068115234,4060.0,88.48719787597656,6538.759765625,12.140000343322754,26192.150390625,26.420000076293945
2025-11-21,62.560001373291016,4079.5,88.69219970703125,6602.990234375,13.630000114440918,26068.150390625,23.43000030517578
2025-11-24,63.369998931884766,4094.199951171875,89.63400268554688,6705.1201171875,13.239999771118164,25959.5,20.520000457763672
2025-11-25,62.47999954223633,4140.0,89.14779663085938,6765.8798828125,12.239999771118164,25884.80078125,18.559999465942383
2025-11-26,63.130001068115234,4165.2001953125,89.15059661865234,6812.60986328125,11.970000267028809,26205.30078125,17.190000534057617
2025-11-27,63.130001068115234,4165.2001953125,89.16300201416016,6812.60986328125,11.789999961853027,26215.55078125,17.190000534057617
2025-11-28,63.20000076293945,4254.89990234375,89.36479949951172,6849.08984375,11.619999885559082,26202.94921875,16.350000381469727
2025-12-01,63.16999816894531,4274.7998046875,89.3499984741211,6812.6298828125,11.630000114440918,26175.75,17.239999771118164
2025-12-02,62.45000076293945,4220.7998046875,89.61270141601562,6829.3701171875,11.229999542236328,26032.19921875,16.59000015258789
2025-12-03,62.66999816894531,4232.5,89.91719818115234,6849.72021484375,11.210000038146973,25986.0,16.079999923706055
2025-12-04,63.2599983215332,4243.0,90.17050170898438,6857.1201171875,10.81999969482422,26033.75,15.779999732971191
2025-12-05,63.75,4243.0,89.8364028930664,6870.39990234375,10.31999969482422,26186.44921875,15.40999984741211
2025-12-08,62.4900016784668,4217.7001953125,89.93800354003906,6846.509765625,11.130000114440918,25960.55078125,16.65999984741211
2025-12-09,61.93999862670898,4236.2001953125,90.12999725341795,6840.509765625,10.949999809265137,25839.650390625,16.93000030517578
2025-12-10,62.209999084472656,4224.7001953125,89.91690063476562,6886.68017578125,10.90999984741211,25758.0,15.770000457763672
2025-12-11,61.27999877929688,4313.0,89.79299926757812,6901.0,10.399999618530272,25898.55078125,14.850000381469728
2025-12-12,61.119998931884766,4328.2998046875,90.25299835205078,6827.41015625,10.109999656677246,26046.94921875,15.739999771118164
2025-12-15,60.560001373291016,4335.2001953125,90.5770034790039,6816.509765625,10.25,26027.30078125,16.5
2025-12-16,58.91999816894531,4332.2998046875,90.7769012451172,6800.259765625,10.0600004196167,25860.099609375,16.479999542236328
2025-12-17,59.68000030517578,4373.89990234375,90.94889831542967,6721.43017578125,9.84000015258789,25818.55078125,17.6200008392334
2025-12-18,59.81999969482422,4364.5,90.4136962890625,6774.759765625,9.710000038146973,25815.55078125,16.8700008392334
2025-12-19,60.470001220703125,4387.2998046875,90.25579833984376,6834.5,9.520000457763672,25966.400390625,14.90999984741211
2025-12-22,62.06999969482422,4469.39990234375,89.56999969482422,6878.490234375,9.68000030517578,26172.400390625,14.079999923706056
2025-12-23,62.380001068115234,4505.7001953125,89.60389709472656,6909.7900390625,9.380000114440918,26177.150390625,14.0
2025-12-24,62.2400016784668,4502.7998046875,89.50789642333984,6932.0498046875,9.1899995803833,26142.099609375,13.470000267028809
2025-12-26,60.63999938964844,4552.7001953125,90.10590362548828,6929.93994140625,9.149999618530272,26042.30078125,13.600000381469728
2025-12-29,61.93999862670898,4343.60009765625,89.82929992675781,6905.740234375,9.720000267028809,25942.099609375,14.199999809265137
2025-12-30,61.91999816894531,4386.2998046875,89.9000015258789,6896.240234375,9.68000030517578,25938.849609375,14.329999923706056
2025-12-31,60.84999847412109,4341.10009765625,89.76940155029297,6845.5,9.479999542236328,26129.599609375,14.949999809265137
2026-01-01,60.84999847412109,4341.10009765625,89.76940155029297,6845.5,9.479999542236328,26146.55078125,14.949999809265137
2026-01-02,60.75,4329.60009765625,89.96189880371094,6858.47021484375,9.449999809265137,26328.55078125,14.510000228881836
2026-01-05,61.7599983215332,4451.5,90.00700378417969,6902.0498046875,10.020000457763672,26250.30078125,14.899999618530272
2026-01-06,60.70000076293945,4496.10009765625,90.23300170898438,6944.81982421875,10.020000457763672,26178.69921875,14.75
2026-01-07,59.959999084472656,4462.5,90.16609954833984,6920.93017578125,9.949999809265137,26140.75,15.380000114440918
2026-01-08,61.9900016784668,4460.7001953125,89.8644027709961,6921.4599609375,10.600000381469728,25876.849609375,15.449999809265137
2026-01-09,63.34000015258789,4500.89990234375,89.90540313720703,6966.27978515625,10.93000030517578,25683.30078125,14.489999771118164
2026-01-12,63.869998931884766,4614.7001953125,90.23600006103516,6977.27001953125,11.369999885559082,25790.25,15.119999885559082
2026-01-13,65.47000122070312,4599.10009765625,90.13269805908205,6963.740234375,11.199999809265137,25732.30078125,15.979999542236328
2026-01-14,66.5199966430664,4635.7001953125,90.27300262451172,6926.60009765625,11.31999969482422,25665.599609375,16.75
2026-01-16,64.12999725341797,4595.39990234375,90.36160278320312,6940.009765625,11.369999885559082,25694.349609375,15.859999656677246
2026-01-19,64.12999725341797,4595.39990234375,90.7020034790039,6940.009765625,11.829999923706056,25585.5,15.859999656677246
2026-01-20,64.91999816894531,4765.7998046875,90.90450286865234,6796.85986328125,12.729999542236328,25232.5,20.09000015258789
2026-01-21,65.23999786376953,4837.5,91.11840057373048,6875.6201171875,13.779999732971191,25157.5,16.899999618530273
2026-01-22,64.05999755859375,4913.39990234375,91.53690338134766,6913.35009765625,13.350000381469728,25289.900390625,15.640000343322754
2026-01-23,65.87999725341797,4979.7001953125,91.55829620361328,6915.60986328125,14.1899995803833,25048.650390625,16.09000015258789
2026-01-27,67.56999969482422,5082.60009765625,91.71309661865234,6978.60009765625,14.449999809265137,25175.400390625,16.350000381469727
2026-01-28,68.4000015258789,5303.60009765625,91.5343017578125,6978.02978515625,13.529999732971191,25342.75,16.350000381469727
2026-01-29,70.70999908447266,5318.39990234375,92.04080200195312,6969.009765625,13.369999885559082,25418.900390625,16.8799991607666
2026-01-30,70.69000244140625,4745.10009765625,91.78189849853516,6939.02978515625,13.630000114440918,25320.650390625,17.440000534057617
2026-02-02,66.30000305175781,4652.60009765625,91.68699645996094,6976.43994140625,13.869999885559082,25088.400390625,16.34000015258789
2026-02-03,67.33000183105469,4935.0,90.24559783935548,6917.81005859375,12.899999618530272,25727.55078125,18.0
2026-02-04,69.45999908447266,4950.7998046875,90.4228973388672,6882.72021484375,12.25,25776.0,18.63999938964844
2026-02-05,67.55000305175781,4889.5,90.125,6798.39990234375,12.170000076293944,25642.80078125,21.770000457763672
2026-02-06,68.05000305175781,4979.7998046875,90.3147964477539,6932.2998046875,11.9399995803833,25693.69921875,20.3700008392334
2026-02-09,69.04000091552734,5079.39990234375,90.58799743652344,6964.81982421875,12.1899995803833,25867.30078125,17.360000610351562
2026-02-10,68.80000305175781,5031.0,90.8227996826172,6941.81005859375,11.670000076293944,25935.150390625,17.790000915527344
2026-02-11,69.4000015258789,5098.5,90.58789825439452,6941.47021484375,11.550000190734863,25953.849609375,17.649999618530273
2026-02-12,67.5199966430664,4948.39990234375,90.73570251464844,6832.759765625,11.729999542236328,25807.19921875,20.81999969482422
2026-02-13,67.75,5046.2998046875,90.56410217285156,6836.169921875,13.289999961853027,25471.099609375,20.600000381469727
2026-02-16,67.75,5046.2998046875,90.57119750976562,6836.169921875,13.329999923706056,25682.75,20.600000381469727
2026-02-17,67.41999816894531,4905.89990234375,90.78299713134766,6843.22021484375,12.670000076293944,25725.400390625,20.290000915527344
2026-02-18,70.3499984741211,5009.5,90.6261978149414,6881.31005859375,12.220000267028809,25819.349609375,19.6200008392334
2026-02-19,71.66000366210938,4997.39990234375,90.7935028076172,6861.89013671875,13.460000038146973,25454.349609375,20.229999542236328
2026-02-20,71.76000213623047,5080.89990234375,91.04109954833984,6909.509765625,14.359999656677246,25571.25,19.09000015258789
2026-02-23,71.48999786376953,5225.60009765625,90.72660064697266,6837.75,14.170000076293944,25713.0,21.01000022888184
2026-02-24,70.7699966430664,5176.2998046875,91.02010345458984,6890.06982421875,14.149999618530272,25424.650390625,19.549999237060547
2026-02-25,70.8499984741211,5226.2001953125,90.91799926757812,6946.1298828125,13.489999771118164,25482.5,17.93000030517578
2026-02-26,70.75,5194.2001953125,90.95099639892578,6908.85986328125,13.0600004196167,25496.55078125,18.6299991607666
2026-02-27,72.4800033569336,5247.89990234375,91.00740051269533,6878.8798828125,13.699999809265137,25178.650390625,19.86000061035156
2026-03-02,77.73999786376953,5311.60009765625,91.07959747314452,6881.6201171875,17.1299991607666,24865.69921875,21.440000534057617
2026-03-04,81.4000015258789,5134.7001953125,92.00859832763672,6869.5,21.13999938964844,24480.5,21.149999618530277
2026-03-05,85.41000366210938,5078.7001953125,92.1230010986328,6830.7099609375,17.860000610351562,24765.900390625,23.75
2026-03-06,92.69000244140624,5158.7001953125,91.78690338134766,6740.02001953125,19.8799991607666,24450.44921875,29.489999771118164
2026-03-09,98.95999908447266,5103.7001953125,91.93620300292967,6795.990234375,23.36000061035156,24028.05078125,25.5
2026-03-10,87.80000305175781,5242.10009765625,91.220703125,6781.47998046875,18.90999984741211,24261.599609375,24.93000030517578
2026-03-11,91.9800033569336,5179.10009765625,92.16510009765624,6775.7998046875,21.059999465942383,23866.849609375,24.229999542236328
2026-03-12,100.45999908447266,5125.7998046875,92.22879791259766,6672.6201171875,21.520000457763672,23639.150390625,27.290000915527344
2026-03-13,103.13999938964844,5061.7001953125,92.38990020751952,6632.18994140625,22.649999618530277,23151.099609375,27.190000534057617
2026-03-16,100.20999908447266,5002.2001953125,92.5635986328125,6699.3798828125,21.600000381469727,23408.80078125,23.51000022888184
2026-03-17,103.41999816894533,5008.2001953125,92.28269958496094,6716.08984375,19.790000915527344,23581.150390625,22.3700008392334
2026-03-18,107.37999725341795,4896.2001953125,92.39129638671876,6624.7001953125,18.71999931335449,23777.80078125,25.09000015258789
2026-03-19,108.6500015258789,4605.7001953125,93.24659729003906,6606.490234375,22.799999237060547,23002.150390625,24.059999465942383
2026-03-20,112.19000244140624,4574.89990234375,93.0822982788086,6506.47998046875,22.809999465942383,23114.5,26.780000686645508
2026-03-23,99.94000244140624,4407.2998046875,93.89530181884766,6581.0,26.729999542236328,22512.650390625,26.149999618530277
2026-03-24,104.48999786376952,4402.0,93.2436981201172,6556.3701171875,24.739999771118164,22912.400390625,26.950000762939453
2026-03-25,102.22000122070312,4552.2998046875,94.29969787597656,6591.89990234375,24.63999938964844,23306.44921875,25.32999992370605
2026-03-27,112.56999969482422,4492.5,94.30950164794922,6368.85009765625,26.799999237060547,22819.599609375,31.049999237060547
2026-03-30,112.77999877929688,4526.0,94.78179931640624,6343.72021484375,27.88999938964844,22331.400390625,30.61000061035156
2026-04-01,101.16000366210938,4813.10009765625,93.48429870605467,6575.31982421875,25.01000022888184,22679.400390625,24.540000915527344
2026-04-02,109.02999877929688,4679.7001953125,92.6426010131836,6582.68994140625,25.520000457763672,22713.099609375,23.8700008392334
2026-04-06,109.7699966430664,4684.7001953125,92.97100067138672,6611.830078125,25.46999931335449,22968.25,24.170000076293945
2026-04-07,109.2699966430664,4684.7001953125,92.81659698486328,6616.85009765625,24.700000762939453,23123.650390625,25.780000686645508
2026-04-08,94.75,4777.2001953125,92.86019897460938,6782.81005859375,19.700000762939453,23997.349609375,21.040000915527344
2026-04-09,95.91999816894533,4818.0,92.2748031616211,6824.66015625,20.43000030517578,23775.099609375,19.489999771118164
2026-04-10,95.1999969482422,4787.39990234375,92.46980285644533,6816.89013671875,18.850000381469727,24050.599609375,19.229999542236328
2026-04-13,99.36000061035156,4767.39990234375,94.50879669189452,6886.240234375,20.5,23842.650390625,19.1200008392334
2026-04-15,94.93000030517578,4823.60009765625,93.16539764404295,7022.9501953125,18.670000076293945,24231.30078125,18.170000076293945
2026-04-16,99.38999938964844,4808.2998046875,93.38680267333984,7041.27978515625,18.09000015258789,24196.75,17.940000534057617
2026-04-17,90.37999725341795,4879.60009765625,93.0478973388672,7126.06005859375,17.209999084472656,24353.55078125,17.479999542236328
2026-04-20,95.4800033569336,4828.7998046875,92.60330200195312,7109.14013671875,18.790000915527344,24364.849609375,18.8700008392334
2026-04-21,98.4800033569336,4719.60009765625,93.12359619140624,7064.009765625,17.530000686645508,24576.599609375,19.5
2026-04-22,101.91000366210938,4753.0,93.622802734375,7137.89990234375,18.299999237060547,24378.099609375,18.920000076293945
2026-04-23,105.06999969482422,4724.0,93.80049896240234,7108.39990234375,18.59000015258789,24173.05078125,19.309999465942383
2026-04-24,105.33000183105467,4740.89990234375,94.11289978027344,7165.080078125,19.709999084472656,23897.94921875,18.709999084472656
2026-04-27,108.2300033569336,4693.7001953125,94.25029754638672,7173.91015625,18.3799991607666,24092.69921875,18.020000457763672
2026-04-28,111.26000213623048,4608.39990234375,94.2584991455078,7138.7998046875,18.049999237060547,23995.69921875,17.829999923706055
2026-04-29,118.02999877929688,4561.5,94.64550018310548,7135.9501953125,17.440000534057617,24177.650390625,18.809999465942383
2026-04-30,114.01000213623048,4629.60009765625,94.9166030883789,7209.009765625,18.459999084472656,23997.55078125,16.889999389648438
2026-05-04,114.44000244140624,4533.2998046875,94.90299987792967,7200.75,18.299999237060547,24119.30078125,18.290000915527344
2026-05-05,109.87000274658205,4568.5,95.2593994140625,7259.22021484375,17.90999984741211,24032.80078125,17.3799991607666
2026-05-06,101.2699966430664,4694.2998046875,95.18299865722656,7365.1201171875,16.68000030517578,24330.94921875,17.389999389648438
2026-05-07,100.05999755859376,4710.89990234375,94.60800170898438,7337.10986328125,16.6200008392334,24326.650390625,17.079999923706055
2026-05-08,101.29000091552734,4730.7001953125,94.25299835205078,7398.93017578125,16.84000015258789,24176.150390625,17.190000534057617
2026-05-11,104.20999908447266,4728.7001953125,94.42530059814452,7412.83984375,18.549999237060547,23815.849609375,18.3799991607666
2026-05-12,107.7699966430664,4686.7001953125,95.3914031982422,7400.9599609375,19.280000686645508,23379.55078125,17.989999771118164
2026-05-13,105.62999725341795,4706.7001953125,95.63300323486328,7444.25,19.43000030517578,23412.599609375,17.8700008392334
2026-05-14,105.72000122070312,4685.2998046875,95.69580078125,7501.240234375,18.61000061035156,23689.599609375,17.260000228881836
2026-05-15,109.26000213623048,4561.89990234375,95.70989990234376,7408.5,18.790000915527344,23643.5,18.43000030517578
2026-05-18,112.0999984741211,4558.0,95.97029876708984,7403.0498046875,19.6299991607666,23649.94921875,17.81999969482422
2026-05-19,111.27999877929688,4511.2001953125,96.27020263671876,7353.60986328125,18.68000030517578,23618.0,18.059999465942383
2026-05-20,105.0199966430664,4535.2998046875,96.56580352783205,7432.97021484375,18.440000534057617,23659.0,17.440000534057617
2026-05-21,102.58000183105467,4542.5,96.5282974243164,7445.72021484375,17.81999969482422,23654.69921875,16.760000228881836
2026-05-22,103.54000091552734,4523.2001953125,96.17389678955078,7473.47021484375,17.90999984741211,23719.30078125,16.700000762939453
2026-05-25,103.54000091552734,4523.2001953125,95.71949768066406,7473.47021484375,16.700000762939453,24031.69921875,16.59000015258789
2026-05-26,99.58000183105467,4502.2998046875,95.25279998779295,7519.1201171875,16.1299991607666,23913.69921875,17.010000228881836
2026-05-27,94.29000091552734,4448.39990234375,95.90499877929688,7520.35986328125,14.979999542236328,23907.150390625,16.290000915527344
2026-05-29,92.0500030517578,4593.0,96.04820251464844,7580.06005859375,16.190000534057617,23547.75,15.31999969482422
2026-06-01,94.9800033569336,4506.2998046875,95.00299835205078,7599.9599609375,16.540000915527344,23382.599609375,16.049999237060547
2026-06-02,96.0,4519.89990234375,95.55139923095705,7609.77978515625,15.359999656677246,23483.55078125,15.770000457763672
2026-06-03,97.80999755859376,4466.89990234375,95.26300048828124,7553.68017578125,16.280000686645508,23405.599609375,16.059999465942383
2026-06-04,95.02999877929688,4505.0,96.16449737548828,7584.31005859375,15.890000343322754,23416.55078125,15.399999618530272
2026-06-05,93.08999633789062,4365.2998046875,95.79029846191406,7383.740234375,15.789999961853027,23366.69921875,21.51000022888184
2026-06-08,94.25,4363.39990234375,94.95030212402344,7405.72998046875,17.030000686645508,23123.0,18.920000076293945
2026-06-09,91.4499969482422,4286.39990234375,95.68830108642578,7386.64990234375,15.579999923706056,23242.099609375,19.8700008392334
2026-06-10,93.0999984741211,4133.2998046875,95.36029815673828,7266.990234375,15.630000114440918,23214.94921875,22.21999931335449
2026-06-11,90.37999725341795,4114.0,95.64450073242188,7394.2998046875,15.609999656677246,23161.599609375,19.440000534057617
2026-06-12,87.33000183105469,4238.7998046875,95.76010131835938,7431.4599609375,14.720000267028809,23622.900390625,17.68000030517578
2026-06-15,83.16999816894531,4351.60009765625,95.11029815673828,7554.2900390625,14.350000381469728,23853.900390625,16.200000762939453
2026-06-16,78.95999908447266,4354.39990234375,94.74169921875,7511.35009765625,13.359999656677246,23989.150390625,16.40999984741211
2026-06-17,79.55000305175781,4381.39990234375,94.88860321044922,7420.10009765625,13.1899995803833,24085.69921875,18.440000534057617
2026-06-18,79.8499984741211,4245.89990234375,94.85890197753906,7500.580078125,12.670000076293944,24168.0,16.399999618530273
2026-06-19,79.8499984741211,4245.89990234375,94.33989715576172,7500.580078125,12.970000267028809,24013.099609375,16.399999618530273
2026-06-22,77.9000015258789,4202.7001953125,94.3302993774414,7472.7900390625,12.84000015258789,24102.900390625,17.280000686645508
2026-06-23,77.08000183105469,4149.39990234375,94.70059967041016,7365.4599609375,13.9399995803833,23824.099609375,19.489999771118164
2026-06-24,73.73999786376953,4008.800048828125,95.18370056152344,7358.22021484375,13.390000343322754,24021.650390625,18.6299991607666
2026-06-25,75.26000213623047,4047.60009765625,94.4406967163086,7357.490234375,13.050000190734863,24056.0,18.88999938964844
2026-06-29,73.1500015258789,4038.89990234375,94.36029815673828,7440.43017578125,13.609999656677246,23946.25,17.649999618530273
2026-06-30,72.91999816894531,4038.5,94.79049682617188,7499.35986328125,13.600000381469728,23865.75,16.450000762939453
2026-07-01,71.56999969482422,4082.39990234375,94.91799926757812,7483.22998046875,13.239999771118164,24005.849609375,16.59000015258789
2026-07-02,71.80000305175781,4125.7001953125,95.4175033569336,7483.240234375,12.289999961853027,24175.69921875,16.149999618530273
2026-07-03,71.80000305175781,4125.7001953125,95.527099609375,7483.240234375,11.800000190734863,24270.849609375,16.149999618530273
2026-07-06,71.98999786376953,4167.5,95.2147979736328,7537.43017578125,11.81999969482422,24430.349609375,15.56999969482422
2026-07-07,74.16000366210938,4157.39990234375,95.60350036621094,7503.85009765625,11.649999618530272,24398.69921875,16.1299991607666
2026-07-08,78.0199966430664,4082.39990234375,95.59339904785156,7482.7099609375,14.68000030517578,23882.05078125,16.899999618530273
2026-07-09,76.30000305175781,4140.7998046875,95.86180114746094,7543.64013671875,13.359999656677246,23962.80078125,15.84000015258789
2026-07-10,76.01000213623047,4113.7001953125,95.39019775390624,7575.39013671875,12.25,24206.900390625,15.029999732971191
2026-07-13,83.30000305175781,4005.699951171875,95.3249969482422,7515.33984375,13.279999732971191,24211.0,17.15999984741211
2026-07-14,84.7300033569336,4069.699951171875,96.29889678955078,7543.58984375,13.75,24052.05078125,16.5
2026-07-15,84.94999694824219,4051.800048828125,96.42530059814452,7572.39990234375,13.270000457763672,24078.5,15.670000076293944
2026-07-16,84.2300033569336,3992.10009765625,96.49859619140624,7533.77001953125,12.880000114440918,24072.75,16.729999542236328
2026-07-17,88.0999984741211,4018.800048828125,96.6521987915039,7457.68994140625,13.149999618530272,24334.30078125,18.770000457763672
2026-07-20,89.22000122070312,4015.89990234375,96.28479766845705,7443.27978515625,12.979999542236328,24238.5,18.649999618530277
2026-07-21,91.01000213623048,4076.39990234375,96.4896011352539,7509.2001953125,12.600000381469728,24187.69921875,17.049999237060547
2026-07-22,94.06999969482422,4151.89990234375,96.34089660644533,7498.9599609375,13.289999961853027,23996.25,16.639999389648438
2026-07-23,100.69000244140624,4050.199951171875,96.55709838867188,7408.2998046875,13.479999542236328,23869.599609375,18.700000762939453
2026-07-24,96.77999877929688,4070.800048828125,96.87689971923828,7411.97998046875,14.029999732971191,23767.44921875,18.57999992370605
2026-07-27,88.36000061035156,4077.0,96.56729888916016,7413.18017578125,12.65999984741211,23995.94921875,18.670000076293945
2026-07-28,84.08999633789062,4038.699951171875,95.77410125732422,7428.77978515625,12.5600004196167,23985.349609375,18.209999084472656
2026-07-29,90.73999786376952,4036.300048828125,95.59870147705078,7316.14990234375,12.010000228881836,24250.19921875,20.65999984741211
2026-07-30,89.02999877929688,4100.10009765625,95.72859954833984,7437.6298828125,12.15999984741211,24317.150390625,17.09000015258789
2026-07-31,90.12000274658205,4107.0,95.68479919433594,7489.72021484375,11.760000228881836,24383.599609375,15.989999771118164
2026-08-03,83.7699966430664,4090.5,95.4021987915039,7600.5,11.93000030517578,24774.30078125,15.859999656677246
2026-08-04,79.36000061035156,4152.60009765625,95.33159637451172,7736.52001953125,12.1899995803833,24614.900390625,16.5
2026-08-05,79.44999694824219,4305.2001953125,95.09719848632812,7723.5498046875,12.0600004196167,24624.650390625,15.8100004196167
2026-08-06,82.48999786376953,4299.60009765625,95.07730102539062,7709.9599609375,12.15999984741211,24636.0,15.149999618530272
2026-08-07,83.55000305175781,4399.7001953125,95.31189727783205,7757.64013671875,12.15999984741211,24570.650390625,14.899999618530272
2026-08-10,87.72000122070312,4419.7001953125,95.21029663085938,7753.10986328125,12.25,24583.80078125,15.460000038146973
2026-08-11,88.91000366210938,4441.10009765625,95.39669799804688,7728.2001953125,11.859999656677246,24471.69921875,15.279999732971191
2026-08-12,88.9800033569336,4467.5,95.37989807128906,7748.5,11.6899995803833,24435.94921875,14.550000190734863
2026-08-13,87.06999969482422,4420.39990234375,95.34429931640624,7798.990234375,11.420000076293944,24395.849609375,14.630000114440918
2026-08-14,88.5199966430664,4437.2998046875,95.40119934082033,7785.759765625,11.3100004196167,24366.0,14.25
2026-08-17,90.87000274658205,4473.7001953125,95.45030212402344,7745.06005859375,11.329999923706056,24287.650390625,15.1899995803833
2026-08-18,91.0199966430664,4420.60009765625,95.69409942626952,7691.759765625,11.390000343322754,24154.900390625,15.84000015258789
2026-08-19,91.62000274658205,4545.2998046875,95.81639862060548,7707.97998046875,11.31999969482422,24078.30078125,14.890000343322754
2026-08-20,93.77999877929688,4571.39990234375,95.49600219726562,7641.16015625,10.760000228881836,24231.849609375,16.010000228881836
2026-08-21,94.38999938964844,4680.60009765625,95.77220153808594,7674.3701171875,11.199999809265137,24252.0,15.130000114440918
2026-08-24,92.16999816894533,4697.7998046875,95.70030212402344,7652.85986328125,11.529999732971191,24219.05078125,15.850000381469728
2026-08-25,88.58000183105469,4694.5,95.7230987548828,7677.27978515625,11.079999923706056,24334.55078125,15.449999809265137
2026-08-26,87.83999633789062,4653.2998046875,93.5460968017578,7675.7001953125,10.56999969482422,24207.75,15.210000038146973
2026-08-27,89.69999694824219,4664.0,95.4302978515625,7730.990234375,11.06999969482422,24090.849609375,14.510000228881836
2026-08-28,89.30999755859375,4529.89990234375,95.47039794921876,7711.759765625,10.68000030517578,24175.650390625,14.43000030517578
2026-08-31,90.48999786376952,4481.5,95.38030242919922,7686.14013671875,11.1899995803833,24080.400390625,14.920000076293944
2026-09-01,94.6500015258789,4396.39990234375,95.1144027709961,7631.47021484375,11.489999771118164,24055.80078125,16.34000015258789
2026-09-02,95.62999725341795,4414.60009765625,94.9552001953125,7666.60009765625,11.59000015258789,23914.44921875,15.199999809265137
2026-09-03,95.5199966430664,4539.89990234375,94.48770141601562,7747.7099609375,11.34000015258789,23873.44921875,14.31999969482422
2026-09-04,96.27999877929688,4476.60009765625,94.49490356445312,7718.60009765625,10.68000030517578,23897.69921875,14.529999732971191
2026-09-07,96.27999877929688,4476.60009765625,94.4302978515625,7718.60009765625,11.15999984741211,23779.150390625,15.300000190734863
2026-09-08,97.91999816894533,4439.0,94.4918975830078,7673.52001953125,11.229999542236328,23635.099609375,15.720000267028809
2026-09-09,101.20999908447266,4460.7001953125,94.822998046875,7636.35986328125,11.920000076293944,23431.5,16.459999084472656
2026-09-10,107.62999725341795,4407.2998046875,95.11180114746094,7591.7001953125,11.800000190734863,23477.80078125,17.84000015258789
2026-09-11,104.61000061035156,4408.89990234375,95.69450378417967,7656.97998046875,12.289999961853027,23398.099609375,15.84000015258789
2026-09-15,108.75,4332.7998046875,95.8354034423828,7585.72998046875,13.43000030517578,23118.599609375,17.200000762939453
2026-09-16,105.83000183105467,4387.5,95.9926986694336,7551.81005859375,13.170000076293944,23217.599609375,17.709999084472656
2026-09-17,104.81999969482422,4399.7001953125,96.1323013305664,7637.759765625,12.289999961853027,23270.599609375,15.4399995803833
2026-09-18,99.29000091552734,4424.89990234375,95.79920196533205,7650.5,11.390000343322754,23346.400390625,14.8100004196167
